step,day,field,title,unit,domain,n_columns,rmse,relative_rmse_percent,mean_abs_error,max_abs_error,max_index,max_lat,max_lon,max_torch,max_fortran,torch_swe_at_max,fortran_swe_at_max,torch_snow_fraction_at_max,fortran_snow_fraction_at_max
8,1.0,avg_skin_t,Surface temperature,K,all_columns,97709,7.0316550298611625e-06,2.6970999879665375e-06,5.783486184281331e-06,1.5258360576808627e-05,59829,39.04999923706055,80.35000610351562,260.5440216068738,260.5440368652344,0.0,0.0,0.0,0.0
8,1.0,soil_t_l1,"Soil temperature, layer 1",K,all_columns,97709,7.349179820000619e-06,2.802912522975036e-06,6.079070011269385e-06,1.5258570385867642e-05,82312,44.150001525878906,87.55000305175781,259.05564880349226,259.0556335449219,0.0,0.0,0.0,0.0
8,1.0,soil_t_l2,"Soil temperature, layer 2",K,all_columns,97709,7.566143003966713e-06,2.8765375544050884e-06,6.288425161938915e-06,1.5258518260452547e-05,17281,29.049999237060547,108.25,277.1367950442161,277.1368103027344,0.0,0.0,0.0,0.0
8,1.0,soil_t_l3,"Soil temperature, layer 3",K,all_columns,97709,7.5417368891968255e-06,2.8708884143209404e-06,6.27182204080457e-06,1.5258663722761412e-05,21895,30.25,97.6500015258789,257.6414947511019,257.6415100097656,0.37293501773551657,0.372935026884079,0.03729350177355166,0.0372935026884079
8,1.0,soil_t_l4,"Soil temperature, layer 4",K,all_columns,97709,7.2998995547792585e-06,2.782053620016953e-06,6.006964337807629e-06,1.5258613530022558e-05,115,18.950000762939453,108.85000610351562,285.00288391130834,285.0028991699219,0.0,0.0,0.0,0.0
8,1.0,soil_w_l1,"Soil water, layer 1",kg m-2,all_columns,97709,5.501396118935371e-07,1.903131326796349e-06,4.763122977762862e-07,9.536708382995585e-07,94372,49.04999923706055,125.25,29.99838352203717,29.998384475708008,0.6867162900398616,0.6867163181304932,0.06373777759656861,0.06373777954100784
8,1.0,soil_w_l2,"Soil water, layer 2",kg m-2,all_columns,97709,2.197053991105361e-06,2.7496775994715063e-06,1.8976951542048535e-06,3.8146794878457513e-06,96539,51.349998474121094,125.95000457763672,79.99991226198067,79.99991607666016,0.037131052967531344,0.03713105246424675,0.003713105296753134,0.003713105246424675
8,1.0,soil_w_l3,"Soil water, layer 3",kg m-2,all_columns,97709,4.39091498494536e-06,2.4261355445436746e-06,3.7920157647211095e-06,7.629357668292869e-06,3370,23.549999237060547,120.65000915527344,183.65555572513452,183.6555633544922,0.0,0.0,0.0,0.0
8,1.0,soil_w_l4,"Soil water, layer 4",kg m-2,all_columns,97709,8.760556707089735e-06,2.9200333394430142e-06,7.593852496995048e-06,1.5258781218108197e-05,18593,29.450000762939453,85.25,299.99995422364066,299.9999694824219,0.0,0.0,0.0,0.0
8,1.0,snow_w,Snow water equivalent,kg m-2,all_columns,97709,9.599557068812796e-09,2.131192460516409e-06,1.1099299873501954e-09,1.0575462212614184e-06,15282,28.549999237060547,95.45000457763672,40.05295668498763,40.052955627441406,40.05295668498763,40.052955627441406,1.0,1.0
8,1.0,snow_w,Snow water equivalent,kg m-2,snow_present,18763,2.1906214698654033e-08,2.131192460516409e-06,5.780000486809159e-09,1.0575462212614184e-06,15282,28.549999237060547,95.45000457763672,40.05295668498763,40.052955627441406,40.05295668498763,40.052955627441406,1.0,1.0
8,1.0,snow_w,Snow water equivalent,kg m-2,snow_fraction_gt_1e-3,18165,2.226385685947408e-08,2.1311918901634355e-06,5.9662839913471405e-09,1.0575462212614184e-06,15282,28.549999237060547,95.45000457763672,40.05295668498763,40.052955627441406,40.05295668498763,40.052955627441406,1.0,1.0
8,1.0,snow_t,Snow temperature,K,all_columns,97709,3.8591810890594996e-06,1.4460619051205724e-06,3.71901460042241e-06,1.5186438247383194e-05,26847,31.450000762939453,87.55000305175781,262.3857878915164,262.3857727050781,0.07081980657475796,0.07081981003284454,0.005386303633770678,0.005386303768706139
8,1.0,snow_t,Snow temperature,K,snow_present,18763,4.596719575674035e-06,1.926333859544266e-06,3.958445496373177e-06,1.5186438247383194e-05,26847,31.450000762939453,87.55000305175781,262.3857878915164,262.3857727050781,0.07081980657475796,0.07081981003284454,0.005386303633770678,0.005386303768706139
8,1.0,snow_t,Snow temperature,K,snow_fraction_gt_1e-3,18165,4.600145523054588e-06,1.928075785765784e-06,3.960181602976265e-06,1.5186438247383194e-05,26847,31.450000762939453,87.55000305175781,262.3857878915164,262.3857727050781,0.07081980657475796,0.07081981003284454,0.005386303633770678,0.005386303768706139
8,1.0,snow_rho,Snow density,kg m-3,all_columns,97709,9.238692279416669e-07,9.092770744805708e-07,3.103764417306927e-07,7.599604714414454e-06,27690,31.650001525878906,86.6500015258789,139.59871676562966,139.59872436523438,0.11666331669741062,0.11666331440210342,0.00835704792998026,0.008357047310609754
8,1.0,snow_rho,Snow density,kg m-3,snow_present,18763,2.1082720291877854e-06,1.9503629162617287e-06,1.616296527477709e-06,7.599604714414454e-06,27690,31.650001525878906,86.6500015258789,139.59871676562966,139.59872436523438,0.11666331669741062,0.11666331440210342,0.00835704792998026,0.008357047310609754
8,1.0,snow_rho,Snow density,kg m-3,snow_fraction_gt_1e-3,18165,2.105283124948489e-06,1.9486667823250515e-06,1.6086175172795218e-06,7.599604714414454e-06,27690,31.650001525878906,86.6500015258789,139.59871676562966,139.59872436523438,0.11666331669741062,0.11666331440210342,0.00835704792998026,0.008357047310609754
8,1.0,snow_alb,Snow albedo,1,all_columns,97709,2.299394248723559e-08,2.7322876875045593e-06,2.2522832327391914e-08,2.9800307665972525e-08,82957,44.35000228881836,82.1500015258789,0.7840416133383631,0.7840415835380554,0.23844037892680783,0.2384403795003891,0.022751048611086927,0.022751047906177723
8,1.0,snow_alb,Snow albedo,1,snow_present,18763,1.9016528526550586e-08,2.362008562803507e-06,1.697298446671577e-08,2.9800307665972525e-08,82957,44.35000228881836,82.1500015258789,0.7840416133383631,0.7840415835380554,0.23844037892680783,0.2384403795003891,0.022751048611086927,0.022751047906177723
8,1.0,snow_alb,Snow albedo,1,snow_fraction_gt_1e-3,18165,1.8873639364574893e-08,2.34401616200997e-06,1.681245473506988e-08,2.9800307665972525e-08,82957,44.35000228881836,82.1500015258789,0.7840416133383631,0.7840415835380554,0.23844037892680783,0.2384403795003891,0.022751048611086927,0.022751047906177723
16,2.0,avg_skin_t,Surface temperature,K,all_columns,97709,7.0478844600044036e-06,2.7043873473097594e-06,5.793704712353607e-06,1.5258659004757646e-05,69868,41.150001525878906,79.05000305175781,257.6891021727215,257.6890869140625,0.0,0.0,0.0,0.0
16,2.0,soil_t_l1,"Soil temperature, layer 1",K,all_columns,97709,7.398101846272463e-06,2.8207509658438266e-06,6.138490911494735e-06,1.5258545488450181e-05,66054,40.35000228881836,83.95000457763672,257.4208526613764,257.4208679199219,0.0,0.0,0.0,0.0
16,2.0,soil_t_l2,"Soil temperature, layer 2",K,all_columns,97709,7.590593894758111e-06,2.884071571333487e-06,6.3168403660490385e-06,1.5258405653639784e-05,51073,37.04999923706055,106.05000305175781,266.43128967323497,266.4313049316406,0.0,0.0,0.0,0.0
16,2.0,soil_t_l3,"Soil temperature, layer 3",K,all_columns,97709,7.6167865933363725e-06,2.89669104166175e-06,6.3409001827063354e-06,1.5258720907240786e-05,23705,30.650001525878906,114.95000457763672,277.49006652825216,277.49005126953125,0.0,0.0,0.0,0.0
16,2.0,soil_t_l4,"Soil temperature, layer 4",K,all_columns,97709,7.435763217624406e-06,2.8337016907593126e-06,6.173522923345244e-06,1.5258364555847947e-05,52594,37.35000228881836,115.55000305175781,270.59022522015107,270.5902404785156,0.0,0.0,0.0,0.0
16,2.0,soil_w_l1,"Soil water, layer 1",kg m-2,all_columns,97709,5.488825486297557e-07,1.91056735887327e-06,4.7516526767178683e-07,9.536698009071642e-07,14417,28.25,119.05000305175781,26.4405450820968,26.4405460357666,0.0,0.0,0.0,0.0
16,2.0,soil_w_l2,"Soil water, layer 2",kg m-2,all_columns,97709,2.2043477313913867e-06,2.7744512919335687e-06,1.9095452244448725e-06,3.814692121295593e-06,13417,28.049999237060547,87.75,79.99958419800319,79.99958801269531,0.23986753781851008,0.23986753821372986,0.01999006794784935,0.019990068501610114
16,2.0,soil_w_l3,"Soil water, layer 3",kg m-2,all_columns,97709,4.400588863063492e-06,2.422218151052043e-06,3.8076790526751384e-06,7.629241082440785e-06,19243,29.549999237060547,111.25,186.84996795638952,186.84996032714844,0.0,0.0,0.0,0.0
16,2.0,soil_w_l4,"Soil water, layer 4",kg m-2,all_columns,97709,8.789381224930892e-06,2.9294558391225844e-06,7.614344386719005e-06,1.5258768257808697e-05,90561,47.04999923706055,124.85000610351562,299.99925231931513,299.9992370605469,0.047534596311481006,0.04753459617495537,0.004430277283318388,0.004430277385413867
16,2.0,snow_w,Snow water equivalent,kg m-2,all_columns,97709,1.7718604733962973e-08,2.505841788668034e-06,3.0365872872677863e-09,1.3445781519294542e-06,15654,28.650001525878906,95.55000305175781,41.59190997133982,41.59191131591797,41.59190997133982,41.59191131591797,1.0,1.0
16,2.0,snow_w,Snow water equivalent,kg m-2,snow_present,31197,3.135742468367483e-08,2.505841788668034e-06,9.510590994378762e-09,1.3445781519294542e-06,15654,28.650001525878906,95.55000305175781,41.59190997133982,41.59191131591797,41.59190997133982,41.59191131591797,1.0,1.0
16,2.0,snow_w,Snow water equivalent,kg m-2,snow_fraction_gt_1e-3,29773,3.2098526244040703e-08,2.5058416592716865e-06,9.958021562315048e-09,1.3445781519294542e-06,15654,28.650001525878906,95.55000305175781,41.59190997133982,41.59191131591797,41.59190997133982,41.59191131591797,1.0,1.0
16,2.0,snow_t,Snow temperature,K,all_columns,97709,4.251825034985834e-06,1.6093436858670667e-06,3.901324234877936e-06,1.5253731532993697e-05,39681,34.45000076293945,103.95000457763672,262.18940735369034,262.1894226074219,0.02381334602447318,0.023813346400856972,0.00200600748839474,0.002006007579417567
16,2.0,snow_t,Snow temperature,K,snow_present,31197,5.294147542968795e-06,2.169835968498125e-06,4.411330338789846e-06,1.5253731532993697e-05,39681,34.45000076293945,103.95000457763672,262.18940735369034,262.1894226074219,0.02381334602447318,0.023813346400856972,0.00200600748839474,0.002006007579417567
16,2.0,snow_t,Snow temperature,K,snow_fraction_gt_1e-3,29773,5.311965876105004e-06,2.173069738731854e-06,4.424855843909372e-06,1.5253731532993697e-05,39681,34.45000076293945,103.95000457763672,262.18940735369034,262.1894226074219,0.02381334602447318,0.023813346400856972,0.00200600748839474,0.002006007579417567
16,2.0,snow_rho,Snow density,kg m-3,all_columns,97709,1.350239020124202e-06,1.2869491359828504e-06,5.864688311205952e-07,7.6253787142377405e-06,42240,35.04999923706055,111.65000915527344,129.05817412928496,129.05816650390625,0.26720900828781585,0.267208993434906,0.020704539645829582,0.02070453971828418
16,2.0,snow_rho,Snow density,kg m-3,snow_present,31197,2.3895797109433985e-06,2.083315785211237e-06,1.8368203038741621e-06,7.6253787142377405e-06,42240,35.04999923706055,111.65000915527344,129.05817412928496,129.05816650390625,0.26720900828781585,0.267208993434906,0.020704539645829582,0.02070453971828418
16,2.0,snow_rho,Snow density,kg m-3,snow_fraction_gt_1e-3,29773,2.375946054385844e-06,2.0792039734697973e-06,1.8212314485034105e-06,7.6253787142377405e-06,42240,35.04999923706055,111.65000915527344,129.05817412928496,129.05816650390625,0.26720900828781585,0.267208993434906,0.020704539645829582,0.02070453971828418
16,2.0,snow_alb,Snow albedo,1,all_columns,97709,2.1956502962972213e-08,2.6412017495047504e-06,2.1028458308473165e-08,2.9796742850862756e-08,91030,47.25,131.75,0.7297110259477133,0.7297109961509705,0.22836960650656643,0.2283696085214615,0.017206725564611308,0.017206725702450743
16,2.0,snow_alb,Snow albedo,1,snow_present,31197,1.7262618710446457e-08,2.1851995884222896e-06,1.5030290671071867e-08,2.9796742850862756e-08,91030,47.25,131.75,0.7297110259477133,0.7297109961509705,0.22836960650656643,0.2283696085214615,0.017206725564611308,0.017206725702450743
16,2.0,snow_alb,Snow albedo,1,snow_fraction_gt_1e-3,29773,1.7356564646593447e-08,2.19293155903596e-06,1.5122634258137322e-08,2.9796742850862756e-08,91030,47.25,131.75,0.7297110259477133,0.7297109961509705,0.22836960650656643,0.2283696085214615,0.017206725564611308,0.017206725702450743
24,3.0,avg_skin_t,Surface temperature,K,all_columns,97709,6.914564347329903e-06,2.6655985324864003e-06,5.6805273932572784e-06,1.5258508256010828e-05,2023,22.850000381469727,116.45000457763672,291.14479064913326,291.144775390625,0.0,0.0,0.0,0.0
24,3.0,soil_t_l1,"Soil temperature, layer 1",K,all_columns,97709,7.305236452906053e-06,2.7927517851488983e-06,6.04358215001489e-06,1.5258600228662544e-05,33539,32.95000076293945,116.65000915527344,274.4284515378971,274.4284362792969,25.123797078960617,25.123796463012695,1.0,1.0
24,3.0,soil_t_l2,"Soil temperature, layer 2",K,all_columns,97709,7.554576572536169e-06,2.874448017383775e-06,6.282127716285632e-06,1.5258768712556048e-05,73048,41.75,103.35000610351562,259.30912780759684,259.3091125488281,0.3823695145551778,0.3823695182800293,0.033997423430486305,0.033997423429218104
24,3.0,soil_t_l3,"Soil temperature, layer 3",K,all_columns,97709,7.614122535225671e-06,2.8941271632262534e-06,6.342653430523086e-06,1.5258472956247715e-05,42589,35.150001525878906,105.05000305175781,269.1278839108167,269.12786865234375,3.8731625315790423,3.8731625080108643,0.25832388699310677,0.2583238820994865
24,3.0,soil_t_l4,"Soil temperature, layer 4",K,all_columns,97709,7.455834973791612e-06,2.8411729339260717e-06,6.186902529476333e-06,1.5258740347690036e-05,80503,43.54999923706055,130.95001220703125,257.609695434619,257.6097106933594,0.02377604291645822,0.023776043206453323,0.0019239801726511638,0.0019239802399280347
24,3.0,soil_w_l1,"Soil water, layer 1",kg m-2,all_columns,97709,5.476375478954578e-07,1.9020151882354675e-06,4.7542703365093646e-07,9.536713356794735e-07,61767,39.45000076293945,88.45000457763672,29.991633415219187,29.99163246154785,0.0,0.0,0.0,0.0
24,3.0,soil_w_l2,"Soil water, layer 2",kg m-2,all_columns,97709,2.2073607865348845e-06,2.7722249004948197e-06,1.9124755883470013e-06,3.814521420508754e-06,36642,33.75,91.75,79.26240921038092,79.26241302490234,0.0,0.0,0.0,0.0
24,3.0,soil_w_l3,"Soil water, layer 3",kg m-2,all_columns,97709,4.40412588890453e-06,2.410626904463053e-06,3.815313716958437e-06,7.629377734019727e-06,33534,32.95000076293945,116.15000915527344,187.93299102781523,187.9329833984375,13.460851074320846,13.460850715637207,0.8932966910222503,0.8932966799676693
24,3.0,soil_w_l4,"Soil water, layer 4",kg m-2,all_columns,97709,8.828657892071686e-06,2.9423258292832344e-06,7.649435562427557e-06,1.5258506437021424e-05,91621,47.54999923706055,130.15000915527344,299.91807556180606,299.9180908203125,0.04615348662749035,0.046153485774993896,0.003378432395229043,0.0033784323151881943
24,3.0,snow_w,Snow water equivalent,kg m-2,all_columns,97709,1.62725541230011e-07,2.4968640389441825e-06,2.7369235638935677e-08,7.5499249305721605e-06,24523,30.850000381469727,112.95000457763672,143.66812888781556,143.66812133789062,143.66812888781556,143.66812133789062,1.0,1.0
24,3.0,snow_w,Snow water equivalent,kg m-2,snow_present,46226,2.365809936303865e-07,2.4968640389441825e-06,5.785100690183374e-08,7.5499249305721605e-06,24523,30.850000381469727,112.95000457763672,143.66812888781556,143.66812133789062,143.66812888781556,143.66812133789062,1.0,1.0
24,3.0,snow_w,Snow water equivalent,kg m-2,snow_fraction_gt_1e-3,43290,2.4447204520049844e-07,2.4968640399835987e-06,6.176371808973625e-08,7.5499249305721605e-06,24523,30.850000381469727,112.95000457763672,143.66812888781556,143.66812133789062,143.66812888781556,143.66812133789062,1.0,1.0
24,3.0,snow_t,Snow temperature,K,all_columns,97709,4.8539605637648655e-06,1.8530513067347099e-06,4.225842901193524e-06,1.5258717894539586e-05,47900,36.35000228881836,113.55000305175781,261.2934417725321,261.29345703125,0.08408711421661662,0.08408711105585098,0.007898622288992227,0.007898621716380515
24,3.0,snow_t,Snow temperature,K,snow_present,46226,5.904668159675211e-06,2.37269971768166e-06,4.853686418189757e-06,1.5258717894539586e-05,47900,36.35000228881836,113.55000305175781,261.2934417725321,261.29345703125,0.08408711421661662,0.08408711105585098,0.007898622288992227,0.007898621716380515
24,3.0,snow_t,Snow temperature,K,snow_fraction_gt_1e-3,43290,5.968188848653027e-06,2.393105272930316e-06,4.903475873706932e-06,1.5258717894539586e-05,47900,36.35000228881836,113.55000305175781,261.2934417725321,261.29345703125,0.08408711421661662,0.08408711105585098,0.007898622288992227,0.007898621716380515
24,3.0,snow_rho,Snow density,kg m-3,all_columns,97709,2.1256187643351467e-06,1.9050028240415345e-06,1.1622912300153457e-06,7.629151241417276e-06,18338,29.350000381469727,98.55000305175781,152.51917266870032,152.51918029785156,0.5757941859435448,0.5757941603660583,0.03775224949549626,0.03775224593009232
24,3.0,snow_rho,Snow density,kg m-3,snow_present,46226,3.090363046542189e-06,2.5083290493254013e-06,2.4567627264649635e-06,7.629151241417276e-06,18338,29.350000381469727,98.55000305175781,152.51917266870032,152.51918029785156,0.5757941859435448,0.5757941603660583,0.03775224949549626,0.03775224593009232
24,3.0,snow_rho,Snow density,kg m-3,snow_fraction_gt_1e-3,43290,3.0524047252629e-06,2.4879490216591998e-06,2.420699818159027e-06,7.629151241417276e-06,18338,29.350000381469727,98.55000305175781,152.51917266870032,152.51918029785156,0.5757941859435448,0.5757941603660583,0.03775224949549626,0.03775224593009232
24,3.0,snow_alb,Snow albedo,1,all_columns,97709,2.099531256582092e-08,2.563912295968554e-06,1.9600203282768495e-08,2.979987323570299e-08,27378,31.549999237060547,97.95000457763672,0.8001400530362779,0.8001400828361511,0.2538242544844077,0.25382426381111145,0.02138939736858852,0.021389398198164777
24,3.0,snow_alb,Snow albedo,1,snow_present,46226,1.7281707466252196e-08,2.2077872765108636e-06,1.4876171215859051e-08,2.979987323570299e-08,27378,31.549999237060547,97.95000457763672,0.8001400530362779,0.8001400828361511,0.2538242544844077,0.25382426381111145,0.02138939736858852,0.021389398198164777
24,3.0,snow_alb,Snow albedo,1,snow_fraction_gt_1e-3,43290,1.7280560892430525e-08,2.2003924087785843e-06,1.4881158440004084e-08,2.979987323570299e-08,27378,31.549999237060547,97.95000457763672,0.8001400530362779,0.8001400828361511,0.2538242544844077,0.25382426381111145,0.02138939736858852,0.021389398198164777
32,4.0,avg_skin_t,Surface temperature,K,all_columns,97709,6.89797741965575e-06,2.6622472615424174e-06,5.665217911749864e-06,1.5258641724358313e-05,54313,37.75,102.55000305175781,265.7564849852042,265.7564697265625,0.48554092377720837,0.4855409264564514,0.0321094681509591,0.03210946923110922
32,4.0,soil_t_l1,"Soil temperature, layer 1",K,all_columns,97709,7.318024140968718e-06,2.798313459676231e-06,6.062441411739721e-06,1.525818282743785e-05,63684,39.85000228881836,89.55000305175781,261.2723846441609,261.27239990234375,0.023743848665514412,0.023743849247694016,0.0016428784424413023,0.0016428785571518487
32,4.0,soil_t_l2,"Soil temperature, layer 2",K,all_columns,97709,7.5973081872368866e-06,2.8910598358214786e-06,6.3247589181101645e-06,1.5258773885307164e-05,91435,47.45000076293945,131.95001220703125,259.164840698227,259.1648254394531,0.19867305656542852,0.1986730545759201,0.013174277024865268,0.013174277544881022
32,4.0,soil_t_l3,"Soil temperature, layer 3",K,all_columns,97709,7.646121170487685e-06,2.905146991958628e-06,6.374080001046281e-06,1.5258604491918959e-05,43012,35.25,105.85000610351562,266.0390472413955,266.0390625,0.47190737951529454,0.471907377243042,0.030886504299984446,0.03088650379613238
32,4.0,soil_t_l4,"Soil temperature, layer 4",K,all_columns,97709,7.453804289868687e-06,2.8401948036078434e-06,6.183675115938907e-06,1.5258457437994366e-05,56571,38.25,107.65000915527344,261.2712860110738,261.27130126953125,2.8401608763125976,2.840160846710205,0.21107029359162774,0.21107029313645678
32,4.0,soil_w_l1,"Soil water, layer 1",kg m-2,all_columns,97709,5.508713890425442e-07,1.925780462557891e-06,4.772543649758948e-07,9.536725009695601e-07,26732,31.35000228881836,119.05000305175781,28.34303188324156,28.343032836914062,3.986012261583671,3.9860122203826904,0.353412317366272,0.3534123208618788
32,4.0,soil_w_l2,"Soil water, layer 2",kg m-2,all_columns,97709,2.205486001653826e-06,2.78179425674707e-06,1.9101219529794942e-06,3.814684731651141e-06,8470,25.950000762939453,107.65000915527344,78.76630020142855,78.76630401611328,0.2676381076459918,0.26763811707496643,0.02074217282345848,0.020742172537735467
32,4.0,soil_w_l3,"Soil water, layer 3",kg m-2,all_columns,97709,4.413266808679119e-06,2.4048597465526982e-06,3.825808955168185e-06,7.629363324213045e-06,57301,38.45000076293945,94.25,179.99954986575386,179.9995574951172,0.0,0.0,0.0,0.0
32,4.0,soil_w_l4,"Soil water, layer 4",kg m-2,all_columns,97709,8.837957271726257e-06,2.9451527621213893e-06,7.664429022481242e-06,1.525851365613562e-05,21490,30.150001525878906,97.45000457763672,299.9998321535957,299.9998474121094,0.15472079480642295,0.15472079813480377,0.010174108491249051,0.010174108651742614
32,4.0,snow_w,Snow water equivalent,kg m-2,all_columns,97709,1.8452680259097345e-07,2.419507048876681e-06,3.505248703186606e-08,7.618558043986923e-06,24523,30.850000381469727,112.95000457763672,148.85681916366852,148.85682678222656,148.85681916366852,148.85682678222656,1.0,1.0
32,4.0,snow_w,Snow water equivalent,kg m-2,snow_present,51338,2.5457002661638643e-07,2.419507048876681e-06,6.671361282851431e-08,7.618558043986923e-06,24523,30.850000381469727,112.95000457763672,148.85681916366852,148.85682678222656,148.85681916366852,148.85682678222656,1.0,1.0
32,4.0,snow_w,Snow water equivalent,kg m-2,snow_fraction_gt_1e-3,46160,2.6846880402660697e-07,2.4195070489141273e-06,7.418080419203509e-08,7.618558043986923e-06,24523,30.850000381469727,112.95000457763672,148.85681916366852,148.85682678222656,148.85681916366852,148.85682678222656,1.0,1.0
32,4.0,snow_t,Snow temperature,K,all_columns,97709,5.168479443233627e-06,1.9720324004365592e-06,4.4169600829047464e-06,1.5257855295658374e-05,55209,37.95000076293945,103.05000305175781,268.6809539785584,268.6809387207031,0.5473448380195358,0.5473448634147644,0.0357759821812055,0.03577598303610602
32,4.0,snow_t,Snow temperature,K,snow_present,51338,6.2232082163559064e-06,2.4727573174332785e-06,5.098778294288924e-06,1.5257855295658374e-05,55209,37.95000076293945,103.05000305175781,268.6809539785584,268.6809387207031,0.5473448380195358,0.5473448634147644,0.0357759821812055,0.03577598303610602
32,4.0,snow_t,Snow temperature,K,snow_fraction_gt_1e-3,46160,6.301349957728788e-06,2.50035918597537e-06,5.1649973892173565e-06,1.5257855295658374e-05,55209,37.95000076293945,103.05000305175781,268.6809539785584,268.6809387207031,0.5473448380195358,0.5473448634147644,0.0357759821812055,0.03577598303610602
32,4.0,snow_rho,Snow density,kg m-3,all_columns,97709,2.653863986726034e-06,2.234482837615839e-06,1.5798802449029746e-06,7.6289159380849014e-06,16322,28.850000381469727,87.55000305175781,135.8055648808497,135.80557250976562,0.21190105837032702,0.21190105378627777,0.015603267697920952,0.015603266483858033
32,4.0,snow_rho,Snow density,kg m-3,snow_present,51338,3.66122544937092e-06,2.7430718030670053e-06,3.00690558356821e-06,7.6289159380849014e-06,16322,28.850000381469727,87.55000305175781,135.8055648808497,135.80557250976562,0.21190105837032702,0.21190105378627777,0.015603267697920952,0.015603266483858033
32,4.0,snow_rho,Snow density,kg m-3,snow_fraction_gt_1e-3,46160,3.6163253806742765e-06,2.7253271793780384e-06,2.9614190384187493e-06,7.6289159380849014e-06,16322,28.850000381469727,87.55000305175781,135.8055648808497,135.80557250976562,0.21190105837032702,0.21190105378627777,0.015603267697920952,0.015603266483858033
32,4.0,snow_alb,Snow albedo,1,all_columns,97709,2.0666703714371643e-08,2.560586301764146e-06,1.9151287720370148e-08,2.98020738087601e-08,54843,37.85000228881836,110.75,0.8068241178991896,0.8068241477012634,0.7245145817527827,0.7245146036148071,0.05503267809993473,0.0550326800003848
32,4.0,snow_alb,Snow albedo,1,snow_present,51338,1.73050307244435e-08,2.2582416604337768e-06,1.491453460766193e-08,2.98020738087601e-08,54843,37.85000228881836,110.75,0.8068241178991896,0.8068241477012634,0.7245145817527827,0.7245146036148071,0.05503267809993473,0.0550326800003848
32,4.0,snow_alb,Snow albedo,1,snow_fraction_gt_1e-3,46160,1.7248731830709714e-08,2.238983348437531e-06,1.4878770472416842e-08,2.98020738087601e-08,54843,37.85000228881836,110.75,0.8068241178991896,0.8068241477012634,0.7245145817527827,0.7245146036148071,0.05503267809993473,0.0550326800003848
40,5.0,avg_skin_t,Surface temperature,K,all_columns,97709,6.987686513306836e-06,2.6958052186499544e-06,5.744613972341429e-06,1.5258642065418826e-05,80747,43.650001525878906,120.75,259.84861755385793,259.8486328125,0.0,0.0,0.0,0.0
40,5.0,soil_t_l1,"Soil temperature, layer 1",K,all_columns,97709,7.347099736517806e-06,2.8094226872459267e-06,6.079278354371597e-06,1.5258494499903463e-05,75261,42.25,92.85000610351562,259.495010375682,259.4949951171875,0.0,0.0,0.0,0.0
40,5.0,soil_t_l2,"Soil temperature, layer 2",K,all_columns,97709,7.641536029965601e-06,2.908173131726013e-06,6.363220772479165e-06,1.5258570670084737e-05,66486,40.45000076293945,79.25,262.91334533669567,262.913330078125,0.0,0.0,0.0,0.0
40,5.0,soil_t_l3,"Soil temperature, layer 3",K,all_columns,97709,7.701636790953101e-06,2.9254007492210947e-06,6.43626591123857e-06,1.5258669009199366e-05,60525,39.150001525878906,104.45000457763672,260.9722747803935,260.9722900390625,1.330345444541146,1.3303453922271729,0.13077153394966426,0.1307715288958972
40,5.0,soil_t_l4,"Soil temperature, layer 4",K,all_columns,97709,7.467959272340323e-06,2.8453638679106322e-06,6.1974221714508335e-06,1.5258736254963878e-05,30886,32.35000228881836,104.05000305175781,264.43931579595125,264.4393310546875,0.6651428887502139,0.6651428937911987,0.05638401090317931,0.05638401303767305
40,5.0,soil_w_l1,"Soil water, layer 1",kg m-2,all_columns,97709,5.486715529657514e-07,1.922101738423461e-06,4.757304062197602e-07,9.536674347998542e-07,21786,30.25,86.75,28.37311649323198,28.373117446899414,0.0663348895786876,0.06633488833904266,0.004316375715310885,0.004316375691752771
40,5.0,soil_w_l2,"Soil water, layer 2",kg m-2,all_columns,97709,2.2058445202189833e-06,2.792234872321656e-06,1.9099513055443366e-06,3.8146635716884703e-06,45569,35.85000228881836,103.75,79.97963333126513,79.97962951660156,0.09665515223877928,0.09665515273809433,0.009637333186197156,0.00963733310366399
40,5.0,soil_w_l3,"Soil water, layer 3",kg m-2,all_columns,97709,4.398353754852978e-06,2.390059820087342e-06,3.8090838124920853e-06,7.629379183526908e-06,86811,45.54999923706055,119.25,179.92534637449637,179.9253387451172,0.025092369369515595,0.025092368945479393,0.0016657075331640424,0.0016657075868779833
40,5.0,soil_w_l4,"Soil water, layer 4",kg m-2,all_columns,97709,8.820059441217404e-06,2.9388866798965136e-06,7.640860002541077e-06,1.5258292762609926e-05,27104,31.450000762939453,113.25,300.49522399951974,300.4952392578125,49.408914820710564,49.40891647338867,1.0,1.0
40,5.0,snow_w,Snow water equivalent,kg m-2,all_columns,97709,2.0009390945493788e-07,2.5480668716766544e-06,3.830316374747586e-08,7.609006246411809e-06,24523,30.850000381469727,112.95000457763672,150.74697115075938,150.74697875976562,150.74697115075938,150.74697875976562,1.0,1.0
40,5.0,snow_w,Snow water equivalent,kg m-2,snow_present,55318,2.659303583959533e-07,2.548066871676655e-06,6.765544355540851e-08,7.609006246411809e-06,24523,30.850000381469727,112.95000457763672,150.74697115075938,150.74697875976562,150.74697115075938,150.74697875976562,1.0,1.0
40,5.0,snow_w,Snow water equivalent,kg m-2,snow_fraction_gt_1e-3,50243,2.790380082417174e-07,2.5480668794951543e-06,7.447599102061433e-08,7.609006246411809e-06,24523,30.850000381469727,112.95000457763672,150.74697115075938,150.74697875976562,150.74697115075938,150.74697875976562,1.0,1.0
40,5.0,snow_t,Snow temperature,K,all_columns,97709,5.371444741453086e-06,2.0467929848944147e-06,4.5472369362507035e-06,1.5257794359513355e-05,31885,32.54999923706055,118.55000305175781,265.4501495371275,265.4501647949219,61.327159478576476,61.3271598815918,1.0,1.0
40,5.0,snow_t,Snow temperature,K,snow_present,55318,6.378508543215028e-06,2.5121650939253024e-06,5.2255232717874954e-06,1.5257794359513355e-05,31885,32.54999923706055,118.55000305175781,265.4501495371275,265.4501647949219,61.327159478576476,61.3271598815918,1.0,1.0
40,5.0,snow_t,Snow temperature,K,snow_fraction_gt_1e-3,50243,6.420516322218014e-06,2.5243425412736397e-06,5.2651202464324855e-06,1.5257794359513355e-05,31885,32.54999923706055,118.55000305175781,265.4501495371275,265.4501647949219,61.327159478576476,61.3271598815918,1.0,1.0
40,5.0,snow_rho,Snow density,kg m-3,all_columns,97709,2.8177704253334325e-06,2.322921491556445e-06,1.712360915516474e-06,7.629275557974324e-06,51094,37.04999923706055,108.15000915527344,141.67508697521663,141.6750946044922,1.301470575438228,1.3014705181121826,0.09186305109986596,0.0918630421066905
40,5.0,snow_rho,Snow density,kg m-3,snow_present,55318,3.7448950901486095e-06,2.7662593915517334e-06,3.0245683628149817e-06,7.629275557974324e-06,51094,37.04999923706055,108.15000915527344,141.67508697521663,141.6750946044922,1.301470575438228,1.3014705181121826,0.09186305109986596,0.0918630421066905
40,5.0,snow_rho,Snow density,kg m-3,snow_fraction_gt_1e-3,50243,3.6861071375473803e-06,2.7452101668064984e-06,2.9589180487694146e-06,7.629275557974324e-06,51094,37.04999923706055,108.15000915527344,141.67508697521663,141.6750946044922,1.301470575438228,1.3014705181121826,0.09186305109986596,0.0918630421066905
40,5.0,snow_alb,Snow albedo,1,all_columns,97709,2.0440703170410465e-08,2.5689947693528814e-06,1.8897348479109144e-08,2.9801700440756917e-08,82628,44.25,84.25,0.7697943151003381,0.7697943449020386,1.208227754777298,1.2082277536392212,0.10079250262814657,0.10079250311784681
40,5.0,snow_alb,Snow albedo,1,snow_present,55318,1.738983228946978e-08,2.3143832351944767e-06,1.51082978946197e-08,2.9801700440756917e-08,82628,44.25,84.25,0.7697943151003381,0.7697943449020386,1.208227754777298,1.2082277536392212,0.10079250262814657,0.10079250311784681
40,5.0,snow_alb,Snow albedo,1,snow_fraction_gt_1e-3,50243,1.7422191298477794e-08,2.3104266343556676e-06,1.5136098410459072e-08,2.9801700440756917e-08,82628,44.25,84.25,0.7697943151003381,0.7697943449020386,1.208227754777298,1.2082277536392212,0.10079250262814657,0.10079250311784681
48,6.0,avg_skin_t,Surface temperature,K,all_columns,97709,6.958850151198146e-06,2.6880123190337084e-06,5.714214765407681e-06,1.525846124650343e-05,25808,31.150001525878906,112.75,269.91453552278875,269.91455078125,34.31158320655141,34.31158447265625,1.0,1.0
48,6.0,soil_t_l1,"Soil temperature, layer 1",K,all_columns,97709,7.317203833165292e-06,2.8005232465235197e-06,6.05669373084651e-06,1.525845277683402e-05,61692,39.45000076293945,80.95000457763672,258.320724487641,258.32073974609375,0.11217294996645509,0.11217294633388519,0.007440193996802488,0.007440193942396376
48,6.0,soil_t_l2,"Soil temperature, layer 2",K,all_columns,97709,7.6217397805784304e-06,2.902591485504962e-06,6.353462713229771e-06,1.52584686929913e-05,76346,42.45000076293945,119.45000457763672,260.06587219206244,260.06585693359375,0.0,0.0,0.0,0.0
48,6.0,soil_t_l3,"Soil temperature, layer 3",K,all_columns,97709,7.708548034057296e-06,2.9276322541263363e-06,6.442292379671098e-06,1.5258489440839185e-05,15182,28.549999237060547,85.45000457763672,259.3629913327082,259.36297607421875,0.061164633630951266,0.06116463243961334,0.004055794683244182,0.004055794572937993
48,6.0,soil_t_l4,"Soil temperature, layer 4",K,all_columns,97709,7.469714162537963e-06,2.8457966686985588e-06,6.200740787410459e-06,1.5258560210895666e-05,13701,28.049999237060547,118.25,270.25019836448666,270.2502136230469,0.0,0.0,0.0,0.0
48,6.0,soil_w_l1,"Soil water, layer 1",kg m-2,all_columns,97709,5.453505368110036e-07,1.9063680620159927e-06,4.7367989356581295e-07,9.536712823887683e-07,21734,30.25,81.1500015258789,28.986725807192975,28.986726760864258,0.0,0.0,0.0,0.0
48,6.0,soil_w_l2,"Soil water, layer 2",kg m-2,all_columns,97709,2.206297792686909e-06,2.77728595486091e-06,1.910712778173824e-06,3.81453783404595e-06,72770,41.650001525878906,124.55000305175781,79.9237022398308,79.92369842529297,0.0,0.0,0.0,0.0
48,6.0,soil_w_l3,"Soil water, layer 3",kg m-2,all_columns,97709,4.407153042030768e-06,2.3800318234423685e-06,3.81593574521483e-06,7.629259187069692e-06,20391,29.850000381469727,107.75,201.73427581800644,201.73428344726562,0.0,0.0,0.0,0.0
48,6.0,soil_w_l4,"Soil water, layer 4",kg m-2,all_columns,97709,8.80882323095851e-06,2.9348051417793476e-06,7.63279758597473e-06,1.5258751489000133e-05,81362,43.85000228881836,113.25,299.99986267086086,299.9998474121094,0.9429379279227,0.9429379105567932,0.09225875049085187,0.09225875185442746
48,6.0,snow_w,Snow water equivalent,kg m-2,all_columns,97709,2.1526041959558907e-07,2.545272242390054e-06,4.347010160435317e-08,7.4217417704858235e-06,18863,29.450000762939453,112.25,131.1485517332652,131.14854431152344,131.1485517332652,131.14854431152344,1.0,1.0
48,6.0,snow_w,Snow water equivalent,kg m-2,snow_present,62368,2.6943285808530304e-07,2.545272242390054e-06,6.810255511889592e-08,7.4217417704858235e-06,18863,29.450000762939453,112.25,131.1485517332652,131.14854431152344,131.1485517332652,131.14854431152344,1.0,1.0
48,6.0,snow_w,Snow water equivalent,kg m-2,snow_fraction_gt_1e-3,56874,2.8214643806347905e-07,2.5452722481163134e-06,7.466904676812933e-08,7.4217417704858235e-06,18863,29.450000762939453,112.25,131.1485517332652,131.14854431152344,131.1485517332652,131.14854431152344,1.0,1.0
48,6.0,snow_t,Snow temperature,K,all_columns,97709,5.331104649572321e-06,2.045488924184626e-06,4.513912177617844e-06,1.5258762687153649e-05,14350,28.25,112.35000610351562,272.97624206545606,272.97625732421875,5.447018029796562,5.447018146514893,0.34989935725886095,0.34989938117517516
48,6.0,snow_t,Snow temperature,K,snow_present,62368,6.076670657815543e-06,2.3994691383196327e-06,4.996588609942669e-06,1.5258762687153649e-05,14350,28.25,112.35000610351562,272.97624206545606,272.97625732421875,5.447018029796562,5.447018146514893,0.34989935725886095,0.34989938117517516
48,6.0,snow_t,Snow temperature,K,snow_fraction_gt_1e-3,56874,6.1238399985568015e-06,2.4150591767586024e-06,5.0349645491904165e-06,1.5258762687153649e-05,14350,28.25,112.35000610351562,272.97624206545606,272.97625732421875,5.447018029796562,5.447018146514893,0.34989935725886095,0.34989938117517516
48,6.0,snow_rho,Snow density,kg m-3,all_columns,97709,2.8624580101688374e-06,2.3317192738758223e-06,1.8326228136188532e-06,7.6293816846373375e-06,20291,29.850000381469727,97.75,150.6494522094598,150.64944458007812,0.02588234023274387,0.025882340967655182,0.0017180507365375359,0.001718050872328132
48,6.0,snow_rho,Snow density,kg m-3,snow_present,62368,3.582824210218919e-06,2.6746725403437983e-06,2.8710836085153367e-06,7.6293816846373375e-06,20291,29.850000381469727,97.75,150.6494522094598,150.64944458007812,0.02588234023274387,0.025882340967655182,0.0017180507365375359,0.001718050872328132
48,6.0,snow_rho,Snow density,kg m-3,snow_fraction_gt_1e-3,56874,3.5241958545380388e-06,2.6532652840751466e-06,2.8100295861922267e-06,7.6293816846373375e-06,20291,29.850000381469727,97.75,150.6494522094598,150.64944458007812,0.02588234023274387,0.025882340967655182,0.0017180507365375359,0.001718050872328132
48,6.0,snow_alb,Snow albedo,1,all_columns,97709,2.0020564081035653e-08,2.554959656341052e-06,1.8316250694705027e-08,2.980195568103028e-08,36962,33.85000228881836,81.85000610351562,0.6291292011734156,0.62912917137146,0.0067050948516769685,0.006705095060169697,0.0005205472860612496,0.0005205473061655877
48,6.0,snow_alb,Snow albedo,1,snow_present,62368,1.748844284784629e-08,2.3526851163085696e-06,1.5185150043954808e-08,2.980195568103028e-08,36962,33.85000228881836,81.85000610351562,0.6291292011734156,0.62912917137146,0.0067050948516769685,0.006705095060169697,0.0005205472860612496,0.0005205473061655877
48,6.0,snow_alb,Snow albedo,1,snow_fraction_gt_1e-3,56874,1.7444052699119273e-08,2.3396591951397534e-06,1.514109754386137e-08,2.9801574097376715e-08,47902,36.35000228881836,113.75,0.7513553202159735,0.7513553500175476,3.3969410165942437,3.3969409465789795,0.2233770883430959,0.2233770928126718
56,7.0,avg_skin_t,Surface temperature,K,all_columns,97709,6.871514816272434e-06,2.6609156061984267e-06,5.6323344696099025e-06,1.5258627172443084e-05,12305,27.650001525878906,100.85000610351562,264.6294403074553,264.6294250488281,0.027371657006138382,0.027371656149625778,0.002146742514729137,0.002146742480100946
56,7.0,soil_t_l1,"Soil temperature, layer 1",K,all_columns,97709,7.316443351227667e-06,2.8030163393773063e-06,6.053662432936321e-06,1.5258500354775606e-05,14288,28.25,106.15000915527344,272.89076232939027,272.8907775878906,3.4279363777273146,3.427936315536499,0.23092785574404362,0.23092784410554498
56,7.0,soil_t_l2,"Soil temperature, layer 2",K,all_columns,97709,7.634966947528049e-06,2.9085025696581756e-06,6.360113331910006e-06,1.525871766716591e-05,28965,31.950000762939453,84.75,256.1593475342511,256.15936279296875,0.03219359612478877,0.03219359740614891,0.0021326813263128452,0.0021326814712389324
56,7.0,soil_t_l3,"Soil temperature, layer 3",K,all_columns,97709,7.73595738001825e-06,2.938075272012845e-06,6.461546334292329e-06,1.5258395194450713e-05,23925,30.75,95.35000610351562,258.25001525918293,258.2500305175781,0.05892784440411527,0.05892784520983696,0.003876410927016057,0.0038764108718225016
56,7.0,soil_t_l4,"Soil temperature, layer 4",K,all_columns,97709,7.4868798775869794e-06,2.852103220369594e-06,6.217240656742252e-06,1.5258480971169774e-05,66654,40.45000076293945,96.05000305175781,258.4115753176909,258.4115905761719,0.028996450561493553,0.028996450826525688,0.0020105946067793083,0.00201059452146401
56,7.0,soil_w_l1,"Soil water, layer 1",kg m-2,all_columns,97709,5.456858737592953e-07,1.9130445715948515e-06,4.732443858337729e-07,9.536706642165882e-07,6088,24.850000381469727,108.35000610351562,27.792138099674062,27.792139053344727,0.0,0.0,0.0,0.0
56,7.0,soil_w_l2,"Soil water, layer 2",kg m-2,all_columns,97709,2.209012731713651e-06,2.785240654561157e-06,1.9163809841661794e-06,3.8146353773527153e-06,1088,22.149999618530273,113.55000305175781,74.07224655145178,74.0722427368164,0.0,0.0,0.0,0.0
56,7.0,soil_w_l3,"Soil water, layer 3",kg m-2,all_columns,97709,4.414354760143521e-06,2.368378947572135e-06,3.822630786873901e-06,1.5257753886999126e-05,5728,24.650001525878906,116.85000610351562,260.3316497813086,260.3316650390625,0.0,0.0,0.0,0.0
56,7.0,soil_w_l4,"Soil water, layer 4",kg m-2,all_columns,97709,8.834419774265178e-06,2.9428958674696935e-06,7.663252995678116e-06,1.5258751318469876e-05,25936,31.25,82.55000305175781,299.9976959228893,299.9977111816406,0.016008498940137846,0.016008498147130013,0.0014224964466903402,0.0014224963282080635
56,7.0,snow_w,Snow water equivalent,kg m-2,all_columns,97709,2.2550974374535864e-07,2.510866097768506e-06,4.675887210686838e-08,7.597313384621884e-06,19647,29.650001525878906,112.35000610351562,187.308189424171,187.30819702148438,187.308189424171,187.30819702148438,1.0,1.0
56,7.0,snow_w,Snow water equivalent,kg m-2,snow_present,67422,2.7147621162591946e-07,2.5108660977685063e-06,6.776367705883944e-08,7.597313384621884e-06,19647,29.650001525878906,112.35000610351562,187.308189424171,187.30819702148438,187.308189424171,187.30819702148438,1.0,1.0
56,7.0,snow_w,Snow water equivalent,kg m-2,snow_fraction_gt_1e-3,60890,2.856666888708151e-07,2.51086610415204e-06,7.502084158256732e-08,7.597313384621884e-06,19647,29.650001525878906,112.35000610351562,187.308189424171,187.30819702148438,187.308189424171,187.30819702148438,1.0,1.0
56,7.0,snow_t,Snow temperature,K,all_columns,97709,5.529114651918789e-06,2.143073770947686e-06,4.636078776775764e-06,1.5258511723459378e-05,79793,43.35000228881836,129.85000610351562,257.8925323483555,257.89251708984375,2.004895673701924,2.0048956871032715,0.20048956737019238,0.20048956871032714
56,7.0,snow_t,Snow temperature,K,snow_present,67422,6.187056945292405e-06,2.4660357403650308e-06,5.073600832322824e-06,1.5258511723459378e-05,79793,43.35000228881836,129.85000610351562,257.8925323483555,257.89251708984375,2.004895673701924,2.0048956871032715,0.20048956737019238,0.20048956871032714
56,7.0,snow_t,Snow temperature,K,snow_fraction_gt_1e-3,60890,6.29828454180482e-06,2.5050868904006974e-06,5.16642598060215e-06,1.5258511723459378e-05,79793,43.35000228881836,129.85000610351562,257.8925323483555,257.89251708984375,2.004895673701924,2.0048956871032715,0.20048956737019238,0.20048956871032714
56,7.0,snow_rho,Snow density,kg m-3,all_columns,97709,3.0169147437095947e-06,2.415429305812237e-06,2.0276546961364825e-06,7.629207601667076e-06,56286,38.25,79.1500015258789,152.1171798707924,152.1171875,0.1194216649412517,0.11942166835069656,0.00785063626887429,0.007850636099270279
56,7.0,snow_rho,Snow density,kg m-3,snow_present,67422,3.6318634034079038e-06,2.698330080350292e-06,2.938508390507543e-06,7.629207601667076e-06,56286,38.25,79.1500015258789,152.1171798707924,152.1171875,0.1194216649412517,0.11942166835069656,0.00785063626887429,0.007850636099270279
56,7.0,snow_rho,Snow density,kg m-3,snow_fraction_gt_1e-3,60890,3.563478566330699e-06,2.670365216514545e-06,2.8702379448565634e-06,7.629207601667076e-06,56286,38.25,79.1500015258789,152.1171798707924,152.1171875,0.1194216649412517,0.11942166835069656,0.00785063626887429,0.007850636099270279
56,7.0,snow_alb,Snow albedo,1,all_columns,97709,1.951084238727324e-08,2.5310562291038637e-06,1.7688180474795005e-08,2.9801371148607814e-08,64356,39.95000076293945,108.05000305175781,0.7876626551141763,0.7876626253128052,3.0849739363462385,3.0849740505218506,0.21162323213364218,0.21162323379831924
56,7.0,snow_alb,Snow albedo,1,snow_present,67422,1.721417269307126e-08,2.349968492144907e-06,1.4923853858003858e-08,2.9801371148607814e-08,64356,39.95000076293945,108.05000305175781,0.7876626551141763,0.7876626253128052,3.0849739363462385,3.0849740505218506,0.21162323213364218,0.21162323379831924
56,7.0,snow_alb,Snow albedo,1,snow_fraction_gt_1e-3,60890,1.7233729928448315e-08,2.3437878037366114e-06,1.4932242868752343e-08,2.9801371148607814e-08,64356,39.95000076293945,108.05000305175781,0.7876626551141763,0.7876626253128052,3.0849739363462385,3.0849740505218506,0.21162323213364218,0.21162323379831924
64,8.0,avg_skin_t,Surface temperature,K,all_columns,97709,6.894401278602364e-06,2.680272298169419e-06,5.668914672580798e-06,1.5258634221027023e-05,82558,44.150001525878906,128.15000915527344,256.6377105714439,256.6377258300781,0.6107348036277204,0.6107348203659058,0.056619107074651086,0.056619107492387036
64,8.0,soil_t_l1,"Soil temperature, layer 1",K,all_columns,97709,7.374125576690642e-06,2.8302170905254886e-06,6.106584023069522e-06,1.525821477343925e-05,67237,40.54999923706055,107.05000305175781,256.9485626226446,256.9485778808594,1.3062593938819704,1.3062593936920166,0.0865998865599824,0.08659988328688413
64,8.0,soil_t_l2,"Soil temperature, layer 2",K,all_columns,97709,7.684318372133647e-06,2.9302718575018086e-06,6.416638398301462e-06,1.5258694986641785e-05,8424,25.950000762939453,103.05000305175781,273.7159881590856,273.7159729003906,0.3592709877996908,0.35927098989486694,0.02329768322481263,0.023297682988292177
64,8.0,soil_t_l3,"Soil temperature, layer 3",K,all_columns,97709,7.7460857637286e-06,2.9420827642247283e-06,6.476561819137853e-06,1.525874569097141e-05,61500,39.35000228881836,108.95000457763672,262.0648956299262,262.0649108886719,2.377705185126743,2.3777050971984863,0.1569585381632316,0.15695853758723358
64,8.0,soil_t_l4,"Soil temperature, layer 4",K,all_columns,97709,7.4847698704113066e-06,2.8510722362650186e-06,6.2186415669119735e-06,1.5258660880590469e-05,43989,35.45000076293945,119.55000305175781,275.18367004381713,275.18365478515625,0.016381660301101136,0.016381660476326942,0.0010786161134658373,0.001078616146558903
64,8.0,soil_w_l1,"Soil water, layer 1",kg m-2,all_columns,97709,5.473919450117421e-07,1.9308954537086078e-06,4.7500711420865304e-07,9.536559097966801e-07,9066,26.25,103.85000610351562,21.13093471525259,21.13093376159668,0.02176719725616812,0.02176719717681408,0.0018163497287079805,0.0018163497565555056
64,8.0,soil_w_l2,"Soil water, layer 2",kg m-2,all_columns,97709,2.201551498018036e-06,2.7843886590089184e-06,1.9065830063231563e-06,3.8146728371657446e-06,56475,38.25,98.05000305175781,79.81878280637206,79.81877899169922,0.0,0.0,0.0,0.0
64,8.0,soil_w_l3,"Soil water, layer 3",kg m-2,all_columns,97709,4.443553935877866e-06,2.3706579830916995e-06,3.8370141942482995e-06,1.5246656801082281e-05,4114,23.950000762939453,109.65000915527344,256.09370421150055,256.09368896484375,0.0,0.0,0.0,0.0
64,8.0,soil_w_l4,"Soil water, layer 4",kg m-2,all_columns,97709,8.824417060649881e-06,2.9389769465214887e-06,7.644901017659912e-06,1.5258618816460512e-05,49223,36.650001525878906,110.25,299.99882507307194,299.9988098144531,4.222781271858995,4.222781181335449,0.28078844759789434,0.2807884395525635
64,8.0,snow_w,Snow water equivalent,kg m-2,all_columns,97709,2.2686619075891835e-07,2.5379397595558237e-06,4.420230761546705e-08,7.471499515077085e-06,20837,29.950000762939453,112.15000915527344,157.98848740154736,157.98849487304688,157.98848740154736,157.98849487304688,1.0,1.0
64,8.0,snow_w,Snow water equivalent,kg m-2,snow_present,68168,2.716106451565565e-07,2.537939759555823e-06,6.335763516539245e-08,7.471499515077085e-06,20837,29.950000762939453,112.15000915527344,157.98848740154736,157.98849487304688,157.98848740154736,157.98849487304688,1.0,1.0
64,8.0,snow_w,Snow water equivalent,kg m-2,snow_fraction_gt_1e-3,59483,2.9076399099485874e-07,2.5379397665484754e-06,7.259232085175419e-08,7.471499515077085e-06,20837,29.950000762939453,112.15000915527344,157.98848740154736,157.98849487304688,157.98848740154736,157.98849487304688,1.0,1.0
64,8.0,snow_t,Snow temperature,K,all_columns,97709,5.511740879432796e-06,2.142743688477291e-06,4.610007667833141e-06,1.5257429254234012e-05,56152,38.150001525878906,108.95000457763672,258.652786253523,258.65277099609375,3.601294293775886,3.6012942790985107,0.2366395263062781,0.23663952885442185
64,8.0,snow_t,Snow temperature,K,snow_present,68168,6.14268461963264e-06,2.4569860340635905e-06,5.0207849270667525e-06,1.5257429254234012e-05,56152,38.150001525878906,108.95000457763672,258.652786253523,258.65277099609375,3.601294293775886,3.6012942790985107,0.2366395263062781,0.23663952885442185
64,8.0,snow_t,Snow temperature,K,snow_fraction_gt_1e-3,59483,6.226558086157387e-06,2.488660402174038e-06,5.087974159297214e-06,1.5257429254234012e-05,56152,38.150001525878906,108.95000457763672,258.652786253523,258.65277099609375,3.601294293775886,3.6012942790985107,0.2366395263062781,0.23663952885442185
64,8.0,snow_rho,Snow density,kg m-3,all_columns,97709,3.246934395562736e-06,2.513564171030656e-06,2.2398258754985916e-06,7.629364972672192e-06,82743,44.25,111.65000915527344,146.87021636959935,146.87020874023438,0.009325315950349553,0.009325316175818443,0.0006349358080117733,0.0006349358563459179
64,8.0,snow_rho,Snow density,kg m-3,snow_present,68168,3.8873220509836595e-06,2.7777760379558353e-06,3.2104674696205237e-06,7.629364972672192e-06,82743,44.25,111.65000915527344,146.87021636959935,146.87020874023438,0.009325315950349553,0.009325316175818443,0.0006349358080117733,0.0006349358563459179
64,8.0,snow_rho,Snow density,kg m-3,snow_fraction_gt_1e-3,59483,3.826405202972949e-06,2.7572593149578463e-06,3.1467521289128665e-06,7.629346328030806e-06,29285,31.950000762939453,116.75,159.9000473021979,159.90003967285156,18.117479351615472,18.11747932434082,1.0,1.0
64,8.0,snow_alb,Snow albedo,1,all_columns,97709,1.9497682121733694e-08,2.568329457939396e-06,1.7660759126091374e-08,2.9801583423250122e-08,63440,39.75,113.75,0.7615659534923793,0.7615659236907959,1.17742989070474,1.1774299144744873,0.07745223255868176,0.0774522311366131
64,8.0,snow_alb,Snow albedo,1,snow_present,68168,1.7279170152879958e-08,2.4125447841830836e-06,1.4982143942486126e-08,2.9801583423250122e-08,63440,39.75,113.75,0.7615659534923793,0.7615659236907959,1.17742989070474,1.1774299144744873,0.07745223255868176,0.0774522311366131
64,8.0,snow_alb,Snow albedo,1,snow_fraction_gt_1e-3,59483,1.7254563646947017e-08,2.396509066323844e-06,1.4954452230956167e-08,2.9801583423250122e-08,63440,39.75,113.75,0.7615659534923793,0.7615659236907959,1.17742989070474,1.1774299144744873,0.07745223255868176,0.0774522311366131
72,9.0,avg_skin_t,Surface temperature,K,all_columns,97709,6.624595300561618e-06,2.57691559760836e-06,5.423364609273015e-06,1.525857453543722e-05,14239,28.25,101.25,261.0260162355661,261.0260314941406,0.025016982119286133,0.02501698210835457,0.001654040921037065,0.0016540408766853151
72,9.0,soil_t_l1,"Soil temperature, layer 1",K,all_columns,97709,7.2878444450384656e-06,2.798406784376973e-06,6.023570451301271e-06,1.525843526906101e-05,64414,39.95000076293945,113.85000610351562,258.337692261096,258.33770751953125,0.5305220672903554,0.5305220484733582,0.035049868415711276,0.03504986606780572
72,9.0,soil_t_l2,"Soil temperature, layer 2",K,all_columns,97709,7.654012564780452e-06,2.919814639415169e-06,6.381650559294079e-06,1.5258504049597832e-05,16497,28.850000381469727,105.05000305175781,278.2985687253009,278.2985534667969,0.0,0.0,0.0,0.0
72,9.0,soil_t_l3,"Soil temperature, layer 3",K,all_columns,97709,7.771374539664063e-06,2.9518339220313087e-06,6.499566483057838e-06,1.5258316693689267e-05,698,21.75,109.95000457763672,286.7435455317542,286.7435302734375,0.0,0.0,0.0,0.0
72,9.0,soil_t_l4,"Soil temperature, layer 4",K,all_columns,97709,7.4816936062422215e-06,2.849677723801778e-06,6.217369475069559e-06,1.5258474149959511e-05,20735,29.950000762939453,101.95000457763672,262.455795287771,262.4557800292969,0.10436779715466145,0.10436780005693436,0.006925739400652586,0.006925739784186777
72,9.0,soil_w_l1,"Soil water, layer 1",kg m-2,all_columns,97709,5.490261608387961e-07,1.950903966489052e-06,4.759722398137312e-07,9.536669089982297e-07,88995,46.35000228881836,130.15000915527344,29.263731956474526,29.263731002807617,2.518893460649731,2.5188934803009033,0.2101189322289288,0.21011892904749524
72,9.0,soil_w_l2,"Soil water, layer 2",kg m-2,all_columns,97709,2.203921387320306e-06,2.7994216271072967e-06,1.9081168334702096e-06,3.814682642655498e-06,69131,40.95000076293945,103.25,79.47668075562986,79.4766845703125,0.6889559848663804,0.6889559626579285,0.04566586652445878,0.04566586679108497
72,9.0,soil_w_l3,"Soil water, layer 3",kg m-2,all_columns,97709,4.453451395567212e-06,2.3703763966181584e-06,3.842396197481012e-06,1.5239014430790121e-05,4796,24.25,112.65000915527344,280.2946624558113,280.2946472167969,0.0,0.0,0.0,0.0
72,9.0,soil_w_l4,"Soil water, layer 4",kg m-2,all_columns,97709,8.792820126110198e-06,2.9277760530219195e-06,7.6092896939505665e-06,1.5258662472206197e-05,32883,32.85000228881836,92.85000610351562,299.9440155030563,299.94403076171875,0.0,0.0,0.0,0.0
72,9.0,snow_w,Snow water equivalent,kg m-2,all_columns,97709,2.1183715257100404e-07,2.5146080592135757e-06,3.7924508196057905e-08,7.5107254531303624e-06,24101,30.75,112.95000457763672,132.27274310642858,132.27273559570312,132.27274310642858,132.27273559570312,1.0,1.0
72,9.0,snow_w,Snow water equivalent,kg m-2,snow_present,68263,2.53440915763691e-07,2.514608059213575e-06,5.428366421160186e-08,7.5107254531303624e-06,24101,30.75,112.95000457763672,132.27274310642858,132.27273559570312,132.27274310642858,132.27273559570312,1.0,1.0
72,9.0,snow_w,Snow water equivalent,kg m-2,snow_fraction_gt_1e-3,57713,2.7563386615161597e-07,2.514608067125766e-06,6.418835408412332e-08,7.5107254531303624e-06,24101,30.75,112.95000457763672,132.27274310642858,132.27273559570312,132.27274310642858,132.27273559570312,1.0,1.0
72,9.0,snow_t,Snow temperature,K,all_columns,97709,5.315514208299874e-06,2.0741219462803945e-06,4.475269971473792e-06,1.525726264617333e-05,14342,28.25,111.55000305175781,267.58042907867485,267.5804443359375,11.965996395512674,11.965996742248535,0.7735131461428164,0.7735131467046537
72,9.0,snow_t,Snow temperature,K,snow_present,68263,5.887075873364465e-06,2.3676929450788617e-06,4.826035798645821e-06,1.525726264617333e-05,14342,28.25,111.55000305175781,267.58042907867485,267.5804443359375,11.965996395512674,11.965996742248535,0.7735131461428164,0.7735131467046537
72,9.0,snow_t,Snow temperature,K,snow_fraction_gt_1e-3,57713,5.9747766445940474e-06,2.4026346733694618e-06,4.89259010890559e-06,1.525726264617333e-05,14342,28.25,111.55000305175781,267.58042907867485,267.5804443359375,11.965996395512674,11.965996742248535,0.7735131461428164,0.7735131467046537
72,9.0,snow_rho,Snow density,kg m-3,all_columns,97709,3.372321441650346e-06,2.5505317969225134e-06,2.3682279787890913e-06,7.6293065376376035e-06,42951,35.25,99.75,132.0362777709081,132.03627014160156,0.35454927714476847,0.3545492887496948,0.026852413831290785,0.026852416261793854
72,9.0,snow_rho,Snow density,kg m-3,snow_present,68263,4.03462860054692e-06,2.80360051065526e-06,3.3897893086958286e-06,7.6293065376376035e-06,42951,35.25,99.75,132.0362777709081,132.03627014160156,0.35454927714476847,0.3545492887496948,0.026852413831290785,0.026852416261793854
72,9.0,snow_rho,Snow density,kg m-3,snow_fraction_gt_1e-3,57713,3.995217950827587e-06,2.792136549236857e-06,3.3524412789399032e-06,7.6293065376376035e-06,42951,35.25,99.75,132.0362777709081,132.03627014160156,0.35454927714476847,0.3545492887496948,0.026852413831290785,0.026852416261793854
72,9.0,snow_alb,Snow albedo,1,all_columns,97709,1.9504311451878234e-08,2.6099437579288597e-06,1.768232626521718e-08,2.980139979236185e-08,20815,29.950000762939453,109.95000457763672,0.6399182379254984,0.6399182677268982,10.366933499181828,10.366933822631836,0.6387511808818024,0.6387511816627564
72,9.0,snow_alb,Snow albedo,1,snow_present,68263,1.730073332875759e-08,2.477323455444126e-06,1.5025344159673788e-08,2.980139979236185e-08,20815,29.950000762939453,109.95000457763672,0.6399182379254984,0.6399182677268982,10.366933499181828,10.366933822631836,0.6387511808818024,0.6387511816627564
72,9.0,snow_alb,Snow albedo,1,snow_fraction_gt_1e-3,57713,1.719884927723897e-08,2.4512144198772558e-06,1.491087710594903e-08,2.980139979236185e-08,20815,29.950000762939453,109.95000457763672,0.6399182379254984,0.6399182677268982,10.366933499181828,10.366933822631836,0.6387511808818024,0.6387511816627564
80,10.0,avg_skin_t,Surface temperature,K,all_columns,97709,6.5387449672198905e-06,2.550044395387312e-06,5.351227154472752e-06,1.5258389566952246e-05,2137,22.950000762939453,110.25,278.4842071537198,278.4842224121094,0.0,0.0,0.0,0.0
80,10.0,soil_t_l1,"Soil temperature, layer 1",K,all_columns,97709,7.175257349097615e-06,2.7591465768749346e-06,5.922777411474117e-06,1.5258605685630755e-05,22588,30.450000762939453,85.55000305175781,267.64100646990994,267.6410217285156,0.0,0.0,0.0,0.0
80,10.0,soil_t_l2,"Soil temperature, layer 2",K,all_columns,97709,7.578033219853586e-06,2.89273607579217e-06,6.302492586829808e-06,1.5258778205406998e-05,13063,27.850000381469727,119.15000915527344,271.3645172119249,271.3645324707031,5.228417016041202,5.228416919708252,0.3278297730757124,0.3278297575778624
80,10.0,soil_t_l3,"Soil temperature, layer 3",K,all_columns,97709,7.782228982993041e-06,2.956237672746737e-06,6.514937018790287e-06,1.5258737334988837e-05,68098,40.75,97.45000457763672,257.63056945805954,257.6305847167969,0.0022138884686208537,0.002213888568803668,0.00014611060955309267,0.00014611061214659337
80,10.0,soil_t_l4,"Soil temperature, layer 4",K,all_columns,97709,7.5028198268192716e-06,2.8575065480810007e-06,6.232536968148915e-06,1.5258464770795399e-05,77048,42.650001525878906,97.85000610351562,258.563888550129,258.56390380859375,0.000230458722701119,0.00023045872512739152,1.5072621319344878e-05,1.5072621991805033e-05
80,10.0,soil_w_l1,"Soil water, layer 1",kg m-2,all_columns,97709,5.491348587294894e-07,1.9657065961298848e-06,4.7574792997956275e-07,9.536700638079765e-07,71108,41.35000228881836,105.35000610351562,26.288043022160014,26.288043975830078,0.5130484843882548,0.5130484700202942,0.03354900138637237,0.033549001238512885
80,10.0,soil_w_l2,"Soil water, layer 2",kg m-2,all_columns,97709,2.199576457942853e-06,2.8049874313392728e-06,1.904226496800284e-06,3.814696626136538e-06,5672,24.650001525878906,111.25,76.39857864379947,76.3985824584961,0.0,0.0,0.0,0.0
80,10.0,soil_w_l3,"Soil water, layer 3",kg m-2,all_columns,97709,4.440227411919541e-06,2.359990831324087e-06,3.83258880102697e-06,1.5253379672230949e-05,5746,24.650001525878906,118.65000915527344,262.2637481635359,262.26373291015625,0.0,0.0,0.0,0.0
80,10.0,soil_w_l4,"Soil water, layer 4",kg m-2,all_columns,97709,8.834734331582252e-06,2.941020683011985e-06,7.657516294219916e-06,1.5258783946592303e-05,20089,29.75,117.15000915527344,301.41590881347145,301.4158935546875,0.0,0.0,0.0,0.0
80,10.0,snow_w,Snow water equivalent,kg m-2,all_columns,97709,2.0078119892371834e-07,2.5282923042462406e-06,3.2646859839068494e-08,7.523623793304068e-06,18862,29.450000762939453,112.15000915527344,138.4180525675691,138.4180450439453,138.4180525675691,138.4180450439453,1.0,1.0
80,10.0,snow_w,Snow water equivalent,kg m-2,snow_present,68249,2.4023826419966567e-07,2.52829230424624e-06,4.6739029519766844e-08,7.523623793304068e-06,18862,29.450000762939453,112.15000915527344,138.4180525675691,138.4180450439453,138.4180525675691,138.4180450439453,1.0,1.0
80,10.0,snow_w,Snow water equivalent,kg m-2,snow_fraction_gt_1e-3,55183,2.67169980207061e-07,2.528292319999371e-06,5.7783739203625956e-08,7.523623793304068e-06,18862,29.450000762939453,112.15000915527344,138.4180525675691,138.4180450439453,138.4180525675691,138.4180450439453,1.0,1.0
80,10.0,snow_t,Snow temperature,K,all_columns,97709,5.19324138046988e-06,2.0295882467242373e-06,4.39029062427577e-06,1.5257400093560136e-05,46570,36.04999923706055,114.95000457763672,262.15242004255634,262.15240478515625,0.0774829493884652,0.07748294621706009,0.005125191126064856,0.005125190974601807
80,10.0,snow_t,Snow temperature,K,snow_present,68249,5.729086934705567e-06,2.309703091562867e-06,4.704613476485933e-06,1.5257400093560136e-05,46570,36.04999923706055,114.95000457763672,262.15242004255634,262.15240478515625,0.0774829493884652,0.07748294621706009,0.005125191126064856,0.005125190974601807
80,10.0,snow_t,Snow temperature,K,snow_fraction_gt_1e-3,55183,5.773559968622123e-06,2.3329343313190687e-06,4.732344026335013e-06,1.5257400093560136e-05,46570,36.04999923706055,114.95000457763672,262.15242004255634,262.15240478515625,0.0774829493884652,0.07748294621706009,0.005125191126064856,0.005125190974601807
80,10.0,snow_rho,Snow density,kg m-3,all_columns,97709,3.4667671772938296e-06,2.5824604775118196e-06,2.4526962651758272e-06,7.6292373307751404e-06,68318,40.75,119.45000457763672,151.03998565658108,151.03997802734375,0.012562934339728804,0.012562934309244156,0.0008317621512685449,0.0008317621912636802
80,10.0,snow_rho,Snow density,kg m-3,snow_present,68249,4.148048390595897e-06,2.830032581653734e-06,3.51141407748194e-06,7.6292373307751404e-06,68318,40.75,119.45000457763672,151.03998565658108,151.03997802734375,0.012562934339728804,0.012562934309244156,0.0008317621512685449,0.0008317621912636802
80,10.0,snow_rho,Snow density,kg m-3,snow_fraction_gt_1e-3,55183,4.124831592608441e-06,2.820086702296087e-06,3.498906862176359e-06,7.628974145745815e-06,60227,39.150001525878906,74.6500015258789,147.23564910846633,147.2356414794922,0.23690848187213212,0.23690848052501678,0.01609042941072003,0.01609043015294736
80,10.0,snow_alb,Snow albedo,1,all_columns,97709,1.9485188153575367e-08,2.6426249375192863e-06,1.7653646511811962e-08,2.98016590294381e-08,50153,36.85000228881836,110.25,0.7002600729472118,0.7002601027488708,1.6618980798082055,1.661898136138916,0.11015839180508022,0.11015839532519811
80,10.0,snow_alb,Snow albedo,1,snow_present,68249,1.7268257471598758e-08,2.528313919269202e-06,1.498247611445279e-08,2.98016590294381e-08,50153,36.85000228881836,110.25,0.7002600729472118,0.7002601027488708,1.6618980798082055,1.661898136138916,0.11015839180508022,0.11015839532519811
80,10.0,snow_alb,Snow albedo,1,snow_fraction_gt_1e-3,55183,1.7168227769566846e-08,2.503953597571844e-06,1.4866186596012414e-08,2.98016590294381e-08,50153,36.85000228881836,110.25,0.7002600729472118,0.7002601027488708,1.6618980798082055,1.661898136138916,0.11015839180508022,0.11015839532519811
88,11.0,avg_skin_t,Surface temperature,K,all_columns,97709,6.889214451744786e-06,2.66731410729803e-06,5.651908596424656e-06,1.5258715961863345e-05,20555,29.950000762939453,83.95000457763672,266.23167419440904,266.231689453125,9.761577895907507e-08,9.761578212419408e-08,9.761577895907508e-09,9.761578212419408e-09
88,11.0,soil_t_l1,"Soil temperature, layer 1",K,all_columns,97709,7.4205704051427876e-06,2.842267248507895e-06,6.154686794785038e-06,1.5258592384270742e-05,64962,40.04999923706055,120.05000305175781,263.23692321757676,263.2369079589844,0.0021509410986077513,0.002150941174477339,0.00014214524120317615,0.00014214525098815806
88,11.0,soil_t_l2,"Soil temperature, layer 2",K,all_columns,97709,7.686439297832906e-06,2.9284061949072163e-06,6.420666649984234e-06,1.5257745815233648e-05,69068,40.95000076293945,96.95000457763672,257.0748443613948,257.0748596191406,0.0030767551629767805,0.0030767552088946104,0.00020358338048389156,0.00020358338720147237
88,11.0,soil_t_l3,"Soil temperature, layer 3",K,all_columns,97709,7.8171562662475e-06,2.969317425170241e-06,6.541113802418634e-06,1.525861040363452e-05,63206,39.75,90.35000610351562,264.29316711443647,264.2931823730469,0.03417673820479832,0.03417673707008362,0.0022562522394783055,0.002256252237559346
88,11.0,soil_t_l4,"Soil temperature, layer 4",K,all_columns,97709,7.527886623499027e-06,2.866839562194681e-06,6.263249395403258e-06,1.5258744554103032e-05,9085,26.25,105.75,280.0677947997602,280.0677795410156,0.0,0.0,0.0,0.0
88,11.0,soil_w_l1,"Soil water, layer 1",kg m-2,all_columns,97709,5.519738143300187e-07,1.9894823839928386e-06,4.783019560432612e-07,9.536518774666547e-07,35831,33.54999923706055,94.45000457763672,29.719897270180198,29.71989631652832,0.0,0.0,0.0,0.0
88,11.0,soil_w_l2,"Soil water, layer 2",kg m-2,all_columns,97709,2.1998080111906604e-06,2.815529772858133e-06,1.904654801578542e-06,3.8145953453749826e-06,17960,29.25,99.45000457763672,81.80310440053285,81.8031005859375,0.005946136297862127,0.005946136079728603,0.00039444918225214844,0.00039444918469580645
88,11.0,soil_w_l3,"Soil water, layer 3",kg m-2,all_columns,97709,4.451921906055168e-06,2.3638728171858876e-06,3.84314698459318e-06,1.5254330321567977e-05,6855,25.150001525878906,117.65000915527344,262.0333404585603,262.0333557128906,0.0,0.0,0.0,0.0
88,11.0,soil_w_l4,"Soil water, layer 4",kg m-2,all_columns,97709,8.811190253527506e-06,2.932465352388975e-06,7.637162207875952e-06,1.5258607561463577e-05,79168,43.25,87.85000610351562,299.9903106687638,299.99029541015625,0.8234978209871537,0.8234978318214417,0.05651066526204101,0.05651066581640426
88,11.0,snow_w,Snow water equivalent,kg m-2,all_columns,97709,1.8826236049038578e-07,2.516237914237193e-06,3.00297977706724e-08,7.552177692105033e-06,20437,29.850000381469727,112.35000610351562,156.41872413727543,156.41873168945312,156.41872413727543,156.41873168945312,1.0,1.0
88,11.0,snow_w,Snow water equivalent,kg m-2,snow_present,70852,2.2108268328815802e-07,2.516237914237194e-06,4.141282543351477e-08,7.552177692105033e-06,20437,29.850000381469727,112.35000610351562,156.41872413727543,156.41873168945312,156.41872413727543,156.41873168945312,1.0,1.0
88,11.0,snow_w,Snow water equivalent,kg m-2,snow_fraction_gt_1e-3,56790,2.46941926302848e-07,2.5162379267530685e-06,5.164578968445946e-08,7.552177692105033e-06,20437,29.850000381469727,112.35000610351562,156.41872413727543,156.41873168945312,156.41872413727543,156.41873168945312,1.0,1.0
88,11.0,snow_t,Snow temperature,K,all_columns,97709,5.489067665378146e-06,2.1274564998366206e-06,4.595016364190159e-06,1.5257566985837911e-05,23775,30.75,80.35000610351562,263.6083526623549,263.6083679199219,0.00030048847579888186,0.00030048846383579075,1.9949940650488028e-05,1.9949940767512623e-05
88,11.0,snow_t,Snow temperature,K,snow_present,70852,6.0388129459924214e-06,2.3960644032284456e-06,4.948642001863101e-06,1.5257566985837911e-05,23775,30.75,80.35000610351562,263.6083526623549,263.6083679199219,0.00030048847579888186,0.00030048846383579075,1.9949940650488028e-05,1.9949940767512623e-05
88,11.0,snow_t,Snow temperature,K,snow_fraction_gt_1e-3,56790,6.0594406885957455e-06,2.4110367418405303e-06,4.9621905212483555e-06,1.5257245934208186e-05,35109,33.35000228881836,106.15000915527344,260.61143493806657,260.6114501953125,0.2074856494241481,0.2074856460094452,0.013533261095581985,0.013533260829197882
88,11.0,snow_rho,Snow density,kg m-3,all_columns,97709,3.404254061826673e-06,2.568585951696388e-06,2.409546354529801e-06,7.629065407854796e-06,58039,38.650001525878906,80.35000610351562,151.45310211148728,151.45309448242188,0.12116516573442847,0.12116516381502151,0.00800017721956178,0.008000177495817646
88,11.0,snow_rho,Snow density,kg m-3,snow_present,70852,3.99772753631062e-06,2.796708402567601e-06,3.322903584298994e-06,7.629065407854796e-06,58039,38.650001525878906,80.35000610351562,151.45310211148728,151.45309448242188,0.12116516573442847,0.12116516381502151,0.00800017721956178,0.008000177495817646
88,11.0,snow_rho,Snow density,kg m-3,snow_fraction_gt_1e-3,56790,3.9539645136877654e-06,2.7862824833286115e-06,3.290894605761328e-06,7.629065407854796e-06,58039,38.650001525878906,80.35000610351562,151.45310211148728,151.45309448242188,0.12116516573442847,0.12116516381502151,0.00800017721956178,0.008000177495817646
88,11.0,snow_alb,Snow albedo,1,all_columns,97709,1.94316262320077e-08,2.6653414353049774e-06,1.758597897641207e-08,2.980222180148928e-08,95519,50.04999923706055,126.05000305175781,0.6254763901232667,0.6254763603210449,0.4854858673770916,0.48548588156700134,0.04784869875236512,0.04784870160039312
88,11.0,snow_alb,Snow albedo,1,snow_present,70852,1.7471302387763416e-08,2.578482638437177e-06,1.5214639548874208e-08,2.980222180148928e-08,95519,50.04999923706055,126.05000305175781,0.6254763901232667,0.6254763603210449,0.4854858673770916,0.48548588156700134,0.04784869875236512,0.04784870160039312
88,11.0,snow_alb,Snow albedo,1,snow_fraction_gt_1e-3,56790,1.738610890668905e-08,2.5522630061592256e-06,1.5106346455771178e-08,2.980222180148928e-08,95519,50.04999923706055,126.05000305175781,0.6254763901232667,0.6254763603210449,0.4854858673770916,0.48548588156700134,0.04784869875236512,0.04784870160039312
96,12.0,avg_skin_t,Surface temperature,K,all_columns,97709,7.14759715852386e-06,2.754766572731248e-06,5.895217676544978e-06,1.5258588405231421e-05,76268,42.45000076293945,111.65000915527344,260.8462066652397,260.8462219238281,0.7139108403954109,0.7139108180999756,0.04733250361133192,0.047332503744921074
96,12.0,soil_t_l1,"Soil temperature, layer 1",K,all_columns,97709,7.564867399409475e-06,2.888738127929772e-06,6.296796040418114e-06,1.5258511496085703e-05,34231,33.150001525878906,102.15000915527344,260.92060852023025,260.92059326171875,0.024365695358076127,0.02436569519340992,0.0020528517355689587,0.0020528517041899117
96,12.0,soil_t_l2,"Soil temperature, layer 2",K,all_columns,97709,7.824948355273628e-06,2.974820600961277e-06,6.553732720764788e-06,1.5258377061400097e-05,77073,42.650001525878906,110.75,260.27708435099794,260.277099609375,0.40554245724007054,0.4055424630641937,0.02688540091153641,0.026885401492965724
96,12.0,soil_t_l3,"Soil temperature, layer 3",K,all_columns,97709,7.807977389900085e-06,2.9644282074817977e-06,6.5403284411912575e-06,1.525860892570563e-05,22163,30.350000381469727,83.85000610351562,258.8128814695464,258.8128662109375,2.394464872583112e-05,2.3944649001350626e-05,1.5818434593058918e-06,1.5818434932248177e-06
96,12.0,soil_t_l4,"Soil temperature, layer 4",K,all_columns,97709,7.5167925349150675e-06,2.862379126277611e-06,6.24594181586488e-06,1.5258697999342985e-05,58259,38.650001525878906,102.35000610351562,261.292953491302,261.29296875,0.05988359259899408,0.059883590787649155,0.0039694416803638145,0.003969441665810522
96,12.0,soil_w_l1,"Soil water, layer 1",kg m-2,all_columns,97709,5.499524258182054e-07,1.9947493082203775e-06,4.7621139254217353e-07,9.536634273388245e-07,86445,45.45000076293945,83.85000610351562,29.91293239592417,29.912931442260742,1.1854489168965199,1.1854488849639893,0.11294399301405875,0.11294398793154443
96,12.0,soil_w_l2,"Soil water, layer 2",kg m-2,all_columns,97709,2.1928768604890236e-06,2.8162113844701364e-06,1.8974157109797912e-06,3.81468979071542e-06,19421,29.650001525878906,89.75,80.39331436156479,80.393310546875,5.3636268691284485e-05,5.363626769394614e-05,3.564570227112207e-06,3.564570197942199e-06
96,12.0,soil_w_l3,"Soil water, layer 3",kg m-2,all_columns,97709,4.443044556151384e-06,2.357455226433924e-06,3.835653980931138e-06,1.5256238043548365e-05,5248,24.450000762939453,113.85000610351562,257.15071106212133,257.1507263183594,0.0,0.0,0.0,0.0
96,12.0,soil_w_l4,"Soil water, layer 4",kg m-2,all_columns,97709,8.79612789584612e-06,2.9267369877622774e-06,7.611005249075105e-06,1.5258737732892769e-05,10347,26.850000381469727,102.65000915527344,300.54911804194086,300.5491027832031,0.0,0.0,0.0,0.0
96,12.0,snow_w,Snow water equivalent,kg m-2,all_columns,97709,1.8706743263253482e-07,2.534103049249221e-06,2.9689606776648245e-08,7.507510048299082e-06,20435,29.850000381469727,112.15000915527344,177.59726702899442,177.59725952148438,177.59726702899442,177.59725952148438,1.0,1.0
96,12.0,snow_w,Snow water equivalent,kg m-2,snow_present,71874,2.1811200122563485e-07,2.5341030492492216e-06,4.03614907268945e-08,7.507510048299082e-06,20435,29.850000381469727,112.15000915527344,177.59726702899442,177.59725952148438,177.59726702899442,177.59725952148438,1.0,1.0
96,12.0,snow_w,Snow water equivalent,kg m-2,snow_fraction_gt_1e-3,56807,2.453378328237792e-07,2.5341030636950628e-06,5.1045614630654234e-08,7.507510048299082e-06,20435,29.850000381469727,112.15000915527344,177.59726702899442,177.59725952148438,177.59726702899442,177.59725952148438,1.0,1.0
96,12.0,snow_t,Snow temperature,K,all_columns,97709,5.425881102658504e-06,2.0913011497557508e-06,4.55983585298603e-06,1.52586323451942e-05,68103,40.75,97.95000457763672,265.93898010238235,265.93896484375,0.025511048796340564,0.02551104873418808,0.002463866510987212,0.0024638664949763796
96,12.0,snow_t,Snow temperature,K,snow_present,71874,5.933113520112659e-06,2.3327353175266404e-06,4.882522279300566e-06,1.52586323451942e-05,68103,40.75,97.95000457763672,265.93898010238235,265.93896484375,0.025511048796340564,0.02551104873418808,0.002463866510987212,0.0024638664949763796
96,12.0,snow_t,Snow temperature,K,snow_fraction_gt_1e-3,56807,5.953479054481596e-06,2.3459972863440938e-06,4.891337338992275e-06,1.52586323451942e-05,68103,40.75,97.95000457763672,265.93898010238235,265.93896484375,0.025511048796340564,0.02551104873418808,0.002463866510987212,0.0024638664949763796
96,12.0,snow_rho,Snow density,kg m-3,all_columns,97709,3.372948764193809e-06,2.5513159887006665e-06,2.399377070308075e-06,1.4156501208617556e-05,20039,29.75,112.15000915527344,264.0901020471262,264.090087890625,175.56618713244416,175.56619262695312,1.0,1.0
96,12.0,snow_rho,Snow density,kg m-3,snow_present,71874,3.932702740593948e-06,2.7693774832001156e-06,3.2618295094572682e-06,1.4156501208617556e-05,20039,29.75,112.15000915527344,264.0901020471262,264.090087890625,175.56618713244416,175.56619262695312,1.0,1.0
96,12.0,snow_rho,Snow density,kg m-3,snow_fraction_gt_1e-3,56807,3.880758229059423e-06,2.752701272323102e-06,3.2318459124270857e-06,1.4156501208617556e-05,20039,29.75,112.15000915527344,264.0901020471262,264.090087890625,175.56618713244416,175.56619262695312,1.0,1.0
96,12.0,snow_alb,Snow albedo,1,all_columns,97709,1.9366148790570353e-08,2.6772204776815947e-06,1.7486169488211913e-08,2.9801628498304922e-08,8002,25.75,103.05000305175781,0.6602762639529491,0.6602762937545776,0.00877691133334561,0.008776911534368992,0.0005704472467559421,0.0005704472848552829
96,12.0,snow_alb,Snow albedo,1,snow_present,71874,1.7479566532830114e-08,2.600951341137565e-06,1.520162694216488e-08,2.9801628498304922e-08,8002,25.75,103.05000305175781,0.6602762639529491,0.6602762937545776,0.00877691133334561,0.008776911534368992,0.0005704472467559421,0.0005704472848552829
96,12.0,snow_alb,Snow albedo,1,snow_fraction_gt_1e-3,56807,1.730380019017366e-08,2.56015740542798e-06,1.5009990052537503e-08,2.9801428103048977e-08,95550,50.150001525878906,120.75,0.5497641861447694,0.5497642159461975,0.20406629988470082,0.20406630635261536,0.018683904712143953,0.018683905864017292
104,13.0,avg_skin_t,Surface temperature,K,all_columns,97709,7.425512543311828e-06,2.8448162980424227e-06,6.159222529039721e-06,1.5258405483109527e-05,72175,41.54999923706055,113.65000915527344,260.5441436771414,260.5441589355469,0.3166000925899562,0.31660008430480957,0.021030039076008214,0.021030038777761134
104,13.0,soil_t_l1,"Soil temperature, layer 1",K,all_columns,97709,7.766865192670142e-06,2.9548373790649054e-06,6.498612855267088e-06,1.5720451244760625e-05,21904,30.25,98.55000305175781,267.69410751732624,267.694091796875,0.010548705736671308,0.010548706166446209,0.0006565574250705896,0.0006565574566350023
104,13.0,soil_t_l2,"Soil temperature, layer 2",K,all_columns,97709,7.942840319222839e-06,3.011388341325641e-06,6.6809550848460235e-06,1.5258690666541952e-05,66151,40.35000228881836,93.6500015258789,262.48817443837817,262.4881591796875,0.06566382994060765,0.06566382944583893,0.005511087857070916,0.005511087760419818
104,13.0,soil_t_l3,"Soil temperature, layer 3",K,all_columns,97709,7.85216768164952e-06,2.9788587285719617e-06,6.586121906642018e-06,1.5258492396696965e-05,7440,25.450000762939453,110.85000610351562,277.4454193112268,277.4454040527344,4.18904970340996,4.18904972076416,0.24470390766299993,0.24470391104027894
104,13.0,soil_t_l4,"Soil temperature, layer 4",K,all_columns,97709,7.554554477119861e-06,2.8764760448225116e-06,6.277614334742744e-06,1.5258557596098399e-05,64467,39.95000076293945,119.25,266.2881317136357,266.2881164550781,0.07815980702858404,0.07815980911254883,0.0051830958749307515,0.005183096071131406
104,13.0,soil_w_l1,"Soil water, layer 1",kg m-2,all_columns,97709,5.49350066765313e-07,2.0009898748458254e-06,4.754894011320069e-07,9.536625746875416e-07,9296,26.350000381469727,105.55000305175781,21.798155784618675,21.79815673828125,0.0,0.0,0.0,0.0
104,13.0,soil_w_l2,"Soil water, layer 2",kg m-2,all_columns,97709,2.1900069163703553e-06,2.8208089340601603e-06,1.8946037456568414e-06,3.814677299374125e-06,60141,39.04999923706055,111.55000305175781,79.84669876096636,79.84669494628906,0.8301438826133262,0.8301438689231873,0.055026372148809594,0.055026370709345004
104,13.0,soil_w_l3,"Soil water, layer 3",kg m-2,all_columns,97709,4.439435874760801e-06,2.3541004613813884e-06,3.831628474841519e-06,1.5183120069650613e-05,6365,24.950000762939453,113.55000305175781,260.55372627195806,260.5537414550781,0.0,0.0,0.0,0.0
104,13.0,soil_w_l4,"Soil water, layer 4",kg m-2,all_columns,97709,8.815006278822297e-06,2.93229572909965e-06,7.639502331397169e-06,1.5258296457432152e-05,87941,45.95000076293945,128.0500030517578,299.95921325732854,299.959228515625,5.0087575797856445,5.008757591247559,0.5008757579785644,0.5008757591247559
104,13.0,snow_w,Snow water equivalent,kg m-2,all_columns,97709,1.8152957658108195e-07,2.5050192127956184e-06,3.0048984817252845e-08,7.6293439121855045e-06,24985,30.950000762939453,116.35000610351562,137.63265228276546,137.63265991210938,137.63265228276546,137.63265991210938,1.0,1.0
104,13.0,snow_w,Snow water equivalent,kg m-2,snow_present,72591,2.106072363961487e-07,2.505019212795619e-06,4.044656019107823e-08,7.6293439121855045e-06,24985,30.950000762939453,116.35000610351562,137.63265228276546,137.63265991210938,137.63265228276546,137.63265991210938,1.0,1.0
104,13.0,snow_w,Snow water equivalent,kg m-2,snow_fraction_gt_1e-3,56429,2.388710305498012e-07,2.5050192243014933e-06,5.200985404371996e-08,7.6293439121855045e-06,24985,30.950000762939453,116.35000610351562,137.63265228276546,137.63265991210938,137.63265228276546,137.63265991210938,1.0,1.0
104,13.0,snow_t,Snow temperature,K,all_columns,97709,5.893464276234787e-06,2.252682146019489e-06,4.903172405310732e-06,1.5258386781624722e-05,91782,47.650001525878906,125.05000305175781,257.5691375728399,257.5691223144531,1.9630908431881813,1.9630908966064453,0.19630908431881813,0.19630908966064453
104,13.0,snow_t,Snow temperature,K,snow_present,72591,6.489278470749376e-06,2.520046044374852e-06,5.332606106783007e-06,1.5258386781624722e-05,91782,47.650001525878906,125.05000305175781,257.5691375728399,257.5691223144531,1.9630908431881813,1.9630908966064453,0.19630908431881813,0.19630908966064453
104,13.0,snow_t,Snow temperature,K,snow_fraction_gt_1e-3,56429,6.653372381323313e-06,2.58188897637763e-06,5.468086743078521e-06,1.5258386781624722e-05,91782,47.650001525878906,125.05000305175781,257.5691375728399,257.5691223144531,1.9630908431881813,1.9630908966064453,0.19630908431881813,0.19630908966064453
104,13.0,snow_rho,Snow density,kg m-3,all_columns,97709,3.284473059133638e-06,2.5092674924804973e-06,2.285323268241267e-06,1.4492604748284066e-05,19253,29.549999237060547,112.25,256.51500015583275,256.5150146484375,139.0087931823425,139.0087890625,1.0,1.0
104,13.0,snow_rho,Snow density,kg m-3,snow_present,72591,3.810584517574579e-06,2.721750060006125e-06,3.076092783080353e-06,1.4492604748284066e-05,19253,29.549999237060547,112.25,256.51500015583275,256.5150146484375,139.0087931823425,139.0087890625,1.0,1.0
104,13.0,snow_rho,Snow density,kg m-3,snow_fraction_gt_1e-3,56429,3.7356150197733904e-06,2.698616878301503e-06,3.0162160024865504e-06,1.4492604748284066e-05,19253,29.549999237060547,112.25,256.51500015583275,256.5150146484375,139.0087931823425,139.0087890625,1.0,1.0
104,13.0,snow_alb,Snow albedo,1,all_columns,97709,1.9278652486735573e-08,2.693533641757415e-06,1.7372842106965725e-08,2.9801986989319573e-08,89364,46.54999923706055,90.6500015258789,0.7322336733337863,0.7322336435317993,0.12528278922769162,0.12528279423713684,0.009495948868297369,0.009495949567551776
104,13.0,snow_alb,Snow albedo,1,snow_present,72591,1.742356728706815e-08,2.628071862267743e-06,1.513442770983287e-08,2.9801986989319573e-08,89364,46.54999923706055,90.6500015258789,0.7322336733337863,0.7322336435317993,0.12528278922769162,0.12528279423713684,0.009495948868297369,0.009495949567551776
104,13.0,snow_alb,Snow albedo,1,snow_fraction_gt_1e-3,56429,1.7191942531384092e-08,2.5779651177168826e-06,1.4873030718743185e-08,2.9801986989319573e-08,89364,46.54999923706055,90.6500015258789,0.7322336733337863,0.7322336435317993,0.12528278922769162,0.12528279423713684,0.009495948868297369,0.009495949567551776
112,14.0,avg_skin_t,Surface temperature,K,all_columns,97709,7.509303180147458e-06,2.87359423262341e-06,6.2411311454663e-06,1.5258632060977106e-05,29120,31.950000762939453,100.25,259.3837127683977,259.3836975097656,0.0001853020946983475,0.0001853020949056372,1.2328484916485177e-05,1.2328484686277702e-05
112,14.0,soil_t_l1,"Soil temperature, layer 1",K,all_columns,97709,7.852373735915622e-06,2.9818786446289552e-06,6.574873898735921e-06,1.7186242985189892e-05,27412,31.549999237060547,101.35000610351562,267.7150135241336,267.7149963378906,0.0396449529435465,0.03964495286345482,0.0026070481190624594,0.002607048108258373
112,14.0,soil_t_l2,"Soil temperature, layer 2",K,all_columns,97709,7.996869340000407e-06,3.0251694592916056e-06,6.729914594629069e-06,1.525834545645921e-05,89031,46.35000228881836,133.75,256.4557342533733,256.45574951171875,11.7508323284805,11.750832557678223,0.8234937483845114,0.8234937818459844
112,14.0,soil_t_l3,"Soil temperature, layer 3",K,all_columns,97709,7.91710330638836e-06,3.0004228000830937e-06,6.6572867693663404e-06,1.5258666053341585e-05,28697,31.85000228881836,101.25,268.2958221436777,268.29583740234375,0.0016118333800694926,0.0016118334606289864,0.00010693541540152345,0.00010693541999464402
112,14.0,soil_t_l4,"Soil temperature, layer 4",K,all_columns,97709,7.560920287959701e-06,2.8785517048073956e-06,6.284725872266102e-06,1.5258761891345785e-05,28567,31.85000228881836,88.25,259.6435699462619,259.6435546875,0.0,0.0,0.0,0.0
112,14.0,soil_w_l1,"Soil water, layer 1",kg m-2,all_columns,97709,5.509993990851966e-07,2.0184470212929174e-06,4.771689557186685e-07,9.536732115122959e-07,6748,25.150001525878906,106.95000457763672,22.17085742950329,22.170856475830078,0.0,0.0,0.0,0.0
112,14.0,soil_w_l2,"Soil water, layer 2",kg m-2,all_columns,97709,2.1905095483435014e-06,2.828719557673111e-06,1.8936447385310139e-06,4.0008283122006105e-06,21335,30.150001525878906,81.35000610351562,79.29132480160956,79.29132080078125,0.0,0.0,0.0,0.0
112,14.0,soil_w_l3,"Soil water, layer 3",kg m-2,all_columns,97709,4.44197507717194e-06,2.3541890681274886e-06,3.837446107872305e-06,1.5218811824979639e-05,5065,24.350000381469727,117.45000457763672,264.2763824862663,264.2763977050781,0.0,0.0,0.0,0.0
112,14.0,soil_w_l4,"Soil water, layer 4",kg m-2,all_columns,97709,8.810466567964434e-06,2.9300750788606208e-06,7.633630766720806e-06,1.5258512917171174e-05,70978,41.35000228881836,92.35000610351562,299.81062316922146,299.8106384277344,0.20829537715045207,0.20829537510871887,0.016469282007518,0.016469281629256368
112,14.0,snow_w,Snow water equivalent,kg m-2,all_columns,97709,1.757477059454776e-07,2.570060040266806e-06,3.03542693480254e-08,7.513425742899926e-06,6357,24.950000762939453,112.75,149.28047931518356,149.2804718017578,149.28047931518356,149.2804718017578,1.0,1.0
112,14.0,snow_w,Snow water equivalent,kg m-2,snow_present,75581,1.9982537297300687e-07,2.5700600402668065e-06,3.924114919901111e-08,7.513425742899926e-06,6357,24.950000762939453,112.75,149.28047931518356,149.2804718017578,149.28047931518356,149.2804718017578,1.0,1.0
112,14.0,snow_w,Snow water equivalent,kg m-2,snow_fraction_gt_1e-3,59772,2.2470256915724917e-07,2.5700600591767815e-06,4.9602738131594106e-08,7.513425742899926e-06,6357,24.950000762939453,112.75,149.28047931518356,149.2804718017578,149.28047931518356,149.2804718017578,1.0,1.0
112,14.0,snow_t,Snow temperature,K,all_columns,97709,5.6331764781003405e-06,2.167932237334255e-06,4.707343416611437e-06,1.5257459608619683e-05,66799,40.45000076293945,110.55000305175781,256.69087219105336,256.69085693359375,0.24703882650121423,0.2470388263463974,0.016330219586128833,0.016330219642252303
112,14.0,snow_t,Snow temperature,K,snow_present,75581,6.09070915809773e-06,2.3809471330382047e-06,5.0133586774074526e-06,1.5257459608619683e-05,66799,40.45000076293945,110.55000305175781,256.69087219105336,256.69085693359375,0.24703882650121423,0.2470388263463974,0.016330219586128833,0.016330219642252303
112,14.0,snow_t,Snow temperature,K,snow_fraction_gt_1e-3,59772,6.236962393483982e-06,2.4474494652755583e-06,5.1185418226748435e-06,1.5257459608619683e-05,66799,40.45000076293945,110.55000305175781,256.69087219105336,256.69085693359375,0.24703882650121423,0.2470388263463974,0.016330219586128833,0.016330219642252303
112,14.0,snow_rho,Snow density,kg m-3,all_columns,97709,0.019348377323881946,0.014932702449876042,0.00012608712850824415,3.0240003532579323,5301,24.450000762939453,121.05000305175781,103.02400035325793,100.0,0.0,1.6940658945086007e-21,0.0,1.6940658945086008e-22
112,14.0,snow_rho,Snow density,kg m-3,snow_present,75581,3.679429129015566e-06,2.6852138926940615e-06,2.9616704727492735e-06,1.4536258902353438e-05,20438,29.850000381469727,112.45000457763672,260.48615955579015,260.48614501953125,122.4509831441114,122.45098114013672,1.0,1.0
112,14.0,snow_rho,Snow density,kg m-3,snow_fraction_gt_1e-3,59772,3.5817085087070988e-06,2.6561866212116097e-06,2.8904994592907e-06,1.4536258902353438e-05,20438,29.850000381469727,112.45000457763672,260.48615955579015,260.48614501953125,122.4509831441114,122.45098114013672,1.0,1.0
112,14.0,snow_alb,Snow albedo,1,all_columns,97709,1.9142658289550916e-08,2.7004563714763045e-06,1.7197349569888046e-08,2.980225111137713e-08,54048,37.75,76.05000305175781,0.6342020928858998,0.6342020630836487,0.08289981671275469,0.08289981633424759,0.006677438320738724,0.0066774382671121015
112,14.0,snow_alb,Snow albedo,1,snow_present,75581,1.7530931458826284e-08,2.648665809701037e-06,1.5253233664127262e-08,2.980225111137713e-08,54048,37.75,76.05000305175781,0.6342020928858998,0.6342020630836487,0.08289981671275469,0.08289981633424759,0.006677438320738724,0.0066774382671121015
112,14.0,snow_alb,Snow albedo,1,snow_fraction_gt_1e-3,59772,1.7332353030293693e-08,2.6005454494686353e-06,1.5026843793158858e-08,2.980225111137713e-08,54048,37.75,76.05000305175781,0.6342020928858998,0.6342020630836487,0.08289981671275469,0.08289981633424759,0.006677438320738724,0.0066774382671121015
120,15.0,avg_skin_t,Surface temperature,K,all_columns,97709,7.27156947566518e-06,2.787870920183271e-06,6.0073410521087035e-06,1.5258687199093401e-05,15935,28.75,86.45000457763672,257.37724304209405,257.37725830078125,0.000825127341575517,0.0008251273538917303,5.4465045268910326e-05,5.446504760609869e-05
120,15.0,soil_t_l1,"Soil temperature, layer 1",K,all_columns,97709,7.808600738967691e-06,2.9660582022921684e-06,6.534209505597658e-06,2.1592684788629413e-05,14490,28.350000381469727,89.6500015258789,262.15926231534104,262.15924072265625,3.661871816491987e-06,3.661871915028314e-06,3.6618718164919873e-07,3.661871915028314e-07
120,15.0,soil_t_l2,"Soil temperature, layer 2",K,all_columns,97709,7.933138121529442e-06,3.0008688971071497e-06,6.669474312712302e-06,1.5258699306741619e-05,28499,31.85000228881836,81.45000457763672,260.87248229971493,260.8724670410156,4.225385094201907e-12,4.2253817632287305e-12,4.225385094201907e-13,4.2253817632287303e-13
120,15.0,soil_t_l3,"Soil temperature, layer 3",K,all_columns,97709,7.954917783755741e-06,3.012229733074099e-06,6.686080761341498e-06,1.5258730968525924e-05,84225,44.650001525878906,124.05000305175781,257.37718200689403,257.377197265625,3.670004719250583,3.6700046062469482,0.2462207952926919,0.24622078157099797
120,15.0,soil_t_l4,"Soil temperature, layer 4",K,all_columns,97709,7.562735989243013e-06,2.878832075083416e-06,6.284180658820043e-06,1.5258714483934455e-05,20247,29.850000381469727,93.35000610351562,263.99119567863636,263.9911804199219,0.0024887179666925573,0.0024887179024517536,0.00021795524039473275,0.00021795522881781936
120,15.0,soil_w_l1,"Soil water, layer 1",kg m-2,all_columns,97709,5.490645739064492e-07,2.0230789920163284e-06,4.7534602985291736e-07,1.0263221206230355e-06,14490,28.350000381469727,89.6500015258789,24.202601505448097,24.202600479125977,3.661871816491987e-06,3.661871915028314e-06,3.6618718164919873e-07,3.661871915028314e-07
120,15.0,soil_w_l2,"Soil water, layer 2",kg m-2,all_columns,97709,2.179547089332861e-06,2.8216320738440175e-06,1.8804095752072602e-06,1.1767225032599526e-05,19515,29.650001525878906,99.1500015258789,77.73112901576019,77.73111724853516,8.236063894478601e-05,8.236064604716375e-05,5.408751031769092e-06,5.408751503324937e-06
120,15.0,soil_w_l3,"Soil water, layer 3",kg m-2,all_columns,97709,4.433273422496e-06,2.3485758199041063e-06,3.830660638365446e-06,1.5249803482220159e-05,7067,25.25,116.65000915527344,259.95262145097536,259.9526062011719,0.0,0.0,0.0,0.0
120,15.0,soil_w_l4,"Soil water, layer 4",kg m-2,all_columns,97709,8.820592874041451e-06,2.932741941181834e-06,7.637654509141676e-06,1.5258716075550183e-05,5995,24.850000381469727,99.05000305175781,303.66209411613795,303.6620788574219,0.0,0.0,0.0,0.0
120,15.0,snow_w,Snow water equivalent,kg m-2,all_columns,97709,1.6720181091716377e-07,2.5020199942447737e-06,3.137723562483195e-08,6.827532843090012e-06,20039,29.75,112.15000915527344,155.41133960801403,155.41134643554688,155.41133960801403,155.41134643554688,1.0,1.0
120,15.0,snow_w,Snow water equivalent,kg m-2,snow_present,77137,1.881814839516993e-07,2.5020199942447733e-06,3.9745366176606575e-08,6.827532843090012e-06,20039,29.75,112.15000915527344,155.41133960801403,155.41134643554688,155.41133960801403,155.41134643554688,1.0,1.0
120,15.0,snow_w,Snow water equivalent,kg m-2,snow_fraction_gt_1e-3,61501,2.1074979039042084e-07,2.5020200060445805e-06,4.9832401325922004e-08,6.827532843090012e-06,20039,29.75,112.15000915527344,155.41133960801403,155.41134643554688,155.41133960801403,155.41134643554688,1.0,1.0
120,15.0,snow_t,Snow temperature,K,all_columns,97709,5.635250599336251e-06,2.1744242688289973e-06,4.707261865776086e-06,2.065639415604892e-05,19515,29.650001525878906,99.1500015258789,250.68392404575428,250.68394470214844,8.236063894478601e-05,8.236064604716375e-05,5.408751031769092e-06,5.408751503324937e-06
120,15.0,snow_t,Snow temperature,K,snow_present,77137,6.053805237597285e-06,2.371275876776835e-06,4.985998108497142e-06,2.065639415604892e-05,19515,29.650001525878906,99.1500015258789,250.68392404575428,250.68394470214844,8.236063894478601e-05,8.236064604716375e-05,5.408751031769092e-06,5.408751503324937e-06
120,15.0,snow_t,Snow temperature,K,snow_fraction_gt_1e-3,61501,6.191679032478928e-06,2.43591290510238e-06,5.0867091478763456e-06,1.5258439987064776e-05,87148,45.650001525878906,126.85000610351562,257.94593811070064,257.9459533691406,2.3281105319995032,2.328110456466675,0.15315500211140445,0.15315499890937012
120,15.0,snow_rho,Snow density,kg m-3,all_columns,97709,0.016756186579844304,0.013039480080951533,9.507249699625323e-05,3.024000406062555,4643,24.150001525878906,121.45000457763672,103.02400040606256,100.0,0.0,0.0,0.0,0.0
120,15.0,snow_rho,Snow density,kg m-3,snow_present,77137,3.5384761569718623e-06,2.6192857061217145e-06,2.8188491170615105e-06,1.5177826128365268e-05,18862,29.450000762939453,112.15000915527344,260.3090058182676,260.30902099609375,103.27652142858108,103.27651977539062,1.0,1.0
120,15.0,snow_rho,Snow density,kg m-3,snow_fraction_gt_1e-3,61501,3.437949826447046e-06,2.5857963094430392e-06,2.7498878394995052e-06,1.5177826128365268e-05,18862,29.450000762939453,112.15000915527344,260.3090058182676,260.30902099609375,103.27652142858108,103.27651977539062,1.0,1.0
120,15.0,snow_alb,Snow albedo,1,all_columns,97709,1.9098538503239657e-08,2.70786830694797e-06,1.716918648172252e-08,2.9802307066617573e-08,39287,34.35000228881836,106.25,0.6012904942035522,0.6012904644012451,0.37484588027372534,0.3748458921909332,0.024501202721166074,0.024501202515263196
120,15.0,snow_alb,Snow albedo,1,snow_present,77137,1.7619759903477374e-08,2.6640858095775123e-06,1.5390512116581127e-08,2.9802307066617573e-08,39287,34.35000228881836,106.25,0.6012904942035522,0.6012904644012451,0.37484588027372534,0.3748458921909332,0.024501202721166074,0.024501202515263196
120,15.0,snow_alb,Snow albedo,1,snow_fraction_gt_1e-3,61501,1.7388021826371646e-08,2.6125582195707494e-06,1.513649525170059e-08,2.9802307066617573e-08,39287,34.35000228881836,106.25,0.6012904942035522,0.6012904644012451,0.37484588027372534,0.3748458921909332,0.024501202721166074,0.024501202515263196
128,16.0,avg_skin_t,Surface temperature,K,all_columns,97709,7.4924936133984946e-06,2.8625831464810317e-06,6.222803833449215e-06,1.5258514395100065e-05,57060,38.35000228881836,113.55000305175781,268.7035675051575,268.7035827636719,0.13170847723570997,0.13170847296714783,0.00917884583658479,0.009178845175267614
128,16.0,soil_t_l1,"Soil temperature, layer 1",K,all_columns,97709,7.907289267462523e-06,2.995009992956257e-06,6.636387882820742e-06,3.793307070054652e-05,14490,28.350000381469727,89.6500015258789,262.7365648501324,262.7366027832031,2.2185017327067346e-06,2.218501776951598e-06,2.2185017327067344e-07,2.218501776951598e-07
128,16.0,soil_t_l2,"Soil temperature, layer 2",K,all_columns,97709,8.041210077219851e-06,3.0351369872901376e-06,6.781126222866616e-06,2.7807751962427574e-05,14490,28.350000381469727,89.6500015258789,266.4013088621699,266.4013366699219,2.2185017327067346e-06,2.218501776951598e-06,2.2185017327067344e-07,2.218501776951598e-07
128,16.0,soil_t_l3,"Soil temperature, layer 3",K,all_columns,97709,7.956534695782145e-06,3.0102414207230577e-06,6.691817279475324e-06,1.785079138016954e-05,19515,29.650001525878906,99.1500015258789,268.8017399617086,268.8017578125,4.5817855857844595e-05,4.581784742185846e-05,3.0089296756722526e-06,3.0089291793580287e-06
128,16.0,soil_t_l4,"Soil temperature, layer 4",K,all_columns,97709,7.5913599806800226e-06,2.8892685738554464e-06,6.3120226152348105e-06,1.5258783889748884e-05,4537,24.150001525878906,108.55000305175781,282.34300231933076,282.3429870605469,0.0,0.0,0.0,0.0
128,16.0,soil_w_l1,"Soil water, layer 1",kg m-2,all_columns,97709,5.5101995932496e-07,2.0383591621092127e-06,4.77358863808091e-07,3.4960172961007174e-06,14490,28.350000381469727,89.6500015258789,23.700947126541298,23.700950622558594,2.2185017327067346e-06,2.218501776951598e-06,2.2185017327067344e-07,2.218501776951598e-07
128,16.0,soil_w_l2,"Soil water, layer 2",kg m-2,all_columns,97709,2.1744822043553895e-06,2.821692216660371e-06,1.8727074051137088e-06,2.3353551071636502e-05,19515,29.650001525878906,99.1500015258789,76.78767441556279,76.78765106201172,4.5817855857844595e-05,4.581784742185846e-05,3.0089296756722526e-06,3.0089291793580287e-06
128,16.0,soil_w_l3,"Soil water, layer 3",kg m-2,all_columns,97709,4.439191300446243e-06,2.3505409718721422e-06,3.837868273867188e-06,1.9546538823078663e-05,19515,29.650001525878906,99.1500015258789,181.59163999935961,181.59165954589844,4.5817855857844595e-05,4.581784742185846e-05,3.0089296756722526e-06,3.0089291793580287e-06
128,16.0,soil_w_l4,"Soil water, layer 4",kg m-2,all_columns,97709,8.81490219585838e-06,2.9301284570197074e-06,7.634704275670743e-06,1.5257998995821254e-05,57232,38.45000076293945,87.35000610351562,299.99909973065525,299.99908447265625,0.7245562586816889,0.7245562672615051,0.06290511023462177,0.06290510953528439
128,16.0,snow_w,Snow water equivalent,kg m-2,all_columns,97709,1.6231450177994545e-07,2.4890538201203776e-06,3.1587343718375164e-08,6.89374610374216e-06,25842,31.150001525878906,116.15000915527344,132.41792986737892,132.4179229736328,132.41792986737892,132.4179229736328,1.0,1.0
128,16.0,snow_w,Snow water equivalent,kg m-2,snow_present,77555,1.8218797394468147e-07,2.489053820120378e-06,3.9795857934241625e-08,6.89374610374216e-06,25842,31.150001525878906,116.15000915527344,132.41792986737892,132.4179229736328,132.41792986737892,132.4179229736328,1.0,1.0
128,16.0,snow_w,Snow water equivalent,kg m-2,snow_fraction_gt_1e-3,61829,2.040461836450414e-07,2.4890538266032683e-06,4.990133628325227e-08,6.89374610374216e-06,25842,31.150001525878906,116.15000915527344,132.41792986737892,132.4179229736328,132.41792986737892,132.4179229736328,1.0,1.0
128,16.0,snow_t,Snow temperature,K,all_columns,97709,5.8863729227721975e-06,2.2628421676680163e-06,4.897586511120281e-06,1.525878059283059e-05,64109,39.95000076293945,83.35000610351562,264.3252105712806,264.3251953125,0.5636896139734208,0.5636895895004272,0.047790888427133936,0.0477908864324878
128,16.0,snow_t,Snow temperature,K,snow_present,77555,6.337865120072936e-06,2.4695739006816496e-06,5.21864649055993e-06,1.525878059283059e-05,64109,39.95000076293945,83.35000610351562,264.3252105712806,264.3251953125,0.5636896139734208,0.5636895895004272,0.047790888427133936,0.0477908864324878
128,16.0,snow_t,Snow temperature,K,snow_fraction_gt_1e-3,61829,6.547083541984063e-06,2.5610351806806908e-06,5.382299094570802e-06,1.525878059283059e-05,64109,39.95000076293945,83.35000610351562,264.3252105712806,264.3251953125,0.5636896139734208,0.5636895895004272,0.047790888427133936,0.0477908864324878
128,16.0,snow_rho,Snow density,kg m-3,all_columns,97709,3.1746481199964926e-06,2.477281215676389e-06,2.268240041022399e-06,1.52258933212579e-05,19648,29.650001525878906,112.45000457763672,270.5445404381692,270.5445556640625,103.6912141785397,103.69121551513672,1.0,1.0
128,16.0,snow_rho,Snow density,kg m-3,snow_present,77555,3.5633458663698667e-06,2.6492319374628642e-06,2.857681209054962e-06,1.52258933212579e-05,19648,29.650001525878906,112.45000457763672,270.5445404381692,270.5445556640625,103.6912141785397,103.69121551513672,1.0,1.0
128,16.0,snow_rho,Snow density,kg m-3,snow_fraction_gt_1e-3,61829,3.5087850647205733e-06,2.6378622221724938e-06,2.8398594959714878e-06,1.52258933212579e-05,19648,29.650001525878906,112.45000457763672,270.5445404381692,270.5445556640625,103.6912141785397,103.69121551513672,1.0,1.0
128,16.0,snow_alb,Snow albedo,1,all_columns,97709,1.8977011760455654e-08,2.706961617623604e-06,1.699250716494616e-08,2.9801690448749696e-08,61892,39.45000076293945,100.95000457763672,0.574580341576898,0.5745803117752075,0.0359970062148286,0.03599700704216957,0.0023722870913415145,0.002372287160612755
128,16.0,snow_alb,Snow albedo,1,snow_present,77555,1.749270604289786e-08,2.663203594967364e-06,1.5212585620668258e-08,2.9801690448749696e-08,61892,39.45000076293945,100.95000457763672,0.574580341576898,0.5745803117752075,0.0359970062148286,0.03599700704216957,0.0023722870913415145,0.002372287160612755
128,16.0,snow_alb,Snow albedo,1,snow_fraction_gt_1e-3,61829,1.725186394459809e-08,2.621376396189363e-06,1.4936190758636192e-08,2.9801690448749696e-08,61892,39.45000076293945,100.95000457763672,0.574580341576898,0.5745803117752075,0.0359970062148286,0.03599700704216957,0.0023722870913415145,0.002372287160612755
136,17.0,avg_skin_t,Surface temperature,K,all_columns,97709,7.550522080008382e-06,2.8864366348059782e-06,6.278178643932799e-06,1.5257867858053942e-05,31869,32.54999923706055,116.95000457763672,274.98692321869464,274.9869384765625,0.1537030411370913,0.15370303392410278,0.009396559046466527,0.009396558918453961
136,17.0,soil_t_l1,"Soil temperature, layer 1",K,all_columns,97709,7.935189960746924e-06,3.004624985925183e-06,6.667609235054349e-06,8.027755245620938e-05,14490,28.350000381469727,89.6500015258789,261.3876760701038,261.38775634765625,1.543113584768572e-06,1.543113626212289e-06,1.543113584768572e-07,1.5431136262122892e-07
136,17.0,soil_t_l2,"Soil temperature, layer 2",K,all_columns,97709,8.082230668077878e-06,3.0483091568486096e-06,6.82027707343474e-06,7.467756057621955e-05,14490,28.350000381469727,89.6500015258789,264.6564194630644,264.656494140625,1.543113584768572e-06,1.543113626212289e-06,1.543113584768572e-07,1.5431136262122892e-07
136,17.0,soil_t_l3,"Soil temperature, layer 3",K,all_columns,97709,8.02047025338625e-06,3.031761420368829e-06,6.757477776934213e-06,1.5359444034857006e-05,19515,29.650001525878906,99.1500015258789,268.9002837128216,268.9002990722656,2.2202934578530168e-05,2.220291571575217e-05,1.4581011459262994e-06,1.4580999484511322e-06
136,17.0,soil_t_l4,"Soil temperature, layer 4",K,all_columns,97709,7.595020595207949e-06,2.8901501767902707e-06,6.3247385460435346e-06,1.5258707151133422e-05,53222,37.54999923706055,84.6500015258789,256.8001251221522,256.8001403808594,0.47461259490293095,0.47461259365081787,0.047461259490293096,0.04746125936508179
136,17.0,soil_w_l1,"Soil water, layer 1",kg m-2,all_columns,97709,5.508836702687156e-07,2.0497104426155016e-06,4.773040572152059e-07,3.104531565156776e-06,14490,28.350000381469727,89.6500015258789,23.52255510774871,23.522558212280273,1.543113584768572e-06,1.543113626212289e-06,1.543113584768572e-07,1.5431136262122892e-07
136,17.0,soil_w_l2,"Soil water, layer 2",kg m-2,all_columns,97709,2.1549726354648924e-06,2.8041666845946074e-06,1.8543338391480059e-06,2.046205634087528e-05,19515,29.650001525878906,99.1500015258789,76.08681245424384,76.0867919921875,2.2202934578530168e-05,2.220291571575217e-05,1.4581011459262994e-06,1.4580999484511322e-06
136,17.0,soil_w_l3,"Soil water, layer 3",kg m-2,all_columns,97709,4.441947265411738e-06,2.3510264502748745e-06,3.837737080724825e-06,2.9908311688586764e-05,19515,29.650001525878906,99.1500015258789,181.85264648328987,181.85267639160156,2.2202934578530168e-05,2.220291571575217e-05,1.4581011459262994e-06,1.4580999484511322e-06
136,17.0,soil_w_l4,"Soil water, layer 4",kg m-2,all_columns,97709,8.819251359515907e-06,2.9308486895990254e-06,7.639665266979953e-06,1.5258535427165043e-05,71563,41.45000076293945,101.6500015258789,299.7610321047458,299.76104736328125,0.5171207049451504,0.5171207189559937,0.03676890921436577,0.03676891155146255
136,17.0,snow_w,Snow water equivalent,kg m-2,all_columns,97709,1.6056842506939947e-07,2.6060169621782297e-06,3.228752006705878e-08,7.468114517905633e-06,26272,31.25,116.15000915527344,130.5037611302239,130.50375366210938,130.5037611302239,130.50375366210938,1.0,1.0
136,17.0,snow_w,Snow water equivalent,kg m-2,snow_present,78715,1.7889519752259195e-07,2.60601696217823e-06,4.007852750522743e-08,7.468114517905633e-06,26272,31.25,116.15000915527344,130.5037611302239,130.50375366210938,130.5037611302239,130.50375366210938,1.0,1.0
136,17.0,snow_w,Snow water equivalent,kg m-2,snow_fraction_gt_1e-3,65812,1.9564775622641283e-07,2.606016977156717e-06,4.792452179472452e-08,7.468114517905633e-06,26272,31.25,116.15000915527344,130.5037611302239,130.50375366210938,130.5037611302239,130.50375366210938,1.0,1.0
136,17.0,snow_t,Snow temperature,K,all_columns,97709,5.490370618218736e-06,2.1297279353172205e-06,4.601289435419002e-06,1.5257741324603558e-05,35695,33.54999923706055,80.85000610351562,266.9947357167257,266.9947204589844,0.16825948157529919,0.16825948655605316,0.013560717645443405,0.013560717902824346
136,17.0,snow_t,Snow temperature,K,snow_present,78715,5.846527814558398e-06,2.3022312824986766e-06,4.827914431196928e-06,1.5257741324603558e-05,35695,33.54999923706055,80.85000610351562,266.9947357167257,266.9947204589844,0.16825948157529919,0.16825948655605316,0.013560717645443405,0.013560717902824346
136,17.0,snow_t,Snow temperature,K,snow_fraction_gt_1e-3,65812,5.9602496936579336e-06,2.36545864676166e-06,4.901103495795748e-06,1.5257741324603558e-05,35695,33.54999923706055,80.85000610351562,266.9947357167257,266.9947204589844,0.16825948157529919,0.16825948655605316,0.013560717645443405,0.013560717902824346
136,17.0,snow_rho,Snow density,kg m-3,all_columns,97709,3.1095241105774546e-06,2.4619971529141757e-06,2.2080883572008337e-06,1.4869062283651147e-05,19252,29.549999237060547,112.15000915527344,278.52873268953147,278.52874755859375,112.86388811025179,112.8638916015625,1.0,1.0
136,17.0,snow_rho,Snow density,kg m-3,snow_present,78715,3.464435362821712e-06,2.627279132225511e-06,2.740902055437163e-06,1.4869062283651147e-05,19252,29.549999237060547,112.15000915527344,278.52873268953147,278.52874755859375,112.86388811025179,112.8638916015625,1.0,1.0
136,17.0,snow_rho,Snow density,kg m-3,snow_fraction_gt_1e-3,65812,3.406308904308308e-06,2.615625764595247e-06,2.7140592885647915e-06,1.4869062283651147e-05,19252,29.549999237060547,112.15000915527344,278.52873268953147,278.52874755859375,112.86388811025179,112.8638916015625,1.0,1.0
136,17.0,snow_alb,Snow albedo,1,all_columns,97709,1.8910940862543484e-08,2.7043449998067815e-06,1.6936706042829467e-08,2.980198232638287e-08,48843,36.54999923706055,117.75,0.5769432485107008,0.5769432783126831,0.002276825727013982,0.0022768257185816765,0.00015156956434805987,0.00015156956255065599
136,17.0,snow_alb,Snow albedo,1,snow_present,78715,1.7514420360196822e-08,2.662741705417109e-06,1.5270486707381884e-08,2.980198232638287e-08,48843,36.54999923706055,117.75,0.5769432485107008,0.5769432783126831,0.002276825727013982,0.0022768257185816765,0.00015156956434805987,0.00015156956255065599
136,17.0,snow_alb,Snow albedo,1,snow_fraction_gt_1e-3,65812,1.727829900124172e-08,2.62358764683455e-06,1.5013572743801707e-08,2.9801758172354198e-08,85139,44.95000076293945,117.85000610351562,0.6574815809721073,0.6574815511703491,0.9508674295461034,0.9508674144744873,0.06305864777891301,0.0630586443889172
144,18.0,avg_skin_t,Surface temperature,K,all_columns,97709,7.344190409655559e-06,2.810198143621079e-06,6.079291865816763e-06,1.5258109726801194e-05,82724,44.25,93.85000610351562,257.79768371649965,257.7976989746094,0.020706000188252558,0.020705999806523323,0.001379387470124109,0.0013793874484634412
144,18.0,soil_t_l1,"Soil temperature, layer 1",K,all_columns,97709,7.878325101754202e-06,2.98358102334091e-06,6.604351669383165e-06,7.355213273285699e-05,19515,29.650001525878906,99.1500015258789,267.0119754076015,267.01190185546875,7.649766364614324e-06,7.649742656212766e-06,7.649766364614325e-07,7.649742656212766e-07
144,18.0,soil_t_l2,"Soil temperature, layer 2",K,all_columns,97709,8.045373701867748e-06,3.0342961391277232e-06,6.778850652249153e-06,8.673951430182569e-05,19515,29.650001525878906,99.1500015258789,271.2150220422487,271.2149353027344,7.649766364614324e-06,7.649742656212766e-06,7.649766364614325e-07,7.649742656212766e-07
144,18.0,soil_t_l3,"Soil temperature, layer 3",K,all_columns,97709,8.01991160234134e-06,3.0294025233346747e-06,6.7555790927613066e-06,2.471840286943916e-05,14490,28.350000381469727,89.6500015258789,265.46338470542526,265.4634094238281,1.0848333506429406e-06,1.084833343156788e-06,1.0848333506429407e-07,1.084833343156788e-07
144,18.0,soil_t_l4,"Soil temperature, layer 4",K,all_columns,97709,7.608458271367572e-06,2.8947095734598583e-06,6.335603018577917e-06,1.52586284229983e-05,15640,28.650001525878906,94.1500015258789,272.4009857176128,272.4009704589844,0.012296550491894364,0.012296550907194614,0.0010673419665322432,0.0010673420203474934
144,18.0,soil_w_l1,"Soil water, layer 1",kg m-2,all_columns,97709,5.523937002164133e-07,2.0639940602740686e-06,4.773921871341609e-07,1.3042685928610354e-05,19515,29.650001525878906,99.1500015258789,23.712127376792374,23.712114334106445,7.649766364614324e-06,7.649742656212766e-06,7.649766364614325e-07,7.649742656212766e-07
144,18.0,soil_w_l2,"Soil water, layer 2",kg m-2,all_columns,97709,2.153367106119106e-06,2.81055145578388e-06,1.8475724151298735e-06,4.163943856383412e-05,19515,29.650001525878906,99.1500015258789,75.030857408413,75.03089904785156,7.649766364614324e-06,7.649742656212766e-06,7.649766364614325e-07,7.649742656212766e-07
144,18.0,soil_w_l3,"Soil water, layer 3",kg m-2,all_columns,97709,4.4299543966172466e-06,2.3440586847296488e-06,3.8270112366354226e-06,2.5230437927348248e-05,19515,29.650001525878906,99.1500015258789,182.391886192352,182.39186096191406,7.649766364614324e-06,7.649742656212766e-06,7.649766364614325e-07,7.649742656212766e-07
144,18.0,soil_w_l4,"Soil water, layer 4",kg m-2,all_columns,97709,8.813012678620857e-06,2.928054827386379e-06,7.639289200304015e-06,1.5258494897807395e-05,10900,27.049999237060547,110.85000610351562,302.4688568118176,302.4688720703125,0.0,0.0,0.0,0.0
144,18.0,snow_w,Snow water equivalent,kg m-2,all_columns,97709,1.5256650987197607e-07,2.596135348499972e-06,2.924973596007584e-08,7.57198688461358e-06,13028,27.850000381469727,115.65000915527344,166.44695276241657,166.4469451904297,166.44695276241657,166.4469451904297,1.0,1.0
144,18.0,snow_w,Snow water equivalent,kg m-2,snow_present,77980,1.7077916280264165e-07,2.5961353484999717e-06,3.664994159200127e-08,7.57198688461358e-06,13028,27.850000381469727,115.65000915527344,166.44695276241657,166.4469451904297,166.44695276241657,166.4469451904297,1.0,1.0
144,18.0,snow_w,Snow water equivalent,kg m-2,snow_fraction_gt_1e-3,61324,1.925799510276042e-07,2.596134419975735e-06,4.6584537795608245e-08,7.57198688461358e-06,13028,27.850000381469727,115.65000915527344,166.44695276241657,166.4469451904297,166.44695276241657,166.4469451904297,1.0,1.0
144,18.0,snow_t,Snow temperature,K,all_columns,97709,5.487638039453436e-06,2.1236430660174595e-06,4.587461693773923e-06,2.788595335800892e-05,24391,30.850000381469727,99.75,254.16310382791383,254.1631317138672,0.012326720968259973,0.012326680123806,0.0008000894412540505,0.0008000867874411912
144,18.0,snow_t,Snow temperature,K,snow_present,77980,5.860040535114739e-06,2.3022196659863455e-06,4.821576548743592e-06,2.788595335800892e-05,24391,30.850000381469727,99.75,254.16310382791383,254.1631317138672,0.012326720968259973,0.012326680123806,0.0008000894412540505,0.0008000867874411912
144,18.0,snow_t,Snow temperature,K,snow_fraction_gt_1e-3,61324,6.007596792536745e-06,2.3754847553518065e-06,4.91902409782508e-06,2.1663461950538476e-05,56696,38.35000228881836,77.1500015258789,261.9808743326318,261.98089599609375,0.14105398114732834,0.1410539746284485,0.011474237054213287,0.011474236046061964
144,18.0,snow_rho,Snow density,kg m-3,all_columns,97709,0.02369682532577988,0.017947353292733583,0.0001881368791326867,3.024000251038558,10441,26.850000381469727,112.05000305175781,103.02400025103856,100.0,0.0,0.0,0.0,0.0
144,18.0,snow_rho,Snow density,kg m-3,snow_present,77980,3.761526962290028e-06,2.7066300444759213e-06,3.0605905900670083e-06,1.514192439344697e-05,19251,29.549999237060547,112.05000305175781,270.98866283659123,270.9886779785156,68.28353383375709,68.28353118896484,1.0,1.0
144,18.0,snow_rho,Snow density,kg m-3,snow_fraction_gt_1e-3,61324,3.783522529123456e-06,2.723156981455739e-06,3.1323169757819723e-06,1.514192439344697e-05,19251,29.549999237060547,112.05000305175781,270.98866283659123,270.9886779785156,68.28353383375709,68.28353118896484,1.0,1.0
144,18.0,snow_alb,Snow albedo,1,all_columns,97709,1.903261048497784e-08,2.7431981756831055e-06,1.707072628828642e-08,2.9801822565289626e-08,70070,41.150001525878906,99.25,0.5707159936433068,0.5707160234451294,0.07274469318733984,0.0727446898818016,0.0060170636652974625,0.006017063332748021
144,18.0,snow_alb,Snow albedo,1,snow_present,77980,1.761013068852549e-08,2.7161064085492184e-06,1.5359384007589986e-08,2.9801822565289626e-08,70070,41.150001525878906,99.25,0.5707159936433068,0.5707160234451294,0.07274469318733984,0.0727446898818016,0.0060170636652974625,0.006017063332748021
144,18.0,snow_alb,Snow albedo,1,snow_fraction_gt_1e-3,61324,1.7236647604003764e-08,2.6733734865280567e-06,1.4943630737197668e-08,2.9801822565289626e-08,70070,41.150001525878906,99.25,0.5707159936433068,0.5707160234451294,0.07274469318733984,0.0727446898818016,0.0060170636652974625,0.006017063332748021
152,19.0,avg_skin_t,Surface temperature,K,all_columns,97709,7.311745581488521e-06,2.7984406742347752e-06,6.0470584077463805e-06,1.5258484268088068e-05,3486,23.650001525878906,109.45000457763672,284.87840270965614,284.8783874511719,0.0,0.0,0.0,0.0
152,19.0,soil_t_l1,"Soil temperature, layer 1",K,all_columns,97709,7.908445804755783e-06,2.994336765714228e-06,6.538484816259596e-06,0.00031132129930711017,19515,29.650001525878906,99.1500015258789,267.13037723926806,267.13006591796875,6.7106648264920305e-06,6.710641173413023e-06,6.710664826492031e-07,6.710641173413024e-07
152,19.0,soil_t_l2,"Soil temperature, layer 2",K,all_columns,97709,8.045042272997387e-06,3.032201799532081e-06,6.736555352073336e-06,0.00023137379446325212,14490,28.350000381469727,89.6500015258789,265.7514165754243,265.75164794921875,6.103048504817434e-07,6.103048235672759e-07,6.103048504817435e-08,6.10304823567276e-08
152,19.0,soil_t_l3,"Soil temperature, layer 3",K,all_columns,97709,8.035021826963492e-06,3.033081338017735e-06,6.772401139259636e-06,5.774296158733705e-05,14490,28.350000381469727,89.6500015258789,265.43860192500716,265.43865966796875,6.103048504817434e-07,6.103048235672759e-07,6.103048504817435e-08,6.10304823567276e-08
152,19.0,soil_t_l4,"Soil temperature, layer 4",K,all_columns,97709,7.6285354084382485e-06,2.901761293712102e-06,6.354136963655031e-06,1.5258770361015195e-05,27595,31.549999237060547,119.65000915527344,273.98365783693276,273.9836730957031,0.0,0.0,0.0,0.0
152,19.0,soil_w_l1,"Soil water, layer 1",kg m-2,all_columns,97709,5.512235091952557e-07,2.070937763133764e-06,4.7582463936701093e-07,1.3662466841424248e-05,19515,29.650001525878906,99.1500015258789,23.353586507925826,23.353572845458984,6.7106648264920305e-06,6.710641173413023e-06,6.710664826492031e-07,6.710641173413024e-07
152,19.0,soil_w_l2,"Soil water, layer 2",kg m-2,all_columns,97709,2.1626842064147973e-06,2.830238373096198e-06,1.8418413385046503e-06,8.789505608319814e-05,19515,29.650001525878906,99.1500015258789,74.12352355513923,74.12361145019531,6.7106648264920305e-06,6.710641173413023e-06,6.710664826492031e-07,6.710641173413024e-07
152,19.0,soil_w_l3,"Soil water, layer 3",kg m-2,all_columns,97709,4.435459815931509e-06,2.3464892847985903e-06,3.828849934546863e-06,7.534265782283e-05,19515,29.650001525878906,99.1500015258789,182.82946682215,182.8293914794922,6.7106648264920305e-06,6.710641173413023e-06,6.710664826492031e-07,6.710641173413024e-07
152,19.0,soil_w_l4,"Soil water, layer 4",kg m-2,all_columns,97709,8.805435619401868e-06,2.9248107589660286e-06,7.626905065815422e-06,1.5258110522609059e-05,68747,40.85000228881836,114.05000305175781,299.9963531500926,299.9963684082031,0.03584710260744264,0.035847101360559464,0.00272911873401802,0.002729118748815807
152,19.0,snow_w,Snow water equivalent,kg m-2,all_columns,97709,1.4183221871644905e-07,2.513740793707672e-06,2.6420131118191705e-08,6.0452360628460156e-06,25414,31.049999237060547,116.25,146.7860657321077,146.78607177734375,146.7860657321077,146.78607177734375,1.0,1.0
152,19.0,snow_w,Snow water equivalent,kg m-2,snow_present,77565,1.5918761739232753e-07,2.513740793707672e-06,3.3281564958769e-08,6.0452360628460156e-06,25414,31.049999237060547,116.25,146.7860657321077,146.78607177734375,146.7860657321077,146.78607177734375,1.0,1.0
152,19.0,snow_w,Snow water equivalent,kg m-2,snow_fraction_gt_1e-3,56796,1.8602999701590256e-07,2.5137391340882105e-06,4.5425999131268576e-08,6.0452360628460156e-06,25414,31.049999237060547,116.25,146.7860657321077,146.78607177734375,146.7860657321077,146.78607177734375,1.0,1.0
152,19.0,snow_t,Snow temperature,K,all_columns,97709,5.498121139706759e-06,2.12972759593549e-06,4.595537758058907e-06,6.87921934456881e-05,24391,30.850000381469727,99.75,251.37386309257218,251.37393188476562,0.00578209439916475,0.005782043561339378,0.0003752969347215894,0.00037529364751140865
152,19.0,snow_t,Snow temperature,K,snow_present,77565,5.881932199819519e-06,2.3146221533699777e-06,4.8379535622510335e-06,6.87921934456881e-05,24391,30.850000381469727,99.75,251.37386309257218,251.37393188476562,0.00578209439916475,0.005782043561339378,0.0003752969347215894,0.00037529364751140865
152,19.0,snow_t,Snow temperature,K,snow_fraction_gt_1e-3,56796,5.892650532682345e-06,2.3403322762520817e-06,4.830561865257911e-06,1.5257078757713316e-05,29619,32.04999923706055,106.75,267.25941467114126,267.2593994140625,0.030451372144421163,0.030451372265815735,0.002027794804467212,0.0020277947856629872
152,19.0,snow_rho,Snow density,kg m-3,all_columns,97709,0.009674189011163428,0.007087872807073456,3.36731632497941e-05,3.024000238987327,23736,30.650001525878906,118.05000305175781,103.02400023898733,100.0,1.6940658945086007e-21,1.6940658945086007e-21,1.6443410181888045e-22,1.6940658945086008e-22
152,19.0,snow_rho,Snow density,kg m-3,snow_present,77565,4.125940382393176e-06,2.8559949713379716e-06,3.4315847223206983e-06,1.52107572262139e-05,20838,29.950000762939453,112.25,263.62837224041465,263.6283874511719,48.509147683850436,48.50914764404297,1.0,1.0
152,19.0,snow_rho,Snow density,kg m-3,snow_fraction_gt_1e-3,56796,4.209417561530969e-06,2.8904743364833536e-06,3.5808752443417527e-06,1.52107572262139e-05,20838,29.950000762939453,112.25,263.62837224041465,263.6283874511719,48.509147683850436,48.50914764404297,1.0,1.0
152,19.0,snow_alb,Snow albedo,1,all_columns,97709,1.9041532079502677e-08,2.76704644876294e-06,1.706587806999855e-08,2.9802276091395186e-08,75740,42.35000228881836,96.25,0.616979926824616,0.6169799566268921,0.00018539142580515925,0.00018539142911322415,1.2140434040028366e-05,1.2140434212934765e-05
152,19.0,snow_alb,Snow albedo,1,snow_present,77565,1.7581977472569238e-08,2.7495222244459525e-06,1.53064185953057e-08,2.9802276091395186e-08,75740,42.35000228881836,96.25,0.616979926824616,0.6169799566268921,0.00018539142580515925,0.00018539142911322415,1.2140434040028366e-05,1.2140434212934765e-05
152,19.0,snow_alb,Snow albedo,1,snow_fraction_gt_1e-3,56796,1.720513528143588e-08,2.7140644772704383e-06,1.4903579019711585e-08,2.9801002332519033e-08,57525,38.45000076293945,116.65000915527344,0.6289729177938612,0.6289728879928589,0.030339065598998818,0.030339065939188004,0.0020213147995786084,0.002021314755021439
160,20.0,avg_skin_t,Surface temperature,K,all_columns,97709,7.271245426251556e-06,2.7866800458484825e-06,6.017936825349228e-06,1.5258452208399831e-05,66572,40.45000076293945,87.85000610351562,257.8930511471241,257.8930358886719,0.0007837908203902623,0.000783790834248066,5.178387762533678e-05,5.17838786399557e-05
160,20.0,soil_t_l1,"Soil temperature, layer 1",K,all_columns,97709,7.843274189586786e-06,2.9715718512228193e-06,6.4909252787042626e-06,0.00030458422168067045,14490,28.350000381469727,89.6500015258789,261.81417905835644,261.8144836425781,3.390438246013271e-07,3.3904382235050434e-07,3.390438246013271e-08,3.390438223505043e-08
160,20.0,soil_t_l2,"Soil temperature, layer 2",K,all_columns,97709,8.020451207749152e-06,3.0230907370172063e-06,6.6937966048460565e-06,0.0002699070451512853,14490,28.350000381469727,89.6500015258789,265.13937853045485,265.1396484375,3.390438246013271e-07,3.3904382235050434e-07,3.390438246013271e-08,3.390438223505043e-08
160,20.0,soil_t_l3,"Soil temperature, layer 3",K,all_columns,97709,8.04889539150211e-06,3.0367358777548657e-06,6.784336677408054e-06,7.970957477709817e-05,14490,28.350000381469727,89.6500015258789,265.5168270287065,265.51690673828125,3.390438246013271e-07,3.3904382235050434e-07,3.390438246013271e-08,3.390438223505043e-08
160,20.0,soil_t_l4,"Soil temperature, layer 4",K,all_columns,97709,7.633111182169092e-06,2.902889901269868e-06,6.361234644766467e-06,1.5258426174113993e-05,69118,40.95000076293945,101.95000457763672,258.3525848392301,258.35260009765625,0.009457154526557782,0.00945715419948101,0.0006196851172654316,0.0006196850939076905
160,20.0,soil_w_l1,"Soil water, layer 1",kg m-2,all_columns,97709,5.504588978961052e-07,2.0754051525637433e-06,4.7457283089091787e-07,1.4642737177439358e-05,19515,29.650001525878906,99.1500015258789,23.061835626623896,23.06182098388672,5.256071043405907e-06,5.256047643342754e-06,5.256071043405907e-07,5.256047643342754e-07
160,20.0,soil_w_l2,"Soil water, layer 2",kg m-2,all_columns,97709,2.188973372670892e-06,2.87137382543977e-06,1.8357129733754812e-06,0.00014521922595633896,19515,29.650001525878906,99.1500015258789,73.36531803760998,73.36546325683594,5.256071043405907e-06,5.256047643342754e-06,5.256071043405907e-07,5.256047643342754e-07
160,20.0,soil_w_l3,"Soil water, layer 3",kg m-2,all_columns,97709,4.4379149173023985e-06,2.3474101462160852e-06,3.819001214834909e-06,0.00013486188055367165,19515,29.650001525878906,99.1500015258789,183.15882626813055,183.15869140625,5.256071043405907e-06,5.256047643342754e-06,5.256071043405907e-07,5.256047643342754e-07
160,20.0,soil_w_l4,"Soil water, layer 4",kg m-2,all_columns,97709,8.805099367022636e-06,2.9239726530933673e-06,7.628226124252225e-06,1.5258785936111963e-05,83311,44.45000076293945,83.25,299.9942779541047,299.9942932128906,3.651961046287498,3.651961088180542,0.2491427285888006,0.24914272418376285
160,20.0,snow_w,Snow water equivalent,kg m-2,all_columns,97709,1.4405995457665082e-07,2.6536902992597314e-06,2.4883402212373147e-08,6.926468273604769e-06,24985,30.950000762939453,116.35000610351562,140.3407370920864,140.3407440185547,140.3407370920864,140.3407440185547,1.0,1.0
160,20.0,snow_w,Snow water equivalent,kg m-2,snow_present,77376,1.61885302210013e-07,2.653690299259724e-06,3.142230584386845e-08,6.926468273604769e-06,24985,30.950000762939453,116.35000610351562,140.3407370920864,140.3407440185547,140.3407370920864,140.3407440185547,1.0,1.0
160,20.0,snow_w,Snow water equivalent,kg m-2,snow_fraction_gt_1e-3,52846,1.9588626547509474e-07,2.653687503798343e-06,4.597397732299664e-08,6.926468273604769e-06,24985,30.950000762939453,116.35000610351562,140.3407370920864,140.3407440185547,140.3407370920864,140.3407440185547,1.0,1.0
160,20.0,snow_t,Snow temperature,K,all_columns,97709,5.441704465772724e-06,2.111626156979933e-06,4.536125769786932e-06,0.000207744511698138,24391,30.850000381469727,99.75,252.99130836876955,252.99151611328125,0.002549559402441433,0.002549493918195367,0.0001654834242468624,0.00016547918038566821
160,20.0,snow_t,Snow temperature,K,snow_present,77376,5.81975097768944e-06,2.2959077336454903e-06,4.76580132633875e-06,0.000207744511698138,24391,30.850000381469727,99.75,252.99130836876955,252.99151611328125,0.002549559402441433,0.002549493918195367,0.0001654834242468624,0.00016547918038566821
160,20.0,snow_t,Snow temperature,K,snow_fraction_gt_1e-3,52846,5.945453810713826e-06,2.3714393146059614e-06,4.871233515251216e-06,3.182275341373497e-05,14106,28.25,87.75,243.86906563622998,243.86903381347656,0.01316562458513376,0.013165629468858242,0.0011923051836825204,0.0011923056202867563
160,20.0,snow_rho,Snow density,kg m-3,all_columns,97709,3.6939709033550687e-06,2.663949665039435e-06,2.7295913992971658e-06,1.4923959952284349e-05,18862,29.450000762939453,112.15000915527344,269.81553683385255,269.8155517578125,43.13923146463619,43.13923263549805,1.0,1.0
160,20.0,snow_rho,Snow density,kg m-3,snow_present,77376,4.151046679155038e-06,2.8209710821583487e-06,3.4468781797188634e-06,1.4923959952284349e-05,18862,29.450000762939453,112.15000915527344,269.81553683385255,269.8155517578125,43.13923146463619,43.13923263549805,1.0,1.0
160,20.0,snow_rho,Snow density,kg m-3,snow_fraction_gt_1e-3,52846,4.250932657715939e-06,2.8590317399244874e-06,3.6215826782453874e-06,1.4923959952284349e-05,18862,29.450000762939453,112.15000915527344,269.81553683385255,269.8155517578125,43.13923146463619,43.13923263549805,1.0,1.0
160,20.0,snow_alb,Snow albedo,1,all_columns,97709,1.907636390257841e-08,2.793127586051705e-06,1.7127795363046574e-08,2.9802206147344634e-08,53948,37.650001525878906,111.55000305175781,0.6131551563738614,0.6131551265716553,1.50769703170786,1.5076969861984253,0.10561118100847722,0.1056111727168262
160,20.0,snow_alb,Snow albedo,1,snow_present,77376,1.7611411701152996e-08,2.787499091038882e-06,1.5363462311171776e-08,2.9802206147344634e-08,53948,37.650001525878906,111.55000305175781,0.6131551563738614,0.6131551265716553,1.50769703170786,1.5076969861984253,0.10561118100847722,0.1056111727168262
160,20.0,snow_alb,Snow albedo,1,snow_fraction_gt_1e-3,52846,1.7172595486556157e-08,2.7442959564293867e-06,1.4882672710035661e-08,2.9802206147344634e-08,53948,37.650001525878906,111.55000305175781,0.6131551563738614,0.6131551265716553,1.50769703170786,1.5076969861984253,0.10561118100847722,0.1056111727168262
168,21.0,avg_skin_t,Surface temperature,K,all_columns,97709,7.020578222148457e-06,2.70527037401498e-06,5.770841387271352e-06,1.5258553389685403e-05,49615,36.75,103.25,263.9372100832435,263.9372253417969,0.0662785985467113,0.0662785992026329,0.004400537504359646,0.004400537629429908
168,21.0,soil_t_l1,"Soil temperature, layer 1",K,all_columns,97709,9.85822529654094e-06,3.7459604073310428e-06,6.368396870383335e-06,0.0018974424513089616,15199,28.549999237060547,87.1500015258789,260.28232346784193,260.2804260253906,0.0,0.0,0.0,0.0
168,21.0,soil_t_l2,"Soil temperature, layer 2",K,all_columns,97709,9.484002604256188e-06,3.5805680910153796e-06,6.6300330472986276e-06,0.001590120171442777,15199,28.549999237060547,87.1500015258789,264.4405244463433,264.4389343261719,0.0,0.0,0.0,0.0
168,21.0,soil_t_l3,"Soil temperature, layer 3",K,all_columns,97709,8.066081446489542e-06,3.042623670989718e-06,6.780528799462591e-06,0.000150996456966368,15199,28.549999237060547,87.1500015258789,266.36685021520697,266.36669921875,0.0,0.0,0.0,0.0
168,21.0,soil_t_l4,"Soil temperature, layer 4",K,all_columns,97709,7.664059140236479e-06,2.914039085317077e-06,6.39011024836009e-06,1.5258592384270742e-05,2644,23.25,104.45000457763672,282.06953430156113,282.06951904296875,0.0,0.0,0.0,0.0
168,21.0,soil_w_l1,"Soil water, layer 1",kg m-2,all_columns,97709,5.652791972909461e-07,2.1357546122013576e-06,4.745330819582828e-07,4.0680564040940226e-05,14490,28.350000381469727,89.6500015258789,23.100188582741623,23.100229263305664,2.0181420535987144e-07,2.018141884718716e-07,2.0181420535987145e-08,2.018141884718716e-08
168,21.0,soil_w_l2,"Soil water, layer 2",kg m-2,all_columns,97709,2.222544604909944e-06,2.9170496971971e-06,1.8243696658211692e-06,0.00019564061409482747,19515,29.650001525878906,99.1500015258789,72.70695005030387,72.70714569091797,4.121060045823195e-06,4.121036454307614e-06,4.121060045823195e-07,4.121036454307614e-07
168,21.0,soil_w_l3,"Soil water, layer 3",kg m-2,all_columns,97709,4.472927724143523e-06,2.3653033804629916e-06,3.838723850866482e-06,0.0001813565461645794,19515,29.650001525878906,99.1500015258789,183.37946907627273,183.37928771972656,4.121060045823195e-06,4.121036454307614e-06,4.121060045823195e-07,4.121036454307614e-07
168,21.0,soil_w_l4,"Soil water, layer 4",kg m-2,all_columns,97709,8.802869848219603e-06,2.9224877500738077e-06,7.619212788864887e-06,1.5258449195698631e-05,26464,31.35000228881836,92.25,299.9907379146992,299.99072265625,0.0,6.938893903907228e-18,0.0,6.938893903907229e-19
168,21.0,snow_w,Snow water equivalent,kg m-2,all_columns,97709,1.3349871246442135e-07,2.513775072300471e-06,2.3715705270514296e-08,6.97458887088942e-06,6359,24.950000762939453,112.95000457763672,132.21300572072363,132.2130126953125,132.21300572072363,132.2130126953125,1.0,1.0
168,21.0,snow_w,Snow water equivalent,kg m-2,snow_present,77097,1.5028845570330333e-07,2.5137750723004627e-06,3.0056134951696545e-08,6.97458887088942e-06,6359,24.950000762939453,112.95000457763672,132.21300572072363,132.2130126953125,132.21300572072363,132.2130126953125,1.0,1.0
168,21.0,snow_w,Snow water equivalent,kg m-2,snow_fraction_gt_1e-3,50852,1.8505014188447775e-07,2.513770048335067e-06,4.553345735359507e-08,6.97458887088942e-06,6359,24.950000762939453,112.95000457763672,132.21300572072363,132.2130126953125,132.21300572072363,132.2130126953125,1.0,1.0
168,21.0,snow_t,Snow temperature,K,all_columns,97709,5.661615748073251e-06,2.2118401457361597e-06,4.320172308877611e-06,0.0007298514829017222,24391,30.850000381469727,99.75,247.41580457234522,247.41653442382812,0.001188228883815677,0.0011881469981744885,7.712394889484807e-05,7.711863623979139e-05
168,21.0,snow_t,Snow temperature,K,snow_present,77097,6.0858924236465426e-06,2.4229867706216515e-06,4.496106440019085e-06,0.0007298514829017222,24391,30.850000381469727,99.75,247.41580457234522,247.41653442382812,0.001188228883815677,0.0011881469981744885,7.712394889484807e-05,7.711863623979139e-05
168,21.0,snow_t,Snow temperature,K,snow_fraction_gt_1e-3,50852,5.550478940839291e-06,2.2393819485177818e-06,4.560164645523839e-06,3.6924240049529544e-05,15614,28.650001525878906,91.55000305175781,241.127707212326,241.12767028808594,0.0422598642761572,0.04225984215736389,0.003343145630952612,0.003343143947194438
168,21.0,snow_rho,Snow density,kg m-3,all_columns,97709,0.009674189021246142,0.007043133841202679,3.358812765260945e-05,3.024000250320526,7078,25.25,117.75,103.02400025032053,100.0,0.0,0.0,0.0,0.0
168,21.0,snow_rho,Snow density,kg m-3,snow_present,77097,4.060161257282899e-06,2.786080454448843e-06,3.344645245447815e-06,1.6459912899335905e-05,14106,28.25,87.75,123.97200895258868,123.97199249267578,0.003791675819538244,0.003791685914620757,0.0003058493487016344,0.0003058502036131079
168,21.0,snow_rho,Snow density,kg m-3,snow_fraction_gt_1e-3,50852,4.140058378554107e-06,2.8174414264339066e-06,3.5064999759741233e-06,1.5118283158699342e-05,20042,29.75,112.45000457763672,278.23585524304497,278.2358703613281,44.31585316856606,44.315853118896484,1.0,1.0
168,21.0,snow_alb,Snow albedo,1,all_columns,97709,1.9144903178152608e-08,2.8137391307877293e-06,1.7188427072396163e-08,2.9800980461125448e-08,56797,38.35000228881836,87.25,0.6906364262117454,0.6906364560127258,0.40359729946488165,0.40359729528427124,0.02658024299676663,0.02658024403211639
168,21.0,snow_alb,Snow albedo,1,snow_present,77097,1.7679212921355867e-08,2.818087686506734e-06,1.5409918794606922e-08,2.9800980461125448e-08,56797,38.35000228881836,87.25,0.6906364262117454,0.6906364560127258,0.40359729946488165,0.40359729528427124,0.02658024299676663,0.02658024403211639
168,21.0,snow_alb,Snow albedo,1,snow_fraction_gt_1e-3,50852,1.7198445302575014e-08,2.7867021475850924e-06,1.4881573492247457e-08,2.9800980461125448e-08,56797,38.35000228881836,87.25,0.6906364262117454,0.6906364560127258,0.40359729946488165,0.40359729528427124,0.02658024299676663,0.02658024403211639
176,22.0,avg_skin_t,Surface temperature,K,all_columns,97709,6.867166669132004e-06,2.654352447458896e-06,5.636342645242445e-06,1.5258269456808193e-05,21418,30.150001525878906,90.25,257.5177764887382,257.51776123046875,0.03388309233549114,0.03388309106230736,0.003079730294715725,0.00307973012010108
176,22.0,soil_t_l1,"Soil temperature, layer 1",K,all_columns,97709,9.612214284271454e-06,3.6607435270325845e-06,6.2535299427935885e-06,0.0013267574732367393,39675,34.45000076293945,103.35000610351562,269.314896387058,269.31622314453125,0.00070043369172816,0.0007003988139331341,4.541406478096913e-05,4.5411801985696266e-05
176,22.0,soil_t_l2,"Soil temperature, layer 2",K,all_columns,97709,8.56335084522812e-06,3.238786659733156e-06,6.554640412137328e-06,0.001026800948068285,15199,28.549999237060547,87.1500015258789,264.0239149845418,264.02288818359375,0.0,0.0,0.0,0.0
176,22.0,soil_t_l3,"Soil temperature, layer 3",K,all_columns,97709,8.104340128111672e-06,3.0576669945669855e-06,6.746627982332932e-06,0.00036849104924385756,15199,28.549999237060547,87.1500015258789,266.0585655125336,266.0581970214844,0.0,0.0,0.0,0.0
176,22.0,soil_t_l4,"Soil temperature, layer 4",K,all_columns,97709,7.64753871949298e-06,2.9071628176206384e-06,6.374766515964346e-06,1.5258691519193235e-05,49695,36.75,111.25,262.19319152841786,262.1932067871094,0.45135535253628106,0.45135533809661865,0.029521812418456413,0.029521812327951744
176,22.0,soil_w_l1,"Soil water, layer 1",kg m-2,all_columns,97709,5.894616297771292e-07,2.2430941869089096e-06,4.7235124806111824e-07,5.989881037038458e-05,14490,28.350000381469727,89.6500015258789,22.954962913079278,22.95502281188965,1.4130711475537331e-07,1.413071117895015e-07,1.4130711475537331e-08,1.4130711178950151e-08
176,22.0,soil_w_l2,"Soil water, layer 2",kg m-2,all_columns,97709,2.266020642985928e-06,2.9825632623504505e-06,1.8173674372194278e-06,0.00022420851382776164,19515,29.650001525878906,99.1500015258789,72.23395242722836,72.23417663574219,1.903531453195662e-06,1.9035079503737506e-06,1.903531453195662e-07,1.9035079503737507e-07
176,22.0,soil_w_l3,"Soil water, layer 3",kg m-2,all_columns,97709,4.477068010345545e-06,2.3670902636361523e-06,3.8284142896930704e-06,0.0002106799991850039,19515,29.650001525878906,99.1500015258789,183.45826426886637,183.4580535888672,1.903531453195662e-06,1.9035079503737506e-06,1.903531453195662e-07,1.9035079503737507e-07
176,22.0,soil_w_l4,"Soil water, layer 4",kg m-2,all_columns,97709,8.81292751964126e-06,2.9250866355526895e-06,7.63462225697599e-06,1.5258579878718592e-05,25179,31.049999237060547,92.75,299.9668731691545,299.9668884277344,0.0021930101551933534,0.0021930101793259382,0.00015803105949246314,0.00015803106510407647
176,22.0,snow_w,Snow water equivalent,kg m-2,all_columns,97709,1.3231074022310518e-07,2.581655417764742e-06,2.348621966393142e-08,5.772516374236147e-06,12191,27.549999237060547,115.95000457763672,131.4030361680242,131.4030303955078,131.4030361680242,131.4030303955078,1.0,1.0
176,22.0,snow_w,Snow water equivalent,kg m-2,snow_present,77156,1.4889411447872886e-07,2.58165541776472e-06,2.9742534899442162e-08,5.772516374236147e-06,12191,27.549999237060547,115.95000457763672,131.4030361680242,131.4030303955078,131.4030361680242,131.4030303955078,1.0,1.0
176,22.0,snow_w,Snow water equivalent,kg m-2,snow_fraction_gt_1e-3,51399,1.8242460660804297e-07,2.581646019428876e-06,4.461337180624804e-08,5.772516374236147e-06,12191,27.549999237060547,115.95000457763672,131.4030361680242,131.4030303955078,131.4030361680242,131.4030303955078,1.0,1.0
176,22.0,snow_t,Snow temperature,K,all_columns,97709,1.7026183174155188e-05,6.673173219895773e-06,4.423239708539197e-06,0.004592154957265393,24391,30.850000381469727,99.75,248.57199170734742,248.5765838623047,0.00047779247360175855,0.0004776905698236078,3.101189821721747e-05,3.100528335339543e-05
176,22.0,snow_t,Snow temperature,K,snow_present,77156,1.9066732357640945e-05,7.622859353141676e-06,4.6259914356801105e-06,0.004592154957265393,24391,30.850000381469727,99.75,248.57199170734742,248.5765838623047,0.00047779247360175855,0.0004776905698236078,3.101189821721747e-05,3.100528335339543e-05
176,22.0,snow_t,Snow temperature,K,snow_fraction_gt_1e-3,51399,5.4331146312413095e-06,2.2069528792627577e-06,4.490588576441853e-06,1.6102000756745838e-05,16316,28.850000381469727,86.95000457763672,237.16258324067263,237.16256713867188,0.16946008657374576,0.16946010291576385,0.01570448356195104,0.015704484700403636
176,22.0,snow_rho,Snow density,kg m-3,all_columns,97709,3.538965235957293e-06,2.610462976512713e-06,2.558936804531259e-06,5.710680144943581e-05,19526,29.650001525878906,100.25,100.68538295667511,100.68544006347656,1.0337460774705212e-05,1.0338412721466739e-05,1.0267091876835207e-06,1.0268031519700312e-06
176,22.0,snow_rho,Snow density,kg m-3,snow_present,77156,3.982526997357502e-06,2.774032013656265e-06,3.2405925169001088e-06,5.710680144943581e-05,19526,29.650001525878906,100.25,100.68538295667511,100.68544006347656,1.0337460774705212e-05,1.0338412721466739e-05,1.0267091876835207e-06,1.0268031519700312e-06
176,22.0,snow_rho,Snow density,kg m-3,snow_fraction_gt_1e-3,51399,4.05046500922655e-06,2.8079001056348793e-06,3.399727918492788e-06,1.4955995538912248e-05,19253,29.549999237060547,112.25,280.84004241705134,280.8400573730469,33.082236526956386,33.082237243652344,1.0,1.0
176,22.0,snow_alb,Snow albedo,1,all_columns,97709,1.9134195014857216e-08,2.8188826350188118e-06,1.7169116652412096e-08,2.980132496332999e-08,93621,48.54999923706055,129.45001220703125,0.7345850169668635,0.7345850467681885,8.179364305734728,8.179364204406738,0.572852216802998,0.5728522348429634
176,22.0,snow_alb,Snow albedo,1,snow_present,77156,1.7669855491544766e-08,2.8257275084233053e-06,1.5391615854978536e-08,2.980132496332999e-08,93621,48.54999923706055,129.45001220703125,0.7345850169668635,0.7345850467681885,8.179364305734728,8.179364204406738,0.572852216802998,0.5728522348429634
176,22.0,snow_alb,Snow albedo,1,snow_fraction_gt_1e-3,51399,1.7198900809084136e-08,2.8070293888886005e-06,1.4886448984111823e-08,2.980132496332999e-08,93621,48.54999923706055,129.45001220703125,0.7345850169668635,0.7345850467681885,8.179364305734728,8.179364204406738,0.572852216802998,0.5728522348429634
184,23.0,avg_skin_t,Surface temperature,K,all_columns,97709,7.147294303452322e-06,2.755705853646147e-06,5.893083378493493e-06,1.5258414464369707e-05,22515,30.350000381469727,119.05000305175781,274.84934997596054,274.849365234375,0.0,0.0,0.0,0.0
184,23.0,soil_t_l1,"Soil temperature, layer 1",K,all_columns,97709,0.00027974492659290235,0.00010647713146869893,7.220282217449683e-06,0.08737683351972692,15199,28.549999237060547,87.1500015258789,268.296910524926,268.20953369140625,0.0,0.0,0.0,0.0
184,23.0,soil_t_l2,"Soil temperature, layer 2",K,all_columns,97709,8.774062111300734e-05,3.319758048434524e-05,6.852201464818879e-06,0.027023767777961893,15199,28.549999237060547,87.1500015258789,269.08851668769984,269.0614929199219,0.0,0.0,0.0,0.0
184,23.0,soil_t_l3,"Soil temperature, layer 3",K,all_columns,97709,9.245920795808596e-06,3.489766398955296e-06,6.75551304453746e-06,0.001425585663014317,15199,28.549999237060547,87.1500015258789,266.305868945038,266.304443359375,0.0,0.0,0.0,0.0
184,23.0,soil_t_l4,"Soil temperature, layer 4",K,all_columns,97709,7.697856893455797e-06,2.9257411140173846e-06,6.433214674323327e-06,2.6183510613009275e-05,14490,28.350000381469727,89.6500015258789,258.70804266414564,258.70806884765625,1.8316752500002667e-08,1.8316743677360137e-08,1.8316752500002667e-09,1.8316743677360137e-09
184,23.0,soil_w_l1,"Soil water, layer 1",kg m-2,all_columns,97709,5.172160521895502e-06,1.9759157236310443e-05,4.883674886603526e-07,0.0016060993628066456,15199,28.549999237060547,87.1500015258789,23.515230290646986,23.51362419128418,0.0,0.0,0.0,0.0
184,23.0,soil_w_l2,"Soil water, layer 2",kg m-2,all_columns,97709,5.696515993078612e-06,7.518447517948583e-06,1.8334373665742895e-06,0.001608501236987081,15199,28.549999237060547,87.1500015258789,75.88076912327473,75.88237762451172,0.0,0.0,0.0,0.0
184,23.0,soil_w_l3,"Soil water, layer 3",kg m-2,all_columns,97709,4.53548153472364e-06,2.397805419742967e-06,3.828925363425589e-06,0.00024011238531329582,19515,29.650001525878906,99.1500015258789,183.52907922371344,183.52883911132812,0.012755125020061387,0.012755125761032104,0.001150327858561287,0.0011503301796565398
184,23.0,soil_w_l4,"Soil water, layer 4",kg m-2,all_columns,97709,8.813788152750138e-06,2.924628093068021e-06,7.634891671557435e-06,1.5258750920565944e-05,69953,41.150001525878906,87.55000305175781,299.99748229976655,299.9974670410156,0.08377665133300116,0.08377665281295776,0.00548538987136035,0.005485390076928926
184,23.0,snow_w,Snow water equivalent,kg m-2,all_columns,97709,1.3608963603436468e-07,2.517520530754327e-06,2.6502587158580092e-08,6.897586018794755e-06,24985,30.950000762939453,116.35000610351562,136.14894793762508,136.14894104003906,136.14894793762508,136.14894104003906,1.0,1.0
184,23.0,snow_w,Snow water equivalent,kg m-2,snow_present,78121,1.5219782280804962e-07,2.517520530754326e-06,3.314782560023935e-08,6.897586018794755e-06,24985,30.950000762939453,116.35000610351562,136.14894793762508,136.14894104003906,136.14894793762508,136.14894104003906,1.0,1.0
184,23.0,snow_w,Snow water equivalent,kg m-2,snow_fraction_gt_1e-3,54249,1.8263905352484147e-07,2.5175044386926826e-06,4.770252871254264e-08,6.897586018794755e-06,24985,30.950000762939453,116.35000610351562,136.14894793762508,136.14894104003906,136.14894793762508,136.14894104003906,1.0,1.0
184,23.0,snow_t,Snow temperature,K,all_columns,97709,1.2180827987201273e-05,4.744341076204915e-06,4.627490161404735e-06,0.002289354851598091,39675,34.45000076293945,103.35000610351562,255.5355524420234,255.537841796875,0.18028846304219354,0.1802884191274643,0.01736591892045003,0.017365878769120865
184,23.0,snow_t,Snow temperature,K,snow_present,78121,1.3498619207617674e-05,5.346813767758144e-06,4.869549010293169e-06,0.002289354851598091,39675,34.45000076293945,103.35000610351562,255.5355524420234,255.537841796875,0.18028846304219354,0.1802884191274643,0.01736591892045003,0.017365878769120865
184,23.0,snow_t,Snow temperature,K,snow_fraction_gt_1e-3,54249,1.1853803487860052e-05,4.75833840391819e-06,4.798046668301273e-06,0.002289354851598091,39675,34.45000076293945,103.35000610351562,255.5355524420234,255.537841796875,0.18028846304219354,0.1802884191274643,0.01736591892045003,0.017365878769120865
184,23.0,snow_rho,Snow density,kg m-3,all_columns,97709,0.009674188977704912,0.007266526824210552,3.340725961682311e-05,3.0240002398794985,8681,26.049999237060547,107.55000305175781,103.0240002398795,100.0,0.0,0.0,0.0,0.0
184,23.0,snow_rho,Snow density,kg m-3,snow_present,78121,4.002932271823038e-06,2.8547689251729396e-06,3.0745854510396797e-06,0.00021729342135756724,19515,29.650001525878906,99.1500015258789,110.88251862398776,110.8823013305664,0.012755125020061387,0.012755125761032104,0.001150327858561287,0.0011503301796565398
184,23.0,snow_rho,Snow density,kg m-3,snow_fraction_gt_1e-3,54249,4.1212191423284165e-06,2.929588286897394e-06,3.193796199800665e-06,0.00021729342135756724,19515,29.650001525878906,99.1500015258789,110.88251862398776,110.8823013305664,0.012755125020061387,0.012755125761032104,0.001150327858561287,0.0011503301796565398
184,23.0,snow_alb,Snow albedo,1,all_columns,97709,1.908025492101582e-08,2.8059067659916244e-06,1.7056737547705834e-08,2.9801990208966345e-08,36122,33.650001525878906,81.55000305175781,0.5049436986449702,0.5049437284469604,0.06490974039857438,0.06490974128246307,0.005474669947848532,0.0054746700078369985
184,23.0,snow_alb,Snow albedo,1,snow_present,78121,1.7686655774710807e-08,2.8063865142799905e-06,1.5355734310397718e-08,2.9801990208966345e-08,36122,33.650001525878906,81.55000305175781,0.5049436986449702,0.5049437284469604,0.06490974039857438,0.06490974128246307,0.005474669947848532,0.0054746700078369985
184,23.0,snow_alb,Snow albedo,1,snow_fraction_gt_1e-3,54249,1.728879421506272e-08,2.7820958338546694e-06,1.497921395297461e-08,2.9801990208966345e-08,36122,33.650001525878906,81.55000305175781,0.5049436986449702,0.5049437284469604,0.06490974039857438,0.06490974128246307,0.005474669947848532,0.0054746700078369985
192,24.0,avg_skin_t,Surface temperature,K,all_columns,97709,7.104932567100949e-06,2.746842314119208e-06,5.859943470568399e-06,1.5258542362062144e-05,8629,26.049999237060547,102.35000610351562,268.9262237551295,268.9262390136719,5.274275254780907e-06,5.274275281408336e-06,5.274275254780906e-07,5.274275281408336e-07
192,24.0,soil_t_l1,"Soil temperature, layer 1",K,all_columns,97709,0.00013255198739433902,5.054673126357265e-05,6.799853154409669e-06,0.04105865350749127,15199,28.549999237060547,87.1500015258789,260.256756895695,260.2156982421875,0.0,0.0,0.0,0.0
192,24.0,soil_t_l2,"Soil temperature, layer 2",K,all_columns,97709,0.00011632354272928573,4.407995175972675e-05,6.90314388667522e-06,0.036127021235529355,15199,28.549999237060547,87.1500015258789,264.8505496286574,264.8144226074219,0.0,0.0,0.0,0.0
192,24.0,soil_t_l3,"Soil temperature, layer 3",K,all_columns,97709,2.52069663872988e-05,9.5187094812717e-06,6.76644650770836e-06,0.007447345592311194,15199,28.549999237060547,87.1500015258789,266.37381087098294,266.3663635253906,0.0,0.0,0.0,0.0
192,24.0,soil_t_l4,"Soil temperature, layer 4",K,all_columns,97709,7.713787525011114e-06,2.931296142641752e-06,6.42612438816347e-06,0.00015837834746434964,15199,28.549999237060547,87.1500015258789,260.60452849553496,260.6043701171875,0.0,0.0,0.0,0.0
192,24.0,soil_w_l1,"Soil water, layer 1",kg m-2,all_columns,97709,1.5890284530365203e-05,6.072093085593476e-05,5.285157516368567e-07,0.0049256115393347955,15199,28.549999237060547,87.1500015258789,23.580284956021757,23.575359344482422,0.0,0.0,0.0,0.0
192,24.0,soil_w_l2,"Soil water, layer 2",kg m-2,all_columns,97709,1.70819000641509e-05,2.25864879341016e-05,1.8824251343618907e-06,0.004925621847036155,15199,28.549999237060547,87.1500015258789,75.78240500559437,75.7873306274414,0.0,0.0,0.0,0.0
192,24.0,soil_w_l3,"Soil water, layer 3",kg m-2,all_columns,97709,6.183488691726255e-06,3.269059937363043e-06,3.8455593337726015e-06,0.0012871630084703156,19515,29.650001525878906,99.1500015258789,183.8354241258991,183.83413696289062,0.006510571114323952,0.006510759238153696,0.0004989748887481165,0.000498996096962362
192,24.0,soil_w_l4,"Soil water, layer 4",kg m-2,all_columns,97709,8.791007589446759e-06,2.9163183239762694e-06,7.605606342593782e-06,1.525874961316731e-05,58226,38.650001525878906,99.05000305175781,299.9699859618746,299.969970703125,0.0,0.0,0.0,0.0
192,24.0,snow_w,Snow water equivalent,kg m-2,all_columns,97709,1.554590015369708e-07,2.5483960618819934e-06,3.411368779676591e-08,6.980518037380534e-06,24985,30.950000762939453,116.35000610351562,152.7841561504399,152.78414916992188,152.7841561504399,152.78414916992188,1.0,1.0
192,24.0,snow_w,Snow water equivalent,kg m-2,snow_present,79882,1.719327831886818e-07,2.5483960618819693e-06,4.17267258145107e-08,6.980518037380534e-06,24985,30.950000762939453,116.35000610351562,152.7841561504399,152.78414916992188,152.7841561504399,152.78414916992188,1.0,1.0
192,24.0,snow_w,Snow water equivalent,kg m-2,snow_fraction_gt_1e-3,58849,2.0030841280862163e-07,2.5483116202908944e-06,5.6602253991241105e-08,6.980518037380534e-06,24985,30.950000762939453,116.35000610351562,152.7841561504399,152.78414916992188,152.7841561504399,152.78414916992188,1.0,1.0
192,24.0,snow_t,Snow temperature,K,all_columns,97709,6.830349629294897e-05,2.6705065979007647e-05,5.0531380685920485e-06,0.02064766891879799,24391,30.850000381469727,99.75,262.01798758498745,262.03863525390625,7.786500557356223e-05,7.76838933234103e-05,5.053954081052073e-06,5.042198442981118e-06
192,24.0,snow_t,Snow temperature,K,snow_present,79882,7.55217138605708e-05,3.0001676432071038e-05,5.363569316764833e-06,0.02064766891879799,24391,30.850000381469727,99.75,262.01798758498745,262.03863525390625,7.786500557356223e-05,7.76838933234103e-05,5.053954081052073e-06,5.042198442981118e-06
192,24.0,snow_t,Snow temperature,K,snow_fraction_gt_1e-3,58849,6.889992864101883e-06,2.7590202200150436e-06,5.072649779332771e-06,0.0004981434245792116,39675,34.45000076293945,103.35000610351562,253.4226433360676,253.4231414794922,0.13380479641696552,0.13380111753940582,0.011386541104773919,0.01138622313098963
192,24.0,snow_rho,Snow density,kg m-3,all_columns,97709,6.692283926167962e-06,5.015262838505743e-06,2.573266321408714e-06,0.0017755386792259742,19515,29.650001525878906,99.1500015258789,130.47893313145266,130.47715759277344,0.006510571114323952,0.006510759238153696,0.0004989748887481165,0.000498996096962362
192,24.0,snow_rho,Snow density,kg m-3,snow_present,79882,7.401456267820613e-06,5.2938105088144896e-06,3.1475335995408733e-06,0.0017755386792259742,19515,29.650001525878906,99.1500015258789,130.47893313145266,130.47715759277344,0.006510571114323952,0.006510759238153696,0.0004989748887481165,0.000498996096962362
192,24.0,snow_rho,Snow density,kg m-3,snow_fraction_gt_1e-3,58849,3.872040841901167e-06,2.7763389349370014e-06,3.161535873503575e-06,5.065394917380672e-05,39675,34.45000076293945,103.35000610351562,117.51136292026958,117.51141357421875,0.13380479641696552,0.13380111753940582,0.011386541104773919,0.01138622313098963
192,24.0,snow_alb,Snow albedo,1,all_columns,97709,1.870766656300323e-08,2.753671410999121e-06,1.653294581417964e-08,2.9802286860558524e-08,60592,39.150001525878906,111.15000915527344,0.6004446446895955,0.6004446744918823,1.0852531766683138,1.085253119468689,0.07171105199650973,0.07171104996734226
192,24.0,snow_alb,Snow albedo,1,snow_present,79882,1.7355816812646898e-08,2.732912211078122e-06,1.4901840229306776e-08,2.9802286860558524e-08,60592,39.150001525878906,111.15000915527344,0.6004446446895955,0.6004446744918823,1.0852531766683138,1.085253119468689,0.07171105199650973,0.07171104996734226
192,24.0,snow_alb,Snow albedo,1,snow_fraction_gt_1e-3,58849,1.7179746223254956e-08,2.710544369958655e-06,1.4810383789407515e-08,2.9802286860558524e-08,60592,39.150001525878906,111.15000915527344,0.6004446446895955,0.6004446744918823,1.0852531766683138,1.085253119468689,0.07171105199650973,0.07171104996734226
200,25.0,avg_skin_t,Surface temperature,K,all_columns,97709,7.119369546947112e-06,2.758534973276024e-06,5.866029313162865e-06,1.5258613018431788e-05,35909,33.54999923706055,102.25,263.79899597150364,263.7989807128906,0.5188045330388849,0.5188045501708984,0.0432363928505583,0.04323639543672856
200,25.0,soil_t_l1,"Soil temperature, layer 1",K,all_columns,97709,0.0004634812910765034,0.00017709654252268778,7.828439619608165e-06,0.1448131068918883,15199,28.549999237060547,87.1500015258789,261.54328112447,261.3984680175781,0.0,0.0,0.0,0.0
200,25.0,soil_t_l2,"Soil temperature, layer 2",K,all_columns,97709,0.00035602329550661225,0.00013514229682271012,7.641303104220949e-06,0.11121390365002526,15199,28.549999237060547,87.1500015258789,265.7577593138063,265.64654541015625,0.0,0.0,0.0,0.0
200,25.0,soil_t_l3,"Soil temperature, layer 3",K,all_columns,97709,5.918130447719628e-05,2.2363289080366974e-05,6.8534865173843164e-06,0.018309748605020104,15199,28.549999237060547,87.1500015258789,266.2387382154019,266.2204284667969,0.0,0.0,0.0,0.0
200,25.0,soil_t_l4,"Soil temperature, layer 4",K,all_columns,97709,7.83712749897269e-06,2.977721272575878e-06,6.443375711509264e-06,0.00044635096423917275,15199,28.549999237060547,87.1500015258789,260.75752642908924,260.757080078125,0.0,0.0,0.0,0.0
200,25.0,soil_w_l1,"Soil water, layer 1",kg m-2,all_columns,97709,2.526514027995205e-05,9.669711613889383e-05,5.566126418603622e-07,0.007890347709743395,15199,28.549999237060547,87.1500015258789,23.66541254924783,23.657522201538086,0.0,0.0,0.0,0.0
200,25.0,soil_w_l2,"Soil water, layer 2",kg m-2,all_columns,97709,2.652169736134883e-05,3.5112440956482054e-05,1.917597478880412e-06,0.007893071154626341,15199,28.549999237060547,87.1500015258789,75.69350005628678,75.7013931274414,0.0,0.0,0.0,0.0
200,25.0,soil_w_l3,"Soil water, layer 3",kg m-2,all_columns,97709,8.312557605609378e-06,4.39483762785377e-06,3.84989225120067e-06,0.0021244117536411977,19515,29.650001525878906,99.1500015258789,184.14314614026927,184.14102172851562,0.0006369695409966198,0.0006373967626132071,4.21000093341303e-05,4.2128984468874565e-05
200,25.0,soil_w_l4,"Soil water, layer 4",kg m-2,all_columns,97709,8.81796579041142e-06,2.9245216421867657e-06,7.629693088416003e-06,1.5258781218108197e-05,13982,28.150001525878906,111.75,305.0991058349531,305.0990905761719,15.710012424030252,15.710012435913086,1.0,1.0
200,25.0,snow_w,Snow water equivalent,kg m-2,all_columns,97709,1.8108338364675377e-07,2.534055645241599e-06,4.355110025160667e-08,7.29829375245572e-06,25840,31.150001525878906,115.95000457763672,156.40424380033906,156.4042510986328,156.40424380033906,156.4042510986328,1.0,1.0
200,25.0,snow_w,Snow water equivalent,kg m-2,snow_present,81348,1.9845975241715432e-07,2.5340556452415814e-06,5.231025280953583e-08,7.29829375245572e-06,25840,31.150001525878906,115.95000457763672,156.40424380033906,156.4042510986328,156.40424380033906,156.4042510986328,1.0,1.0
200,25.0,snow_w,Snow water equivalent,kg m-2,snow_fraction_gt_1e-3,61271,2.286619785875567e-07,2.5339131781467757e-06,6.940639249443842e-08,7.29829375245572e-06,25840,31.150001525878906,115.95000457763672,156.40424380033906,156.4042510986328,156.40424380033906,156.4042510986328,1.0,1.0
200,25.0,snow_t,Snow temperature,K,all_columns,97709,0.00017722435674695345,6.943414026956135e-05,5.534368548539723e-06,0.05462566634909649,24391,30.850000381469727,99.75,255.4609230397056,255.5155487060547,2.7299665883178445e-05,2.704722464841325e-05,1.7719289276735603e-06,1.7555437578473167e-06
200,25.0,snow_t,Snow temperature,K,snow_present,81348,0.00019422347804291454,7.723130815883887e-05,5.910923998550665e-06,0.05462566634909649,24391,30.850000381469727,99.75,255.4609230397056,255.5155487060547,2.7299665883178445e-05,2.704722464841325e-05,1.7719289276735603e-06,1.7555437578473167e-06
200,25.0,snow_t,Snow temperature,K,snow_fraction_gt_1e-3,61271,1.060111415775869e-05,4.230853346034404e-06,5.171535855145501e-06,0.0013840388139101378,12792,27.850000381469727,87.55000305175781,252.64882348071734,252.65020751953125,0.5765687480308571,0.5765649080276489,0.03827465867548774,0.0382743994149508
200,25.0,snow_rho,Snow density,kg m-3,all_columns,97709,1.177592815553268e-05,8.675326857477938e-06,2.78585309513266e-06,0.002651308687745768,19515,29.650001525878906,99.1500015258789,151.29914483896118,151.29649353027344,0.0006369695409966198,0.0006373967626132071,4.21000093341303e-05,4.2128984468874565e-05
200,25.0,snow_rho,Snow density,kg m-3,snow_present,81348,1.2905920682309514e-05,9.098601799484269e-06,3.3461538092186292e-06,0.002651308687745768,19515,29.650001525878906,99.1500015258789,151.29914483896118,151.29649353027344,0.0006369695409966198,0.0006373967626132071,4.21000093341303e-05,4.2128984468874565e-05
200,25.0,snow_rho,Snow density,kg m-3,snow_fraction_gt_1e-3,61271,4.223246218187135e-06,2.988295282737674e-06,3.2984932700897798e-06,0.00022430089970271183,16316,28.850000381469727,86.95000457763672,126.77574615808467,126.77597045898438,0.03603499154219871,0.036034371703863144,0.002842419992327587,0.0028423660709046817
200,25.0,snow_alb,Snow albedo,1,all_columns,97709,1.839066159827988e-08,2.714849840319427e-06,1.6045607637265923e-08,2.980215363379557e-08,67256,40.54999923706055,108.95000457763672,0.5217632353307504,0.521763265132904,0.028029414218258986,0.028029413893818855,0.0018425140411337396,0.0018425140645270746
200,25.0,snow_alb,Snow albedo,1,snow_present,81348,1.7085497289152484e-08,2.6818650786316908e-06,1.4477597961821588e-08,2.980215363379557e-08,67256,40.54999923706055,108.95000457763672,0.5217632353307504,0.521763265132904,0.028029414218258986,0.028029413893818855,0.0018425140411337396,0.0018425140645270746
200,25.0,snow_alb,Snow albedo,1,snow_fraction_gt_1e-3,61271,1.704114068607162e-08,2.6538950952362453e-06,1.4565084780008734e-08,2.980215363379557e-08,67256,40.54999923706055,108.95000457763672,0.5217632353307504,0.521763265132904,0.028029414218258986,0.028029413893818855,0.0018425140411337396,0.0018425140645270746
208,26.0,avg_skin_t,Surface temperature,K,all_columns,97709,7.141815156152529e-06,2.764797403990242e-06,5.883497604752492e-06,1.5258787357197434e-05,52285,37.35000228881836,84.6500015258789,258.04566955566577,258.0456848144531,0.0001330264848240656,0.00013302647857926786,8.848982711152086e-06,8.848982040076604e-06
208,26.0,soil_t_l1,"Soil temperature, layer 1",K,all_columns,97709,0.0013013739783841478,0.0004972929233255973,1.0584717577644901e-05,0.4067322107574114,15199,28.549999237060547,87.1500015258789,260.56350100958554,260.1567687988281,0.0,0.0,0.0,0.0
208,26.0,soil_t_l2,"Soil temperature, layer 2",K,all_columns,97709,0.001123354095355728,0.00042682224559857266,1.0123077967778266e-05,0.35110401964311677,15199,28.549999237060547,87.1500015258789,264.94702076769,264.5959167480469,0.0,0.0,0.0,0.0
208,26.0,soil_t_l3,"Soil temperature, layer 3",K,all_columns,97709,0.00019849060044169463,7.505504361987276e-05,7.275444479069924e-06,0.06198524872752387,15199,28.549999237060547,87.1500015258789,266.179050678415,266.1170654296875,0.0,0.0,0.0,0.0
208,26.0,soil_t_l4,"Soil temperature, layer 4",K,all_columns,97709,8.945527811436543e-06,3.39842225147155e-06,6.452837949072452e-06,0.001419922569937171,15199,28.549999237060547,87.1500015258789,260.9055642096793,260.9041442871094,0.0,0.0,0.0,0.0
208,26.0,soil_w_l1,"Soil water, layer 1",kg m-2,all_columns,97709,3.784998676680706e-05,0.000145232123739386,6.042107185123454e-07,0.011820118726451057,15199,28.549999237060547,87.1500015258789,23.56131772309657,23.549497604370117,0.0,0.0,0.0,0.0
208,26.0,soil_w_l2,"Soil water, layer 2",kg m-2,all_columns,97709,3.8979276524530095e-05,5.168624645802084e-05,1.9653056045034718e-06,0.011817629365069138,15199,28.549999237060547,87.1500015258789,75.5367587256154,75.54857635498047,0.0,0.0,0.0,0.0
208,26.0,soil_w_l3,"Soil water, layer 3",kg m-2,all_columns,97709,9.829500943854115e-06,5.197152716959857e-06,3.868370510700706e-06,0.002651778744279909,19515,29.650001525878906,99.1500015258789,184.39881571917397,184.3961639404297,0.0002595881286615562,0.000260188797255978,1.7157273732828012e-05,1.7197277011773818e-05
208,26.0,soil_w_l4,"Soil water, layer 4",kg m-2,all_columns,97709,8.819529258577372e-06,2.924325212973022e-06,7.647390497369193e-06,1.5258663154327223e-05,78653,43.04999923706055,122.75,299.9828643797569,299.98284912109375,0.18654418465480252,0.18654417991638184,0.012378082921313404,0.012378082634156753
208,26.0,snow_w,Snow water equivalent,kg m-2,all_columns,97709,2.068157868674447e-07,2.7486685922109676e-06,4.7415018450959756e-08,2.3363647259078135e-05,12792,27.850000381469727,87.55000305175781,0.3325699256036647,0.33254656195640564,0.3325699256036647,0.33254656195640564,0.02207253283786295,0.02207098079607563
208,26.0,snow_w,Snow water equivalent,kg m-2,snow_present,83607,2.2357830060683454e-07,2.748668592210953e-06,5.541251366326066e-08,2.3363647259078135e-05,12792,27.850000381469727,87.55000305175781,0.3325699256036647,0.33254656195640564,0.3325699256036647,0.33254656195640564,0.02207253283786295,0.02207098079607563
208,26.0,snow_w,Snow water equivalent,kg m-2,snow_fraction_gt_1e-3,65821,2.51913824117352e-07,2.7479300225502676e-06,7.031182764132566e-08,2.3363647259078135e-05,12792,27.850000381469727,87.55000305175781,0.3325699256036647,0.33254656195640564,0.3325699256036647,0.33254656195640564,0.02207253283786295,0.02207098079607563
208,26.0,snow_t,Snow temperature,K,all_columns,97709,4.05197130337091e-05,1.5770442211198293e-05,5.36472910081233e-06,0.010891481048901142,19515,29.650001525878906,99.1500015258789,252.13290075839265,252.12200927734375,0.0002595881286615562,0.000260188797255978,1.7157273732828012e-05,1.7197277011773818e-05
208,26.0,snow_t,Snow temperature,K,snow_present,83607,4.3778026492819494e-05,1.7228952627636095e-05,5.651910123048651e-06,0.010891481048901142,19515,29.650001525878906,99.1500015258789,252.13290075839265,252.12200927734375,0.0002595881286615562,0.000260188797255978,1.7157273732828012e-05,1.7197277011773818e-05
208,26.0,snow_t,Snow temperature,K,snow_fraction_gt_1e-3,65821,1.4128983320151776e-05,5.577862858993406e-06,5.4076618718533495e-06,0.002069993972696693,19842,29.75,92.45000457763672,252.86592622184762,252.8679962158203,0.019981612483367026,0.019981607794761658,0.0017718144499373754,0.001771809158517101
208,26.0,snow_rho,Snow density,kg m-3,all_columns,97709,1.2222113128743509e-05,9.006415518902372e-06,2.832394623870236e-06,0.0026618739730110974,19515,29.650001525878906,99.1500015258789,151.2991706630355,151.2965087890625,0.0002595881286615562,0.000260188797255978,1.7157273732828012e-05,1.7197277011773818e-05
208,26.0,snow_rho,Snow density,kg m-3,snow_present,83607,1.3212720965544017e-05,9.381537170757666e-06,3.3101348727228212e-06,0.0026618739730110974,19515,29.650001525878906,99.1500015258789,151.2991706630355,151.2965087890625,0.0002595881286615562,0.000260188797255978,1.7157273732828012e-05,1.7197277011773818e-05
208,26.0,snow_rho,Snow density,kg m-3,snow_fraction_gt_1e-3,65821,4.826943058456352e-06,3.4489864955103003e-06,3.2439862407658498e-06,0.0005190227213773824,39675,34.45000076293945,103.35000610351562,122.94364188649091,122.94312286376953,0.7150933812580089,0.7150852084159851,0.05816432393618426,0.05816390471944939
208,26.0,snow_alb,Snow albedo,1,all_columns,97709,1.8047696545341314e-08,2.689372068210888e-06,1.5552038550969284e-08,2.9801826673114817e-08,72709,41.650001525878906,118.45000457763672,0.5117187798028181,0.5117188096046448,0.04208011688933012,0.0420801155269146,0.002738748816074371,0.0027387486884026396
208,26.0,snow_alb,Snow albedo,1,snow_present,83607,1.687544421533352e-08,2.6535676747971687e-06,1.4153793991107288e-08,2.9801826673114817e-08,72709,41.650001525878906,118.45000457763672,0.5117187798028181,0.5117188096046448,0.04208011688933012,0.0420801155269146,0.002738748816074371,0.0027387486884026396
208,26.0,snow_alb,Snow albedo,1,snow_fraction_gt_1e-3,65821,1.6936478908756407e-08,2.638386957152998e-06,1.4390976293985678e-08,2.9801826673114817e-08,72709,41.650001525878906,118.45000457763672,0.5117187798028181,0.5117188096046448,0.04208011688933012,0.0420801155269146,0.002738748816074371,0.0027387486884026396
216,27.0,avg_skin_t,Surface temperature,K,all_columns,97709,6.945328883107729e-06,2.6974326115789665e-06,5.705568780850053e-06,1.5258640246429422e-05,66103,40.35000228881836,88.85000610351562,260.9826812745629,260.9826965332031,7.99984863988277e-05,7.999848457984626e-05,5.202991168730313e-06,5.202990813181003e-06
216,27.0,soil_t_l1,"Soil temperature, layer 1",K,all_columns,97709,0.0004617231907235176,0.00017686818385754678,8.092690031131731e-06,0.1417170474680347,15199,28.549999237060547,87.1500015258789,264.4682246158274,264.3265075683594,0.0,0.0,0.0,0.0
216,27.0,soil_t_l2,"Soil temperature, layer 2",K,all_columns,97709,0.0004167404049741969,0.00015862200918596362,8.063130442890148e-06,0.1287202138905741,15199,28.549999237060547,87.1500015258789,267.9180573720937,267.7893371582031,0.0,0.0,0.0,0.0
216,27.0,soil_t_l3,"Soil temperature, layer 3",K,all_columns,97709,0.00027839753056461513,0.00010535173712398159,7.516841484453377e-06,0.08695092637742619,15199,28.549999237060547,87.1500015258789,266.3663088365337,266.27935791015625,0.0,0.0,0.0,0.0
216,27.0,soil_t_l4,"Soil temperature, layer 4",K,all_columns,97709,1.3915920638443405e-05,5.286113322455777e-06,6.494268126690354e-06,0.0036162551413667643,15199,28.549999237060547,87.1500015258789,261.04936210475074,261.0457458496094,0.0,0.0,0.0,0.0
216,27.0,soil_w_l1,"Soil water, layer 1",kg m-2,all_columns,97709,7.28921018352914e-05,0.00027955796009214386,7.304705819052538e-07,0.022765116214745973,15199,28.549999237060547,87.1500015258789,23.45997519922256,23.437210083007812,0.0,0.0,0.0,0.0
216,27.0,soil_w_l2,"Soil water, layer 2",kg m-2,all_columns,97709,7.352871987255533e-05,9.757017794745164e-05,2.0947934526908704e-06,0.022763986944696057,15199,28.549999237060547,87.1500015258789,75.14954588854359,75.17230987548828,0.0,0.0,0.0,0.0
216,27.0,soil_w_l3,"Soil water, layer 3",kg m-2,all_columns,97709,1.0855425396685356e-05,5.739955740021194e-06,3.875969732866841e-06,0.0029742423787695316,19515,29.650001525878906,99.1500015258789,184.61778137128502,184.61480712890625,0.00012929686771263375,0.000130129381432198,8.54577445653588e-06,8.600949840132553e-06
216,27.0,soil_w_l4,"Soil water, layer 4",kg m-2,all_columns,97709,8.79690836896752e-06,2.916139626442381e-06,7.617605852082261e-06,1.5258735061252082e-05,878,21.950000762939453,111.45000457763672,316.46815490717256,316.4681396484375,0.0,0.0,0.0,0.0
216,27.0,snow_w,Snow water equivalent,kg m-2,all_columns,97709,2.925957199254042e-07,3.4951582464668112e-06,5.7086341507909396e-08,6.294297711967323e-05,12792,27.850000381469727,87.55000305175781,0.43303254293935417,0.4329695999622345,0.43303254293935417,0.4329695999622345,0.02873567574603458,0.02873149553954529
216,27.0,snow_w,Snow water equivalent,kg m-2,snow_present,84240,3.151200771852525e-07,3.495158246466703e-06,6.621378581391954e-08,6.294297711967323e-05,12792,27.850000381469727,87.55000305175781,0.43303254293935417,0.4329695999622345,0.43303254293935417,0.4329695999622345,0.02873567574603458,0.02873149553954529
216,27.0,snow_w,Snow water equivalent,kg m-2,snow_fraction_gt_1e-3,70999,3.426951181247149e-07,3.489519552211592e-06,7.837751666520357e-08,6.294297711967323e-05,12792,27.850000381469727,87.55000305175781,0.43303254293935417,0.4329695999622345,0.43303254293935417,0.4329695999622345,0.02873567574603458,0.02873149553954529
216,27.0,snow_t,Snow temperature,K,all_columns,97709,0.00017374817204509932,6.824721526879961e-05,6.076670194466594e-06,0.047233403743433655,19515,29.650001525878906,99.1500015258789,250.75324231487625,250.7060089111328,0.00012929686771263375,0.000130129381432198,8.54577445653588e-06,8.600949840132553e-06
216,27.0,snow_t,Snow temperature,K,snow_present,84240,0.00018711777783089566,7.44037817126366e-05,6.46273049852963e-06,0.047233403743433655,19515,29.650001525878906,99.1500015258789,250.75324231487625,250.7060089111328,0.00012929686771263375,0.000130129381432198,8.54577445653588e-06,8.600949840132553e-06
216,27.0,snow_t,Snow temperature,K,snow_fraction_gt_1e-3,70999,7.28463596272629e-05,2.9044470255609533e-05,5.400250288264085e-06,0.01932095754892771,12792,27.850000381469727,87.55000305175781,254.29644442331045,254.31576538085938,0.43303254293935417,0.4329695999622345,0.02873567574603458,0.02873149553954529
216,27.0,snow_rho,Snow density,kg m-3,all_columns,97709,1.5039901610978964e-05,1.1290864814046208e-05,2.7735884344280843e-06,0.0026570506460927845,19515,29.650001525878906,99.1500015258789,151.29918109849766,151.29652404785156,0.00012929686771263375,0.000130129381432198,8.54577445653588e-06,8.600949840132553e-06
216,27.0,snow_rho,Snow density,kg m-3,snow_present,84240,1.6197690648785704e-05,1.1756789775350369e-05,3.217053090450305e-06,0.0026570506460927845,19515,29.650001525878906,99.1500015258789,151.29918109849766,151.29652404785156,0.00012929686771263375,0.000130129381432198,8.54577445653588e-06,8.600949840132553e-06
216,27.0,snow_rho,Snow density,kg m-3,snow_fraction_gt_1e-3,70999,4.40619203646853e-06,3.2217772228555126e-06,3.0850094650593614e-06,0.0003988581159575233,28710,31.85000228881836,102.55000305175781,106.38864685721607,106.38904571533203,0.13130845345758105,0.1313101053237915,0.012342337019645506,0.012342446014145235
216,27.0,snow_alb,Snow albedo,1,all_columns,97709,1.800710306489614e-08,2.691474710049776e-06,1.5498012583093737e-08,2.9800535261692573e-08,38225,34.150001525878906,83.05000305175781,0.7719344198685895,0.7719343900680542,0.5867638898885384,0.5867639183998108,0.04506583654613261,0.045065836649913836
216,27.0,snow_alb,Snow albedo,1,snow_present,84240,1.6888293550568523e-08,2.658117289280409e-06,1.4163928383078582e-08,2.9800535261692573e-08,38225,34.150001525878906,83.05000305175781,0.7719344198685895,0.7719343900680542,0.5867638898885384,0.5867639183998108,0.04506583654613261,0.045065836649913836
216,27.0,snow_alb,Snow albedo,1,snow_fraction_gt_1e-3,70999,1.6948946450771298e-08,2.662155209066745e-06,1.4382043184779734e-08,2.9800535261692573e-08,38225,34.150001525878906,83.05000305175781,0.7719344198685895,0.7719343900680542,0.5867638898885384,0.5867639183998108,0.04506583654613261,0.045065836649913836
224,28.0,avg_skin_t,Surface temperature,K,all_columns,97709,6.89623532868485e-06,2.685269603503911e-06,5.666270917813722e-06,1.52586992498982e-05,27542,31.549999237060547,114.35000610351562,264.8477325438555,264.84771728515625,6.276254814892275,6.276254653930664,0.40876431510907685,0.40876429485284926
224,28.0,soil_t_l1,"Soil temperature, layer 1",K,all_columns,97709,0.0013684551246502484,0.0005250099648758952,1.3136353349648236e-05,0.30295183976227236,21899,30.25,98.05000305175781,267.59479143937165,267.2918395996094,6.536982849273161e-06,6.547628800035454e-06,6.53698284927316e-07,6.547628800035455e-07
224,28.0,soil_t_l2,"Soil temperature, layer 2",K,all_columns,97709,0.000673465098627743,0.0002566719622888728,9.53801755730825e-06,0.19914350169199224,15199,28.549999237060547,87.1500015258789,270.84239301341074,270.64324951171875,0.0,0.0,0.0,0.0
224,28.0,soil_t_l3,"Soil temperature, layer 3",K,all_columns,97709,0.00027279080485281647,0.00010331437256606333,7.546387358808708e-06,0.08508878792838459,15199,28.549999237060547,87.1500015258789,266.957067547694,266.8719787597656,0.0,0.0,0.0,0.0
224,28.0,soil_t_l4,"Soil temperature, layer 4",K,all_columns,97709,2.0150334853849044e-05,7.653669302078686e-06,6.501962953379672e-06,0.005815299336290991,15199,28.549999237060547,87.1500015258789,261.20146349269567,261.1956481933594,0.0,0.0,0.0,0.0
224,28.0,soil_w_l1,"Soil water, layer 1",kg m-2,all_columns,97709,0.0001107143719510088,0.0004244931888632748,9.170720531616735e-07,0.03424150487124322,15199,28.549999237060547,87.1500015258789,23.25416833897769,23.219926834106445,0.0,0.0,0.0,0.0
224,28.0,soil_w_l2,"Soil water, layer 2",kg m-2,all_columns,97709,0.0002657020374633589,0.00035256559479395833,2.8113022665502576e-06,0.08270278650671514,15199,28.549999237060547,87.1500015258789,74.53371414464563,74.61641693115234,0.0,0.0,0.0,0.0
224,28.0,soil_w_l3,"Soil water, layer 3",kg m-2,all_columns,97709,0.00015557937491954136,8.225857312366716e-05,4.404303570528622e-06,0.04845881271376129,15199,28.549999237060547,87.1500015258789,181.01253962326064,180.96408081054688,0.0,0.0,0.0,0.0
224,28.0,soil_w_l4,"Soil water, layer 4",kg m-2,all_columns,97709,8.798717898834729e-06,2.9160403614778683e-06,7.616224150302019e-06,1.52587251704972e-05,78390,43.04999923706055,82.05000305175781,299.9338836670561,299.93389892578125,5.725132423590228,5.725132465362549,0.37141167748972925,0.3714116906761285
224,28.0,snow_w,Snow water equivalent,kg m-2,all_columns,97709,6.910805009840514e-07,8.028764774654803e-06,6.109316419662523e-08,0.00020503819106149068,12792,27.850000381469727,87.55000305175781,0.20872838616488504,0.20852334797382355,0.20872838616488504,0.20852334797382355,0.013849281795128711,0.013835677180041668
224,28.0,snow_w,Snow water equivalent,kg m-2,snow_present,85010,7.409022386930817e-07,8.028764616606741e-06,7.021890440872176e-08,0.00020503819106149068,12792,27.850000381469727,87.55000305175781,0.20872838616488504,0.20852334797382355,0.20872838616488504,0.20852334797382355,0.013849281795128711,0.013835677180041668
224,28.0,snow_w,Snow water equivalent,kg m-2,snow_fraction_gt_1e-3,73673,7.953349342254666e-07,8.023374375740064e-06,8.073029922161204e-08,0.00020503819106149068,12792,27.850000381469727,87.55000305175781,0.20872838616488504,0.20852334797382355,0.20872838616488504,0.20852334797382355,0.013849281795128711,0.013835677180041668
224,28.0,snow_t,Snow temperature,K,all_columns,97709,0.0015638896115032612,0.0006150647268425102,1.4356144372069654e-05,0.36781286971697114,21386,30.150001525878906,87.05000305175781,247.34808325545916,246.9802703857422,3.343838540364782e-05,3.5069362638751045e-05,2.196420616630183e-06,2.303552782420987e-06
224,28.0,snow_t,Snow temperature,K,snow_present,85010,0.0016766337966591372,0.0006671321249806741,1.5953645263087223e-05,0.36781286971697114,21386,30.150001525878906,87.05000305175781,247.34808325545916,246.9802703857422,3.343838540364782e-05,3.5069362638751045e-05,2.196420616630183e-06,2.303552782420987e-06
224,28.0,snow_t,Snow temperature,K,snow_fraction_gt_1e-3,73673,4.881668827633011e-05,1.9452548588504318e-05,5.429346346719294e-06,0.009717502173856474,12792,27.850000381469727,87.55000305175781,251.4134392361074,251.42315673828125,0.20872838616488504,0.20852334797382355,0.013849281795128711,0.013835677180041668
224,28.0,snow_rho,Snow density,kg m-3,all_columns,97709,1.033933119462907e-05,7.724350670950437e-06,2.758834829431657e-06,0.0026616888564205965,19515,29.650001525878906,99.1500015258789,151.29918573670798,151.29652404785156,5.544604946729152e-05,5.6442906497977674e-05,3.6646627803919026e-06,3.7306148871025022e-06
224,28.0,snow_rho,Snow density,kg m-3,snow_present,85010,1.1084719896711515e-05,8.020736512541304e-06,3.1709562680736122e-06,0.0026616888564205965,19515,29.650001525878906,99.1500015258789,151.29918573670798,151.29652404785156,5.544604946729152e-05,5.6442906497977674e-05,3.6646627803919026e-06,3.7306148871025022e-06
224,28.0,snow_rho,Snow density,kg m-3,snow_fraction_gt_1e-3,73673,5.9071055993162536e-06,4.2864208244277486e-06,3.1430543836191775e-06,0.0010493761902239385,19842,29.75,92.45000457763672,175.0038181775207,175.00486755371094,0.09920860469198649,0.0992073342204094,0.005668939439444177,0.0056688328506040876
224,28.0,snow_alb,Snow albedo,1,all_columns,97709,1.7715487099494958e-08,2.6656595237050744e-06,1.503742005513555e-08,2.9802322387695312e-08,51829,37.25,85.95000457763672,0.5583613216876984,0.558361291885376,1.9810991836804548,1.9810991287231445,0.17515175677134742,0.17515175305460548
224,28.0,snow_alb,Snow albedo,1,snow_present,85010,1.660741879370918e-08,2.626790603753615e-06,1.3722191769017654e-08,2.9802322387695312e-08,51829,37.25,85.95000457763672,0.5583613216876984,0.558361291885376,1.9810991836804548,1.9810991287231445,0.17515175677134742,0.17515175305460548
224,28.0,snow_alb,Snow albedo,1,snow_fraction_gt_1e-3,73673,1.665270880615043e-08,2.6342314476308426e-06,1.3911806303552258e-08,2.9802322387695312e-08,51829,37.25,85.95000457763672,0.5583613216876984,0.558361291885376,1.9810991836804548,1.9810991287231445,0.17515175677134742,0.17515175305460548
232,29.0,avg_skin_t,Surface temperature,K,all_columns,97709,6.992540848847708e-06,2.7125105422706882e-06,5.751116851901722e-06,1.5258580106092268e-05,46030,35.95000076293945,105.55000305175781,257.6002044675645,257.6001892089844,2.147480831025139,2.1474807262420654,0.14259854172079992,0.1425985357430794
232,29.0,soil_t_l1,"Soil temperature, layer 1",K,all_columns,97709,0.0032483480133033388,0.001243367530703613,1.9835905472972106e-05,0.9923708595388234,15199,28.549999237060547,87.1500015258789,268.9427182517893,269.9350891113281,0.0,0.0,0.0,0.0
232,29.0,soil_t_l2,"Soil temperature, layer 2",K,all_columns,97709,0.0002411852830431195,9.180654213989548e-05,7.962399547235818e-06,0.06459419248881204,19842,29.75,92.45000457763672,270.15897758485494,270.22357177734375,0.04052503420567863,0.040489740669727325,0.0023156280839334107,0.002313597391621821
232,29.0,soil_t_l3,"Soil temperature, layer 3",K,all_columns,97709,0.00025993261549161724,9.848813884541024e-05,7.614534530449692e-06,0.08017160247538868,15199,28.549999237060547,87.1500015258789,267.42129709075664,267.34112548828125,0.0,0.0,0.0,0.0
232,29.0,soil_t_l4,"Soil temperature, layer 4",K,all_columns,97709,2.67157753758197e-05,1.0146711759034302e-05,6.5322113959768245e-06,0.007985824095328553,15199,28.549999237060547,87.1500015258789,261.36418699597033,261.356201171875,0.0,0.0,0.0,0.0
232,29.0,soil_w_l1,"Soil water, layer 1",kg m-2,all_columns,97709,0.00011661706461208634,0.00044862140432983737,9.540447296670074e-07,0.03616144479342154,15199,28.549999237060547,87.1500015258789,22.765941597809118,22.80210304260254,0.0,0.0,0.0,0.0
232,29.0,soil_w_l2,"Soil water, layer 2",kg m-2,all_columns,97709,0.0002005818350433535,0.00026651759380897917,2.8024866729839493e-06,0.05984178256463224,15199,28.549999237060547,87.1500015258789,73.84096082974006,73.90080261230469,0.0,0.0,0.0,0.0
232,29.0,soil_w_l3,"Soil water, layer 3",kg m-2,all_columns,97709,0.00031102761378195285,0.0001644600673346871,5.118596349626061e-06,0.09600159595768787,15199,28.549999237060547,87.1500015258789,181.1635064787702,181.0675048828125,0.0,0.0,0.0,0.0
232,29.0,soil_w_l4,"Soil water, layer 4",kg m-2,all_columns,97709,8.82941748263891e-06,2.9255237874887293e-06,7.651189359043726e-06,1.5258687653840752e-05,39545,34.45000076293945,90.35000610351562,299.4396209717811,299.43963623046875,1.192046397321519,1.1920464038848877,0.09644702879057754,0.09644702836196435
232,29.0,snow_w,Snow water equivalent,kg m-2,all_columns,97709,9.062071959188693e-07,1.0529285479419882e-05,6.070677234326064e-08,0.00027154978731811635,12792,27.850000381469727,87.55000305175781,0.030514370989000207,0.03024282120168209,0.030514370989000207,0.03024282120168209,0.0020245487472791363,0.002006532215347812
232,29.0,snow_w,Snow water equivalent,kg m-2,snow_present,84346,9.753544510898182e-07,1.0529283668224834e-05,7.032185141836776e-08,0.00027154978731811635,12792,27.850000381469727,87.55000305175781,0.030514370989000207,0.03024282120168209,0.030514370989000207,0.03024282120168209,0.0020245487472791363,0.002006532215347812
232,29.0,snow_w,Snow water equivalent,kg m-2,snow_fraction_gt_1e-3,72030,1.0539797748643043e-06,1.0514608506663285e-05,8.171041902771424e-08,0.00027154978731811635,12792,27.850000381469727,87.55000305175781,0.030514370989000207,0.03024282120168209,0.030514370989000207,0.03024282120168209,0.0020245487472791363,0.002006532215347812
232,29.0,snow_t,Snow temperature,K,all_columns,97709,0.0019014540843028827,0.0007411930347076721,1.7391226199858208e-05,0.5325555355571225,19515,29.650001525878906,99.1500015258789,251.74596495938525,251.21340942382812,2.0645314557270954e-05,2.183694959967397e-05,1.364535717758636e-06,1.4433211559066715e-06
232,29.0,snow_t,Snow temperature,K,snow_present,84346,0.002046542514366658,0.0008063392644920338,1.956634047279117e-05,0.5325555355571225,19515,29.650001525878906,99.1500015258789,251.74596495938525,251.21340942382812,2.0645314557270954e-05,2.183694959967397e-05,1.364535717758636e-06,1.4433211559066715e-06
232,29.0,snow_t,Snow temperature,K,snow_fraction_gt_1e-3,72030,0.0004540799870196282,0.00017909274787743058,7.753669856815023e-06,0.10124186881779451,12792,27.850000381469727,87.55000305175781,262.49024983040096,262.59149169921875,0.030514370989000207,0.03024282120168209,0.0020245487472791363,0.002006532215347812
232,29.0,snow_rho,Snow density,kg m-3,all_columns,97709,1.0376851906270017e-05,7.68497458650732e-06,2.7874469918563114e-06,0.0026483114204722824,19515,29.650001525878906,99.1500015258789,151.2991876180611,151.29653930664062,2.0645314557270954e-05,2.183694959967397e-05,1.364535717758636e-06,1.4433211559066715e-06
232,29.0,snow_rho,Snow density,kg m-3,snow_present,84346,1.1168649379130803e-05,7.990502168364742e-06,3.2290643080559637e-06,0.0026483114204722824,19515,29.650001525878906,99.1500015258789,151.2991876180611,151.29653930664062,2.0645314557270954e-05,2.183694959967397e-05,1.364535717758636e-06,1.4433211559066715e-06
232,29.0,snow_rho,Snow density,kg m-3,snow_fraction_gt_1e-3,72030,5.890080760269688e-06,4.219465413220009e-06,3.1877312160246344e-06,0.001058664774546969,19842,29.75,92.45000457763672,175.00666228249108,175.00772094726562,0.04052503420567863,0.040489740669727325,0.0023156280839334107,0.002313597391621821
232,29.0,snow_alb,Snow albedo,1,all_columns,97709,1.7742179096543626e-08,2.685756748596462e-06,1.5082353999443555e-08,2.980206526004281e-08,39333,34.35000228881836,110.85000610351562,0.7054836452004722,0.705483615398407,36.3890068566372,36.389007568359375,1.0,1.0
232,29.0,snow_alb,Snow albedo,1,snow_present,84346,1.6571031200223355e-08,2.6498625154791516e-06,1.3694579225825698e-08,2.980206526004281e-08,39333,34.35000228881836,110.85000610351562,0.7054836452004722,0.705483615398407,36.3890068566372,36.389007568359375,1.0,1.0
232,29.0,snow_alb,Snow albedo,1,snow_fraction_gt_1e-3,72030,1.6568981361252625e-08,2.66001669243287e-06,1.381245078856664e-08,2.980206526004281e-08,39333,34.35000228881836,110.85000610351562,0.7054836452004722,0.705483615398407,36.3890068566372,36.389007568359375,1.0,1.0
240,30.0,avg_skin_t,Surface temperature,K,all_columns,97709,6.897125658704701e-06,2.6776416309738728e-06,5.6581276041290834e-06,1.5258419011843216e-05,25573,31.150001525878906,89.25,267.9559478763466,267.9559631347656,0.046242720442825486,0.04624272137880325,0.0030325596928206925,0.003032559625538705
240,30.0,soil_t_l1,"Soil temperature, layer 1",K,all_columns,97709,0.004038950437991657,0.001547015748336757,2.5772374212078805e-05,1.2107343133681638,15199,28.549999237060547,87.1500015258789,269.41890435850684,270.629638671875,0.0,0.0,0.0,0.0
240,30.0,soil_t_l2,"Soil temperature, layer 2",K,all_columns,97709,0.0009945953223178363,0.0003786767068510355,1.3100609178679743e-05,0.23105501410935858,15199,28.549999237060547,87.1500015258789,270.7740414214375,271.0050964355469,0.0,0.0,0.0,0.0
240,30.0,soil_t_l3,"Soil temperature, layer 3",K,all_columns,97709,0.00014903285376881482,5.6480926578607726e-05,7.441776636959147e-06,0.03984833732823745,15199,28.549999237060547,87.1500015258789,267.772697458422,267.73284912109375,0.0,0.0,0.0,0.0
240,30.0,soil_t_l4,"Soil temperature, layer 4",K,all_columns,97709,3.113531490802099e-05,1.1824525406763892e-05,6.570965136023636e-06,0.009401524116640303,15199,28.549999237060547,87.1500015258789,261.5332662702104,261.52386474609375,0.0,0.0,0.0,0.0
240,30.0,soil_w_l1,"Soil water, layer 1",kg m-2,all_columns,97709,0.0006089528496523908,0.002342690754935824,3.2950645138319726e-06,0.173874380372677,15199,28.549999237060547,87.1500015258789,21.912938592649784,22.08681297302246,0.0,0.0,0.0,0.0
240,30.0,soil_w_l2,"Soil water, layer 2",kg m-2,all_columns,97709,0.00048678750819900905,0.0006471411013787118,4.4681649785531266e-06,0.10724735908132743,15199,28.549999237060547,87.1500015258789,73.03715611152273,72.9299087524414,0.0,0.0,0.0,0.0
240,30.0,soil_w_l3,"Soil water, layer 3",kg m-2,all_columns,97709,0.00024136276254368248,0.00012763414269509758,5.183327642755971e-06,0.06662804517259246,15199,28.549999237060547,87.1500015258789,181.2944875422429,181.2278594970703,0.0,0.0,0.0,0.0
240,30.0,soil_w_l4,"Soil water, layer 4",kg m-2,all_columns,97709,8.813216433986102e-06,2.919460885043962e-06,7.636267353680182e-06,3.59548021720002e-05,21899,30.25,98.05000305175781,299.9991814626147,299.9991455078125,4.044511831946508e-06,4.055047156725777e-06,4.0445118319465077e-07,4.0550471567257775e-07
240,30.0,snow_w,Snow water equivalent,kg m-2,all_columns,97709,1.0466929546019356e-06,1.1995741644907028e-05,5.852305226751847e-08,0.00030904206083071095,12792,27.850000381469727,87.55000305175781,0.038082818860271095,0.037773776799440384,0.038082818860271095,0.037773776799440384,0.0028318781747265305,0.002809914471690183
240,30.0,snow_w,Snow water equivalent,kg m-2,snow_present,84111,1.12813256124735e-06,1.1995740193287493e-05,6.798171132184531e-08,0.00030904206083071095,12792,27.850000381469727,87.55000305175781,0.038082818860271095,0.037773776799440384,0.038082818860271095,0.037773776799440384,0.0028318781747265305,0.002809914471690183
240,30.0,snow_w,Snow water equivalent,kg m-2,snow_fraction_gt_1e-3,68972,1.2110003676856324e-06,1.1660608578746459e-05,8.082575618321303e-08,0.00030904206083071095,12792,27.850000381469727,87.55000305175781,0.038082818860271095,0.037773776799440384,0.038082818860271095,0.037773776799440384,0.0028318781747265305,0.002809914471690183
240,30.0,snow_t,Snow temperature,K,all_columns,97709,0.0032081514542716305,0.001256194376295819,2.9014099667666177e-05,0.6084113978028256,18987,29.549999237060547,85.6500015258789,250.26046523081064,249.6520538330078,2.4111024660034753e-05,2.0973064238205552e-05,1.5822706541616733e-06,1.3763438472710048e-06
240,30.0,snow_t,Snow temperature,K,snow_present,84111,0.0034577668750670853,0.001369978726563113,3.3112688013302015e-05,0.6084113978028256,18987,29.549999237060547,85.6500015258789,250.26046523081064,249.6520538330078,2.4111024660034753e-05,2.0973064238205552e-05,1.5822706541616733e-06,1.3763438472710048e-06
240,30.0,snow_t,Snow temperature,K,snow_fraction_gt_1e-3,68972,0.00024047583635853273,9.544748072036051e-05,6.231996993308329e-06,0.060095893626538555,12792,27.850000381469727,87.55000305175781,252.23787773918596,252.2979736328125,0.038082818860271095,0.037773776799440384,0.0028318781747265305,0.002809914471690183
240,30.0,snow_rho,Snow density,kg m-3,all_columns,97709,0.0002124864688391643,0.0001546608284161564,4.003092804793832e-06,0.048671748318582786,12792,27.850000381469727,87.55000305175781,134.47901537624827,134.4303436279297,0.038082818860271095,0.037773776799440384,0.0028318781747265305,0.002809914471690183
240,30.0,snow_rho,Snow density,kg m-3,snow_present,84111,0.00022901934351994826,0.00016069830931214198,4.650262092515849e-06,0.048671748318582786,12792,27.850000381469727,87.55000305175781,134.47901537624827,134.4303436279297,0.038082818860271095,0.037773776799440384,0.0028318781747265305,0.002809914471690183
240,30.0,snow_rho,Snow density,kg m-3,snow_fraction_gt_1e-3,68972,0.00018539335672528595,0.00013008454257808468,4.118089675552075e-06,0.048671748318582786,12792,27.850000381469727,87.55000305175781,134.47901537624827,134.4303436279297,0.038082818860271095,0.037773776799440384,0.0028318781747265305,0.002809914471690183
240,30.0,snow_alb,Snow albedo,1,all_columns,97709,1.7587789566763622e-08,2.6897300152833804e-06,1.4822743599713403e-08,2.9801759393599525e-08,27269,31.549999237060547,87.05000305175781,0.6235658228402999,0.6235658526420593,0.004281054704144726,0.004281054716557264,0.0002660873822732464,0.0002660873830480266
240,30.0,snow_alb,Snow albedo,1,snow_present,84111,1.6353645374026203e-08,2.6533058889035184e-06,1.3364647551689503e-08,2.9801759393599525e-08,27269,31.549999237060547,87.05000305175781,0.6235658228402999,0.6235658526420593,0.004281054704144726,0.004281054716557264,0.0002660873822732464,0.0002660873830480266
240,30.0,snow_alb,Snow albedo,1,snow_fraction_gt_1e-3,68972,1.6338229442165195e-08,2.668550732861676e-06,1.3472581184589461e-08,2.98009061872051e-08,63409,39.75,110.65000915527344,0.5043714940533781,0.5043714642524719,0.09348840497353568,0.09348840266466141,0.0060758065984049345,0.006075806423877192
