step,day,field,title,unit,domain,n_columns,rmse,relative_rmse_percent,mean_abs_error,max_abs_error,max_index,max_lat,max_lon,max_torch,max_fortran,torch_swe_at_max,fortran_swe_at_max,torch_snow_fraction_at_max,fortran_snow_fraction_at_max
8,1.0,avg_skin_t,Surface temperature,K,all_columns,97709,7.0316550296946544e-06,2.6970999879026708e-06,5.783486184213847e-06,1.5258360633652046e-05,59829,39.04999923706055,80.35000610351562,260.54402160687374,260.5440368652344,0.0,0.0,0.0,0.0
8,1.0,soil_t_l1,"Soil temperature, layer 1",K,all_columns,97709,7.349179819983813e-06,2.8029125229686264e-06,6.079070011244951e-06,1.5258570385867642e-05,82312,44.150001525878906,87.55000305175781,259.05564880349226,259.0556335449219,0.0,0.0,0.0,0.0
8,1.0,soil_t_l2,"Soil temperature, layer 2",K,all_columns,97709,7.566143003977633e-06,2.87653755440924e-06,6.288425161944151e-06,1.5258518260452547e-05,17281,29.049999237060547,108.25,277.1367950442161,277.1368103027344,0.0,0.0,0.0,0.0
8,1.0,soil_t_l3,"Soil temperature, layer 3",K,all_columns,97709,7.541736889211868e-06,2.8708884143266667e-06,6.271822040810969e-06,1.5258663722761412e-05,21895,30.25,97.6500015258789,257.6414947511019,257.6415100097656,0.37293501773551657,0.372935026884079,0.03729350177355166,0.0372935026884079
8,1.0,soil_t_l4,"Soil temperature, layer 4",K,all_columns,97709,7.2998995547792585e-06,2.782053620016953e-06,6.006964337807629e-06,1.5258613530022558e-05,115,18.950000762939453,108.85000610351562,285.00288391130834,285.0028991699219,0.0,0.0,0.0,0.0
8,1.0,soil_w_l1,"Soil water, layer 1",kg m-2,all_columns,97709,5.501396118970031e-07,1.9031313268083387e-06,4.7631229778177655e-07,9.536708382995585e-07,94372,49.04999923706055,125.25,29.99838352203717,29.998384475708008,0.6867162900398616,0.6867163181304932,0.06373777759656861,0.06373777954100784
8,1.0,soil_w_l2,"Soil water, layer 2",kg m-2,all_columns,97709,2.1970539911164308e-06,2.7496775994853603e-06,1.8976951542077624e-06,3.8146794878457513e-06,96539,51.349998474121094,125.95000457763672,79.99991226198067,79.99991607666016,0.037131052967531344,0.03713105246424675,0.003713105296753134,0.003713105246424675
8,1.0,soil_w_l3,"Soil water, layer 3",kg m-2,all_columns,97709,4.390914984960051e-06,2.426135544551792e-06,3.7920157647315814e-06,7.629357668292869e-06,3370,23.549999237060547,120.65000915527344,183.65555572513452,183.6555633544922,0.0,0.0,0.0,0.0
8,1.0,soil_w_l4,"Soil water, layer 4",kg m-2,all_columns,97709,8.760556707090094e-06,2.9200333394431337e-06,7.5938524969956295e-06,1.5258781218108197e-05,18593,29.450000762939453,85.25,299.99995422364066,299.9999694824219,0.0,0.0,0.0,0.0
8,1.0,snow_w,Snow water equivalent,kg m-2,all_columns,97709,9.599557068926376e-09,2.1311924605416253e-06,1.1099299874179084e-09,1.0575462212614184e-06,15282,28.549999237060547,95.45000457763672,40.05295668498763,40.052955627441406,40.05295668498763,40.052955627441406,1.0,1.0
8,1.0,snow_w,Snow water equivalent,kg m-2,snow_present,18763,2.1906214698913232e-08,2.1311924605416253e-06,5.780000487150035e-09,1.0575462212614184e-06,15282,28.549999237060547,95.45000457763672,40.05295668498763,40.052955627441406,40.05295668498763,40.052955627441406,1.0,1.0
8,1.0,snow_w,Snow water equivalent,kg m-2,snow_fraction_gt_1e-3,18165,2.226385685973751e-08,2.1311918901886516e-06,5.966283991698001e-09,1.0575462212614184e-06,15282,28.549999237060547,95.45000457763672,40.05295668498763,40.052955627441406,40.05295668498763,40.052955627441406,1.0,1.0
8,1.0,snow_t,Snow temperature,K,all_columns,97709,3.859181089135483e-06,1.446061905149044e-06,3.7190146004962943e-06,1.5186438247383194e-05,26847,31.450000762939453,87.55000305175781,262.3857878915164,262.3857727050781,0.07081980657475796,0.07081981003284454,0.005386303633770678,0.005386303768706139
8,1.0,snow_t,Snow temperature,K,snow_present,18763,4.59671957600623e-06,1.9263338596834783e-06,3.95844549675793e-06,1.5186438247383194e-05,26847,31.450000762939453,87.55000305175781,262.3857878915164,262.3857727050781,0.07081980657475796,0.07081981003284454,0.005386303633770678,0.005386303768706139
8,1.0,snow_t,Snow temperature,K,snow_fraction_gt_1e-3,18165,4.600145523400841e-06,1.9280757859109098e-06,3.960181603373684e-06,1.5186438247383194e-05,26847,31.450000762939453,87.55000305175781,262.3857878915164,262.3857727050781,0.07081980657475796,0.07081981003284454,0.005386303633770678,0.005386303768706139
8,1.0,snow_rho,Snow density,kg m-3,all_columns,97709,9.238692287255442e-07,9.092770752520671e-07,3.1037644238226657e-07,7.599604714414454e-06,27690,31.650001525878906,86.6500015258789,139.59871676562966,139.59872436523438,0.11666331669741062,0.11666331440210342,0.00835704792998026,0.008357047310609754
8,1.0,snow_rho,Snow density,kg m-3,snow_present,18763,2.1082720309765953e-06,1.950362917916557e-06,1.6162965308708034e-06,7.599604714414454e-06,27690,31.650001525878906,86.6500015258789,139.59871676562966,139.59872436523438,0.11666331669741062,0.11666331440210342,0.00835704792998026,0.008357047310609754
8,1.0,snow_rho,Snow density,kg m-3,snow_fraction_gt_1e-3,18165,2.1052831268122876e-06,1.948666784050198e-06,1.6086175207874475e-06,7.599604714414454e-06,27690,31.650001525878906,86.6500015258789,139.59871676562966,139.59872436523438,0.11666331669741062,0.11666331440210342,0.00835704792998026,0.008357047310609754
8,1.0,snow_alb,Snow albedo,1,all_columns,97709,2.299394248723559e-08,2.7322876875045593e-06,2.2522832327391914e-08,2.9800307665972525e-08,82957,44.35000228881836,82.1500015258789,0.7840416133383631,0.7840415835380554,0.23844037892680783,0.2384403795003891,0.022751048611086927,0.022751047906177723
8,1.0,snow_alb,Snow albedo,1,snow_present,18763,1.9016528526550586e-08,2.362008562803507e-06,1.697298446671577e-08,2.9800307665972525e-08,82957,44.35000228881836,82.1500015258789,0.7840416133383631,0.7840415835380554,0.23844037892680783,0.2384403795003891,0.022751048611086927,0.022751047906177723
8,1.0,snow_alb,Snow albedo,1,snow_fraction_gt_1e-3,18165,1.8873639364574893e-08,2.34401616200997e-06,1.681245473506988e-08,2.9800307665972525e-08,82957,44.35000228881836,82.1500015258789,0.7840416133383631,0.7840415835380554,0.23844037892680783,0.2384403795003891,0.022751048611086927,0.022751047906177723
16,2.0,avg_skin_t,Surface temperature,K,all_columns,97709,7.0478844601432314e-06,2.7043873473630297e-06,5.79370471252959e-06,1.5258659061601065e-05,69868,41.150001525878906,79.05000305175781,257.68910217272156,257.6890869140625,0.0,0.0,0.0,0.0
16,2.0,soil_t_l1,"Soil temperature, layer 1",K,all_columns,97709,7.398101846209681e-06,2.820750965819889e-06,6.138490911471755e-06,1.5258545488450181e-05,66054,40.35000228881836,83.95000457763672,257.4208526613764,257.4208679199219,0.0,0.0,0.0,0.0
16,2.0,soil_t_l2,"Soil temperature, layer 2",K,all_columns,97709,7.590593894824792e-06,2.8840715713588226e-06,6.3168403661438655e-06,1.5258405653639784e-05,51073,37.04999923706055,106.05000305175781,266.43128967323497,266.4313049316406,0.0,0.0,0.0,0.0
16,2.0,soil_t_l3,"Soil temperature, layer 3",K,all_columns,97709,7.616786593325685e-06,2.8966910416576852e-06,6.340900182705172e-06,1.5258720907240786e-05,23705,30.650001525878906,114.95000457763672,277.49006652825216,277.49005126953125,0.0,0.0,0.0,0.0
16,2.0,soil_t_l4,"Soil temperature, layer 4",K,all_columns,97709,7.4357632176276945e-06,2.8337016907605658e-06,6.173522923345244e-06,1.5258364555847947e-05,52594,37.35000228881836,115.55000305175781,270.59022522015107,270.5902404785156,0.0,0.0,0.0,0.0
16,2.0,soil_w_l1,"Soil water, layer 1",kg m-2,all_columns,97709,5.488825486372517e-07,1.9105673588993626e-06,4.7516526767960426e-07,9.536698009071642e-07,14417,28.25,119.05000305175781,26.4405450820968,26.4405460357666,0.0,0.0,0.0,0.0
16,2.0,soil_w_l2,"Soil water, layer 2",kg m-2,all_columns,97709,2.2043477313769752e-06,2.7744512919154303e-06,1.9095452244460364e-06,3.814692121295593e-06,13417,28.049999237060547,87.75,79.99958419800319,79.99958801269531,0.23986753781851008,0.23986753821372986,0.01999006794784935,0.019990068501610114
16,2.0,soil_w_l3,"Soil water, layer 3",kg m-2,all_columns,97709,4.400588863026219e-06,2.422218151031527e-06,3.807679052657104e-06,7.629241082440785e-06,19243,29.549999237060547,111.25,186.84996795638952,186.84996032714844,0.0,0.0,0.0,0.0
16,2.0,soil_w_l4,"Soil water, layer 4",kg m-2,all_columns,97709,8.789381224928704e-06,2.929455839121855e-06,7.6143443867108605e-06,1.5258768257808697e-05,90561,47.04999923706055,124.85000610351562,299.99925231931513,299.9992370605469,0.047534596311481006,0.04753459617495537,0.004430277283318388,0.004430277385413867
16,2.0,snow_w,Snow water equivalent,kg m-2,all_columns,97709,1.7718604733107017e-08,2.505841788546981e-06,3.036587288192881e-09,1.3445781519294542e-06,15654,28.650001525878906,95.55000305175781,41.59190997133982,41.59191131591797,41.59190997133982,41.59191131591797,1.0,1.0
16,2.0,snow_w,Snow water equivalent,kg m-2,snow_present,31197,3.1357424682160006e-08,2.5058417885469806e-06,9.510590997271002e-09,1.3445781519294542e-06,15654,28.650001525878906,95.55000305175781,41.59190997133982,41.59191131591797,41.59190997133982,41.59191131591797,1.0,1.0
16,2.0,snow_w,Snow water equivalent,kg m-2,snow_fraction_gt_1e-3,29773,3.209852624249004e-08,2.5058416591506302e-06,9.95802156533463e-09,1.3445781519294542e-06,15654,28.650001525878906,95.55000305175781,41.59190997133982,41.59191131591797,41.59190997133982,41.59191131591797,1.0,1.0
16,2.0,snow_t,Snow temperature,K,all_columns,97709,4.25182503499471e-06,1.6093436858704265e-06,3.901324234916914e-06,1.5253731532993697e-05,39681,34.45000076293945,103.95000457763672,262.18940735369034,262.1894226074219,0.02381334602447318,0.023813346400856972,0.00200600748839474,0.002006007579417567
16,2.0,snow_t,Snow temperature,K,snow_present,31197,5.294147542991122e-06,2.1698359685072757e-06,4.411330338911925e-06,1.5253731532993697e-05,39681,34.45000076293945,103.95000457763672,262.18940735369034,262.1894226074219,0.02381334602447318,0.023813346400856972,0.00200600748839474,0.002006007579417567
16,2.0,snow_t,Snow temperature,K,snow_fraction_gt_1e-3,29773,5.311965876116961e-06,2.173069738736746e-06,4.42485584402488e-06,1.5253731532993697e-05,39681,34.45000076293945,103.95000457763672,262.18940735369034,262.1894226074219,0.02381334602447318,0.023813346400856972,0.00200600748839474,0.002006007579417567
16,2.0,snow_rho,Snow density,kg m-3,all_columns,97709,1.3502390178973662e-06,1.2869491338603931e-06,5.864688304844381e-07,7.6253787142377405e-06,42240,35.04999923706055,111.65000915527344,129.05817412928496,129.05816650390625,0.26720900828781585,0.267208993434906,0.020704539645829582,0.02070453971828418
16,2.0,snow_rho,Snow density,kg m-3,snow_present,31197,2.389579707002465e-06,2.083315781775399e-06,1.836820301881718e-06,7.6253787142377405e-06,42240,35.04999923706055,111.65000915527344,129.05817412928496,129.05816650390625,0.26720900828781585,0.267208993434906,0.020704539645829582,0.02070453971828418
16,2.0,snow_rho,Snow density,kg m-3,snow_fraction_gt_1e-3,29773,2.375946050197351e-06,2.079203969804423e-06,1.8212314463860776e-06,7.6253787142377405e-06,42240,35.04999923706055,111.65000915527344,129.05817412928496,129.05816650390625,0.26720900828781585,0.267208993434906,0.020704539645829582,0.02070453971828418
16,2.0,snow_alb,Snow albedo,1,all_columns,97709,2.1956502962972213e-08,2.6412017495047504e-06,2.1028458308473165e-08,2.9796742850862756e-08,91030,47.25,131.75,0.7297110259477133,0.7297109961509705,0.22836960650656643,0.2283696085214615,0.017206725564611308,0.017206725702450743
16,2.0,snow_alb,Snow albedo,1,snow_present,31197,1.7262618710446457e-08,2.1851995884222896e-06,1.5030290671071867e-08,2.9796742850862756e-08,91030,47.25,131.75,0.7297110259477133,0.7297109961509705,0.22836960650656643,0.2283696085214615,0.017206725564611308,0.017206725702450743
16,2.0,snow_alb,Snow albedo,1,snow_fraction_gt_1e-3,29773,1.7356564646593447e-08,2.19293155903596e-06,1.5122634258137322e-08,2.9796742850862756e-08,91030,47.25,131.75,0.7297110259477133,0.7297109961509705,0.22836960650656643,0.2283696085214615,0.017206725564611308,0.017206725702450743
24,3.0,avg_skin_t,Surface temperature,K,all_columns,97709,6.914564347470461e-06,2.665598532540586e-06,5.680527393345124e-06,1.5258508199167409e-05,2023,22.850000381469727,116.45000457763672,291.1447906491332,291.144775390625,0.0,0.0,0.0,0.0
24,3.0,soil_t_l1,"Soil temperature, layer 1",K,all_columns,97709,7.305236453070659e-06,2.792751785211826e-06,6.043582150076266e-06,1.5258600399192801e-05,33539,32.95000076293945,116.65000915527344,274.4284515378973,274.4284362792969,25.123797078960617,25.123796463012695,1.0,1.0
24,3.0,soil_t_l2,"Soil temperature, layer 2",K,all_columns,97709,7.554576572698078e-06,2.8744480174453796e-06,6.28212771635777e-06,1.5258768712556048e-05,73048,41.75,103.35000610351562,259.30912780759684,259.3091125488281,0.3823695145551778,0.3823695182800293,0.033997423430486305,0.033997423429218104
24,3.0,soil_t_l3,"Soil temperature, layer 3",K,all_columns,97709,7.614122535238282e-06,2.8941271632310468e-06,6.34265343054403e-06,1.5258472956247715e-05,42589,35.150001525878906,105.05000305175781,269.1278839108167,269.12786865234375,3.8731625315790423,3.8731625080108643,0.25832388699310677,0.2583238820994865
24,3.0,soil_t_l4,"Soil temperature, layer 4",K,all_columns,97709,7.455834973782561e-06,2.841172933922623e-06,6.186902529469353e-06,1.5258740347690036e-05,80503,43.54999923706055,130.95001220703125,257.609695434619,257.6097106933594,0.02377604291645822,0.023776043206453323,0.0019239801726511638,0.0019239802399280347
24,3.0,soil_w_l1,"Soil water, layer 1",kg m-2,all_columns,97709,5.476375478606341e-07,1.9020151881145201e-06,4.7542703361308557e-07,9.536713356794735e-07,61767,39.45000076293945,88.45000457763672,29.991633415219187,29.99163246154785,0.0,0.0,0.0,0.0
24,3.0,soil_w_l2,"Soil water, layer 2",kg m-2,all_columns,97709,2.207360786514241e-06,2.7722249004688937e-06,1.9124755884048867e-06,3.814521420508754e-06,36642,33.75,91.75,79.26240921038092,79.26241302490234,0.0,0.0,0.0,0.0
24,3.0,soil_w_l3,"Soil water, layer 3",kg m-2,all_columns,97709,4.40412588897561e-06,2.410626904501959e-06,3.815313716986071e-06,7.629377734019727e-06,33534,32.95000076293945,116.15000915527344,187.93299102781523,187.9329833984375,13.460851074320846,13.460850715637207,0.8932966910222503,0.8932966799676693
24,3.0,soil_w_l4,"Soil water, layer 4",kg m-2,all_columns,97709,8.828657892026653e-06,2.942325829268226e-06,7.649435562379854e-06,1.5258506437021424e-05,91621,47.54999923706055,130.15000915527344,299.91807556180606,299.9180908203125,0.04615348662749035,0.046153485774993896,0.003378432395229043,0.0033784323151881943
24,3.0,snow_w,Snow water equivalent,kg m-2,all_columns,97709,1.6272554121570123e-07,2.496864038724613e-06,2.736923563615249e-08,7.5499249305721605e-06,24523,30.850000381469727,112.95000457763672,143.66812888781556,143.66812133789062,143.66812888781556,143.66812133789062,1.0,1.0
24,3.0,snow_w,Snow water equivalent,kg m-2,snow_present,46226,2.36580993609582e-07,2.496864038724613e-06,5.7851006895944284e-08,7.5499249305721605e-06,24523,30.850000381469727,112.95000457763672,143.66812888781556,143.66812133789062,143.66812888781556,143.66812133789062,1.0,1.0
24,3.0,snow_w,Snow water equivalent,kg m-2,snow_fraction_gt_1e-3,43290,2.4447204517900006e-07,2.4968640397640295e-06,6.176371808345334e-08,7.5499249305721605e-06,24523,30.850000381469727,112.95000457763672,143.66812888781556,143.66812133789062,143.66812888781556,143.66812133789062,1.0,1.0
24,3.0,snow_t,Snow temperature,K,all_columns,97709,4.853960563906128e-06,1.853051306788638e-06,4.225842901255481e-06,1.5258717894539586e-05,47900,36.35000228881836,113.55000305175781,261.2934417725321,261.29345703125,0.08408711421661662,0.08408711105585098,0.007898622288992227,0.007898621716380515
24,3.0,snow_t,Snow temperature,K,snow_present,46226,5.904668159920669e-06,2.3726997177802934e-06,4.853686418320718e-06,1.5258717894539586e-05,47900,36.35000228881836,113.55000305175781,261.2934417725321,261.29345703125,0.08408711421661662,0.08408711105585098,0.007898622288992227,0.007898621716380515
24,3.0,snow_t,Snow temperature,K,snow_fraction_gt_1e-3,43290,5.9681888489264254e-06,2.393105273039942e-06,4.903475873929499e-06,1.5258717894539586e-05,47900,36.35000228881836,113.55000305175781,261.2934417725321,261.29345703125,0.08408711421661662,0.08408711105585098,0.007898622288992227,0.007898621716380515
24,3.0,snow_rho,Snow density,kg m-3,all_columns,97709,2.1256187633263224e-06,1.9050028231374152e-06,1.162291229873832e-06,7.629151241417276e-06,18338,29.350000381469727,98.55000305175781,152.51917266870032,152.51918029785156,0.5757941859435448,0.5757941603660583,0.03775224949549626,0.03775224593009232
24,3.0,snow_rho,Snow density,kg m-3,snow_present,46226,3.0903630450754945e-06,2.5083290481349418e-06,2.4567627261658427e-06,7.629151241417276e-06,18338,29.350000381469727,98.55000305175781,152.51917266870032,152.51918029785156,0.5757941859435448,0.5757941603660583,0.03775224949549626,0.03775224593009232
24,3.0,snow_rho,Snow density,kg m-3,snow_fraction_gt_1e-3,43290,3.0524047236405954e-06,2.487949020336895e-06,2.4206998178304278e-06,7.629151241417276e-06,18338,29.350000381469727,98.55000305175781,152.51917266870032,152.51918029785156,0.5757941859435448,0.5757941603660583,0.03775224949549626,0.03775224593009232
24,3.0,snow_alb,Snow albedo,1,all_columns,97709,2.099531256582092e-08,2.563912295968554e-06,1.9600203282768495e-08,2.979987323570299e-08,27378,31.549999237060547,97.95000457763672,0.8001400530362779,0.8001400828361511,0.2538242544844077,0.25382426381111145,0.02138939736858852,0.021389398198164777
24,3.0,snow_alb,Snow albedo,1,snow_present,46226,1.7281707466252196e-08,2.2077872765108636e-06,1.4876171215859051e-08,2.979987323570299e-08,27378,31.549999237060547,97.95000457763672,0.8001400530362779,0.8001400828361511,0.2538242544844077,0.25382426381111145,0.02138939736858852,0.021389398198164777
24,3.0,snow_alb,Snow albedo,1,snow_fraction_gt_1e-3,43290,1.7280560892430525e-08,2.2003924087785843e-06,1.4881158440004084e-08,2.979987323570299e-08,27378,31.549999237060547,97.95000457763672,0.8001400530362779,0.8001400828361511,0.2538242544844077,0.25382426381111145,0.02138939736858852,0.021389398198164777
32,4.0,avg_skin_t,Surface temperature,K,all_columns,97709,6.897977419655341e-06,2.662247261542259e-06,5.665217911699832e-06,1.5258641724358313e-05,54313,37.75,102.55000305175781,265.7564849852042,265.7564697265625,0.48554092377720837,0.4855409264564514,0.0321094681509591,0.03210946923110922
32,4.0,soil_t_l1,"Soil temperature, layer 1",K,all_columns,97709,7.318024140466934e-06,2.7983134594843556e-06,6.062441411673109e-06,1.525818282743785e-05,63684,39.85000228881836,89.55000305175781,261.2723846441609,261.27239990234375,0.023743848665514412,0.023743849247694016,0.0016428784424413023,0.0016428785571518487
32,4.0,soil_t_l2,"Soil temperature, layer 2",K,all_columns,97709,7.597308187409732e-06,2.891059835887253e-06,6.324758918067405e-06,1.5258773885307164e-05,91435,47.45000076293945,131.95001220703125,259.164840698227,259.1648254394531,0.19867305656542877,0.1986730545759201,0.013174277024865285,0.013174277544881022
32,4.0,soil_t_l3,"Soil temperature, layer 3",K,all_columns,97709,7.64612117044361e-06,2.9051469919418822e-06,6.37408000101952e-06,1.5258604491918959e-05,43012,35.25,105.85000610351562,266.0390472413955,266.0390625,0.47190737951529454,0.471907377243042,0.030886504299984446,0.03088650379613238
32,4.0,soil_t_l4,"Soil temperature, layer 4",K,all_columns,97709,7.4538042898653554e-06,2.8401948036065737e-06,6.183675115938325e-06,1.5258457437994366e-05,56571,38.25,107.65000915527344,261.2712860110738,261.27130126953125,2.8401608763125976,2.840160846710205,0.21107029359162774,0.21107029313645678
32,4.0,soil_w_l1,"Soil water, layer 1",kg m-2,all_columns,97709,5.508713890399233e-07,1.9257804625487286e-06,4.772543649608418e-07,9.536725009695601e-07,26732,31.35000228881836,119.05000305175781,28.34303188324156,28.343032836914062,3.986012261583671,3.9860122203826904,0.353412317366272,0.3534123208618788
32,4.0,soil_w_l2,"Soil water, layer 2",kg m-2,all_columns,97709,2.2054860016901983e-06,2.781794256792947e-06,1.9101219530085826e-06,3.814684745861996e-06,8470,25.950000762939453,107.65000915527344,78.76630020142854,78.76630401611328,0.2676381076459918,0.26763811707496643,0.02074217282345848,0.020742172537735467
32,4.0,soil_w_l3,"Soil water, layer 3",kg m-2,all_columns,97709,4.41326680831641e-06,2.404859746355052e-06,3.825808954845015e-06,7.629363324213045e-06,57301,38.45000076293945,94.25,179.99954986575386,179.9995574951172,0.0,0.0,0.0,0.0
32,4.0,soil_w_l4,"Soil water, layer 4",kg m-2,all_columns,97709,8.837957271715462e-06,2.9451527621177924e-06,7.664429022492877e-06,1.525851365613562e-05,21490,30.150001525878906,97.45000457763672,299.9998321535957,299.9998474121094,0.15472079480642295,0.15472079813480377,0.010174108491249051,0.010174108651742614
32,4.0,snow_w,Snow water equivalent,kg m-2,all_columns,97709,1.845268025754759e-07,2.4195070486734776e-06,3.505248702876619e-08,7.618558043986923e-06,24523,30.850000381469727,112.95000457763672,148.85681916366852,148.85682678222656,148.85681916366852,148.85682678222656,1.0,1.0
32,4.0,snow_w,Snow water equivalent,kg m-2,snow_present,51338,2.5457002659500626e-07,2.419507048673477e-06,6.671361282259653e-08,7.618558043986923e-06,24523,30.850000381469727,112.95000457763672,148.85681916366852,148.85682678222656,148.85681916366852,148.85682678222656,1.0,1.0
32,4.0,snow_w,Snow water equivalent,kg m-2,snow_fraction_gt_1e-3,46160,2.6846880400405953e-07,2.419507048710924e-06,7.418080418550097e-08,7.618558043986923e-06,24523,30.850000381469727,112.95000457763672,148.85681916366852,148.85682678222656,148.85681916366852,148.85682678222656,1.0,1.0
32,4.0,snow_t,Snow temperature,K,all_columns,97709,5.168479441725505e-06,1.972032399861136e-06,4.416960081827614e-06,1.5257855295658374e-05,55209,37.95000076293945,103.05000305175781,268.6809539785584,268.6809387207031,0.5473448380195358,0.5473448634147644,0.0357759821812055,0.03577598303610602
32,4.0,snow_t,Snow temperature,K,snow_present,51338,6.223208213972047e-06,2.4727573164860652e-06,5.0987782922388716e-06,1.5257855295658374e-05,55209,37.95000076293945,103.05000305175781,268.6809539785584,268.6809387207031,0.5473448380195358,0.5473448634147644,0.0357759821812055,0.03577598303610602
32,4.0,snow_t,Snow temperature,K,snow_fraction_gt_1e-3,46160,6.301349955881113e-06,2.5003591852422174e-06,5.164997388053643e-06,1.5257855295658374e-05,55209,37.95000076293945,103.05000305175781,268.6809539785584,268.6809387207031,0.5473448380195358,0.5473448634147644,0.0357759821812055,0.03577598303610602
32,4.0,snow_rho,Snow density,kg m-3,all_columns,97709,2.653863989823312e-06,2.234482840223665e-06,1.5798802465099477e-06,7.6289159380849014e-06,16322,28.850000381469727,87.55000305175781,135.8055648808497,135.80557250976562,0.21190105837032702,0.21190105378627777,0.015603267697920952,0.015603266483858033
32,4.0,snow_rho,Snow density,kg m-3,snow_present,51338,3.661225453643872e-06,2.7430718062683964e-06,3.00690558662668e-06,7.6289159380849014e-06,16322,28.850000381469727,87.55000305175781,135.8055648808497,135.80557250976562,0.21190105837032702,0.21190105378627777,0.015603267697920952,0.015603266483858033
32,4.0,snow_rho,Snow density,kg m-3,snow_fraction_gt_1e-3,46160,3.616325385533219e-06,2.7253271830398237e-06,2.9614190419132773e-06,7.6289159380849014e-06,16322,28.850000381469727,87.55000305175781,135.8055648808497,135.80557250976562,0.21190105837032702,0.21190105378627777,0.015603267697920952,0.015603266483858033
32,4.0,snow_alb,Snow albedo,1,all_columns,97709,2.0666703714371643e-08,2.560586301764146e-06,1.9151287720370148e-08,2.98020738087601e-08,54843,37.85000228881836,110.75,0.8068241178991896,0.8068241477012634,0.7245145817527827,0.7245146036148071,0.05503267809993473,0.0550326800003848
32,4.0,snow_alb,Snow albedo,1,snow_present,51338,1.73050307244435e-08,2.2582416604337768e-06,1.491453460766193e-08,2.98020738087601e-08,54843,37.85000228881836,110.75,0.8068241178991896,0.8068241477012634,0.7245145817527827,0.7245146036148071,0.05503267809993473,0.0550326800003848
32,4.0,snow_alb,Snow albedo,1,snow_fraction_gt_1e-3,46160,1.7248731830709714e-08,2.238983348437531e-06,1.4878770472416842e-08,2.98020738087601e-08,54843,37.85000228881836,110.75,0.8068241178991896,0.8068241477012634,0.7245145817527827,0.7245146036148071,0.05503267809993473,0.0550326800003848
40,5.0,avg_skin_t,Surface temperature,K,all_columns,97709,6.987686513285959e-06,2.6958052186419e-06,5.744613972322813e-06,1.5258642008575407e-05,80747,43.650001525878906,120.75,259.848617553858,259.8486328125,0.0,0.0,0.0,0.0
40,5.0,soil_t_l1,"Soil temperature, layer 1",K,all_columns,97709,7.347099737257204e-06,2.809422687528661e-06,6.0792783550598225e-06,1.5258494101999531e-05,75261,42.25,92.85000610351562,259.4950103756816,259.4949951171875,0.0,0.0,0.0,0.0
40,5.0,soil_t_l2,"Soil temperature, layer 2",K,all_columns,97709,7.641536029988043e-06,2.9081731317345538e-06,6.363220772747066e-06,1.5258570670084737e-05,66486,40.45000076293945,79.25,262.91334533669567,262.913330078125,0.0,0.0,0.0,0.0
40,5.0,soil_t_l3,"Soil temperature, layer 3",K,all_columns,97709,7.701636790851672e-06,2.925400749182568e-06,6.436265911237988e-06,1.5258669009199366e-05,60525,39.150001525878906,104.45000457763672,260.9722747803935,260.9722900390625,1.3303454445411464,1.3303453922271729,0.13077153394966431,0.1307715288958972
40,5.0,soil_t_l4,"Soil temperature, layer 4",K,all_columns,97709,7.4679592723316684e-06,2.8453638679073347e-06,6.19742217145636e-06,1.5258736254963878e-05,30886,32.35000228881836,104.05000305175781,264.43931579595125,264.4393310546875,0.6651428887502139,0.6651428937911987,0.05638401090317931,0.05638401303767305
40,5.0,soil_w_l1,"Soil water, layer 1",kg m-2,all_columns,97709,5.486715530134975e-07,1.9221017385907254e-06,4.757304062650286e-07,9.536674347998542e-07,21786,30.25,86.75,28.37311649323198,28.373117446899414,0.0663348895786876,0.06633488833904266,0.004316375715310885,0.004316375691752771
40,5.0,soil_w_l2,"Soil water, layer 2",kg m-2,all_columns,97709,2.2058445202487603e-06,2.7922348723593486e-06,1.9099513055391007e-06,3.8146635716884703e-06,45569,35.85000228881836,103.75,79.97963333126513,79.97962951660156,0.09665515223877928,0.09665515273809433,0.009637333186197156,0.00963733310366399
40,5.0,soil_w_l3,"Soil water, layer 3",kg m-2,all_columns,97709,4.39835375511957e-06,2.390059820232208e-06,3.8090838128536506e-06,7.629379183526908e-06,86811,45.54999923706055,119.25,179.92534637449637,179.9253387451172,0.025092369369515595,0.025092368945479393,0.0016657075331640424,0.0016657075868779833
40,5.0,soil_w_l4,"Soil water, layer 4",kg m-2,all_columns,97709,8.82005944120377e-06,2.938886679891971e-06,7.640860002506171e-06,1.5258292762609926e-05,27104,31.450000762939453,113.25,300.49522399951974,300.4952392578125,49.408914820710564,49.40891647338867,1.0,1.0
40,5.0,snow_w,Snow water equivalent,kg m-2,all_columns,97709,2.0009390931719108e-07,2.5480668699225377e-06,3.8303163728014725e-08,7.609006246411809e-06,24523,30.850000381469727,112.95000457763672,150.74697115075938,150.74697875976562,150.74697115075938,150.74697875976562,1.0,1.0
40,5.0,snow_w,Snow water equivalent,kg m-2,snow_present,55318,2.659303582128839e-07,2.5480668699225372e-06,6.765544352102315e-08,7.609006246411809e-06,24523,30.850000381469727,112.95000457763672,150.74697115075938,150.74697875976562,150.74697115075938,150.74697875976562,1.0,1.0
40,5.0,snow_w,Snow water equivalent,kg m-2,snow_fraction_gt_1e-3,50243,2.790380080496246e-07,2.548066877741037e-06,7.447599098276778e-08,7.609006246411809e-06,24523,30.850000381469727,112.95000457763672,150.74697115075938,150.74697875976562,150.74697115075938,150.74697875976562,1.0,1.0
40,5.0,snow_t,Snow temperature,K,all_columns,97709,5.371444742983714e-06,2.046792985477662e-06,4.547236937050336e-06,1.5257794643730449e-05,31885,32.54999923706055,118.55000305175781,265.45014953712723,265.4501647949219,61.327159478576476,61.3271598815918,1.0,1.0
40,5.0,snow_t,Snow temperature,K,snow_present,55318,6.37850854549175e-06,2.512165094821986e-06,5.225523273199898e-06,1.5257794643730449e-05,31885,32.54999923706055,118.55000305175781,265.45014953712723,265.4501647949219,61.327159478576476,61.3271598815918,1.0,1.0
40,5.0,snow_t,Snow temperature,K,snow_fraction_gt_1e-3,50243,6.420516323503669e-06,2.5243425417791184e-06,5.265120246673467e-06,1.5257794643730449e-05,31885,32.54999923706055,118.55000305175781,265.45014953712723,265.4501647949219,61.327159478576476,61.3271598815918,1.0,1.0
40,5.0,snow_rho,Snow density,kg m-3,all_columns,97709,2.817770423446828e-06,2.322921490001161e-06,1.7123609133347196e-06,7.629275557974324e-06,51094,37.04999923706055,108.15000915527344,141.67508697521663,141.6750946044922,1.301470575438228,1.3014705181121826,0.09186305109986596,0.0918630421066905
40,5.0,snow_rho,Snow density,kg m-3,snow_present,55318,3.7448950876412607e-06,2.7662593896996184e-06,3.0245683589613168e-06,7.629275557974324e-06,51094,37.04999923706055,108.15000915527344,141.67508697521663,141.6750946044922,1.301470575438228,1.3014705181121826,0.09186305109986596,0.0918630421066905
40,5.0,snow_rho,Snow density,kg m-3,snow_fraction_gt_1e-3,50243,3.686107135036752e-06,2.74521016493672e-06,2.958918044635106e-06,7.629275557974324e-06,51094,37.04999923706055,108.15000915527344,141.67508697521663,141.6750946044922,1.301470575438228,1.3014705181121826,0.09186305109986596,0.0918630421066905
40,5.0,snow_alb,Snow albedo,1,all_columns,97709,2.0440703170410465e-08,2.5689947693528814e-06,1.8897348479109144e-08,2.9801700440756917e-08,82628,44.25,84.25,0.7697943151003381,0.7697943449020386,1.208227754777298,1.2082277536392212,0.10079250262814657,0.10079250311784681
40,5.0,snow_alb,Snow albedo,1,snow_present,55318,1.738983228946978e-08,2.3143832351944767e-06,1.51082978946197e-08,2.9801700440756917e-08,82628,44.25,84.25,0.7697943151003381,0.7697943449020386,1.208227754777298,1.2082277536392212,0.10079250262814657,0.10079250311784681
40,5.0,snow_alb,Snow albedo,1,snow_fraction_gt_1e-3,50243,1.7422191298477794e-08,2.3104266343556676e-06,1.5136098410459072e-08,2.9801700440756917e-08,82628,44.25,84.25,0.7697943151003381,0.7697943449020386,1.208227754777298,1.2082277536392212,0.10079250262814657,0.10079250311784681
48,6.0,avg_skin_t,Surface temperature,K,all_columns,97709,6.958850151246882e-06,2.6880123190525337e-06,5.714214765510943e-06,1.525846124650343e-05,25808,31.150001525878906,112.75,269.91453552278875,269.91455078125,34.31158320655142,34.31158447265625,1.0,1.0
48,6.0,soil_t_l1,"Soil temperature, layer 1",K,all_columns,97709,7.317203837895541e-06,2.8005232483339336e-06,6.056693734398461e-06,1.525845277683402e-05,61692,39.45000076293945,80.95000457763672,258.320724487641,258.32073974609375,0.11217294996645519,0.11217294633388519,0.007440193996802496,0.007440193942396376
48,6.0,soil_t_l2,"Soil temperature, layer 2",K,all_columns,97709,7.621739776268367e-06,2.902591483863558e-06,6.353462709302584e-06,1.52584686929913e-05,76346,42.45000076293945,119.45000457763672,260.06587219206244,260.06585693359375,0.0,0.0,0.0,0.0
48,6.0,soil_t_l3,"Soil temperature, layer 3",K,all_columns,97709,7.708548034126296e-06,2.9276322541525418e-06,6.4422923797036766e-06,1.5258489440839185e-05,15182,28.549999237060547,85.45000457763672,259.3629913327082,259.36297607421875,0.06116463363095113,0.06116463243961334,0.0040557946832441745,0.004055794572937993
48,6.0,soil_t_l4,"Soil temperature, layer 4",K,all_columns,97709,7.469714162536991e-06,2.8457966686981886e-06,6.2007407874052236e-06,1.5258560210895666e-05,13701,28.049999237060547,118.25,270.25019836448666,270.2502136230469,0.0,0.0,0.0,0.0
48,6.0,soil_w_l1,"Soil water, layer 1",kg m-2,all_columns,97709,5.45350536731658e-07,1.9063680617386264e-06,4.73679893477276e-07,9.536712823887683e-07,21734,30.25,81.1500015258789,28.986725807192975,28.986726760864258,0.0,0.0,0.0,0.0
48,6.0,soil_w_l2,"Soil water, layer 2",kg m-2,all_columns,97709,2.2062977927564237e-06,2.777285954948415e-06,1.9107127781808053e-06,3.81453783404595e-06,72770,41.650001525878906,124.55000305175781,79.9237022398308,79.92369842529297,0.0,0.0,0.0,0.0
48,6.0,soil_w_l3,"Soil water, layer 3",kg m-2,all_columns,97709,4.407153041823371e-06,2.3800318233303666e-06,3.815935745158399e-06,7.6292589312743075e-06,20391,29.850000381469727,107.75,201.7342758180067,201.73428344726562,0.0,0.0,0.0,0.0
48,6.0,soil_w_l4,"Soil water, layer 4",kg m-2,all_columns,97709,8.808823230834324e-06,2.9348051417379734e-06,7.632797585865941e-06,1.5258751489000133e-05,81362,43.85000228881836,113.25,299.99986267086086,299.9998474121094,0.9429379279227,0.9429379105567932,0.09225875049085187,0.09225875185442746
48,6.0,snow_w,Snow water equivalent,kg m-2,all_columns,97709,2.1526041961103267e-07,2.545272242572662e-06,4.3470101622302666e-08,7.4217417704858235e-06,18863,29.450000762939453,112.25,131.1485517332652,131.14854431152344,131.1485517332652,131.14854431152344,1.0,1.0
48,6.0,snow_w,Snow water equivalent,kg m-2,snow_present,62368,2.694328581046333e-07,2.5452722425726624e-06,6.810255514700798e-08,7.4217417704858235e-06,18863,29.450000762939453,112.25,131.1485517332652,131.14854431152344,131.1485517332652,131.14854431152344,1.0,1.0
48,6.0,snow_w,Snow water equivalent,kg m-2,snow_fraction_gt_1e-3,56874,2.821464380837212e-07,2.5452722482989198e-06,7.46690467989041e-08,7.4217417704858235e-06,18863,29.450000762939453,112.25,131.1485517332652,131.14854431152344,131.1485517332652,131.14854431152344,1.0,1.0
48,6.0,snow_t,Snow temperature,K,all_columns,97709,5.331104656356325e-06,2.045488926787577e-06,4.513912183649265e-06,1.5258762743997067e-05,14350,28.25,112.35000610351562,272.976242065456,272.97625732421875,5.447018029796642,5.447018146514893,0.3498993572588665,0.34989938117517516
48,6.0,snow_t,Snow temperature,K,snow_present,62368,6.076670667139718e-06,2.39946914200143e-06,4.996588619391811e-06,1.5258762743997067e-05,14350,28.25,112.35000610351562,272.976242065456,272.97625732421875,5.447018029796642,5.447018146514893,0.3498993572588665,0.34989938117517516
48,6.0,snow_t,Snow temperature,K,snow_fraction_gt_1e-3,56874,6.123840003272673e-06,2.4150591786184013e-06,5.034964553658013e-06,1.5258762743997067e-05,14350,28.25,112.35000610351562,272.976242065456,272.97625732421875,5.447018029796642,5.447018146514893,0.3498993572588665,0.34989938117517516
48,6.0,snow_rho,Snow density,kg m-3,all_columns,97709,2.8624580107527536e-06,2.3317192743514724e-06,1.8326228137733111e-06,7.629381713059047e-06,20291,29.850000381469727,97.75,150.64945220945984,150.64944458007812,0.0258823402327443,0.025882340967655182,0.0017180507365375638,0.001718050872328132
48,6.0,snow_rho,Snow density,kg m-3,snow_present,62368,3.5828242109497833e-06,2.674672540889408e-06,2.8710836087573188e-06,7.629381713059047e-06,20291,29.850000381469727,97.75,150.64945220945984,150.64944458007812,0.0258823402327443,0.025882340967655182,0.0017180507365375638,0.001718050872328132
48,6.0,snow_rho,Snow density,kg m-3,snow_fraction_gt_1e-3,56874,3.5241958562211076e-06,2.6532652853422808e-06,2.8100295873758396e-06,7.629381713059047e-06,20291,29.850000381469727,97.75,150.64945220945984,150.64944458007812,0.0258823402327443,0.025882340967655182,0.0017180507365375638,0.001718050872328132
48,6.0,snow_alb,Snow albedo,1,all_columns,97709,2.0020564081035653e-08,2.554959656341052e-06,1.8316250694705027e-08,2.980195568103028e-08,36962,33.85000228881836,81.85000610351562,0.6291292011734156,0.62912917137146,0.0067050948516769685,0.006705095060169697,0.0005205472860612496,0.0005205473061655877
48,6.0,snow_alb,Snow albedo,1,snow_present,62368,1.748844284784629e-08,2.3526851163085696e-06,1.5185150043954808e-08,2.980195568103028e-08,36962,33.85000228881836,81.85000610351562,0.6291292011734156,0.62912917137146,0.0067050948516769685,0.006705095060169697,0.0005205472860612496,0.0005205473061655877
48,6.0,snow_alb,Snow albedo,1,snow_fraction_gt_1e-3,56874,1.7444052699119273e-08,2.3396591951397534e-06,1.514109754386137e-08,2.9801574097376715e-08,47902,36.35000228881836,113.75,0.7513553202159735,0.7513553500175476,3.3969410165942437,3.3969409465789795,0.2233770883430959,0.2233770928126718
56,7.0,avg_skin_t,Surface temperature,K,all_columns,97709,6.871514816286075e-06,2.660915606203709e-06,5.632334469627064e-06,1.5258627115599666e-05,12305,27.650001525878906,100.85000610351562,264.62944030745524,264.6294250488281,0.027371657006138438,0.027371656149625778,0.0021467425147291396,0.002146742480100946
56,7.0,soil_t_l1,"Soil temperature, layer 1",K,all_columns,97709,7.316443351054432e-06,2.803016339310938e-06,6.053662433068963e-06,1.5258500354775606e-05,14288,28.25,106.15000915527344,272.89076232939027,272.8907775878906,3.4279363777273146,3.427936315536499,0.23092785574404362,0.23092784410554498
56,7.0,soil_t_l2,"Soil temperature, layer 2",K,all_columns,97709,7.634966944991231e-06,2.9085025686917877e-06,6.3601133308689425e-06,1.525871766716591e-05,28965,31.950000762939453,84.75,256.1593475342511,256.15936279296875,0.03219359612478877,0.03219359740614891,0.0021326813263128452,0.0021326814712389324
56,7.0,soil_t_l3,"Soil temperature, layer 3",K,all_columns,97709,7.73595737976897e-06,2.9380752719181694e-06,6.461546333600323e-06,1.5258395194450713e-05,23925,30.75,95.35000610351562,258.25001525918293,258.2500305175781,0.05892784440411527,0.05892784520983696,0.003876410927016057,0.0038764108718225016
56,7.0,soil_t_l4,"Soil temperature, layer 4",K,all_columns,97709,7.486879877591752e-06,2.852103220371412e-06,6.217240656721018e-06,1.5258480971169774e-05,66654,40.45000076293945,96.05000305175781,258.4115753176909,258.4115905761719,0.028996450561493553,0.028996450826525688,0.0020105946067793083,0.00201059452146401
56,7.0,soil_w_l1,"Soil water, layer 1",kg m-2,all_columns,97709,5.456858732835762e-07,1.9130445699270936e-06,4.7324438525375587e-07,9.536706642165882e-07,6088,24.850000381469727,108.35000610351562,27.792138099674062,27.792139053344727,0.0,0.0,0.0,0.0
56,7.0,soil_w_l2,"Soil water, layer 2",kg m-2,all_columns,97709,2.2090127317594507e-06,2.785240654618904e-06,1.916380984340999e-06,3.81463539156357e-06,1088,22.149999618530273,113.55000305175781,74.0722465514518,74.0722427368164,0.0,0.0,0.0,0.0
56,7.0,soil_w_l3,"Soil water, layer 3",kg m-2,all_columns,97709,4.414354760226631e-06,2.368378947616725e-06,3.8226307866455595e-06,1.5257753886999126e-05,5728,24.650001525878906,116.85000610351562,260.3316497813086,260.3316650390625,0.0,0.0,0.0,0.0
56,7.0,soil_w_l4,"Soil water, layer 4",kg m-2,all_columns,97709,8.834419774351152e-06,2.9428958674983325e-06,7.663252995757235e-06,1.5258751318469876e-05,25936,31.25,82.55000305175781,299.9976959228893,299.9977111816406,0.016008498940137846,0.016008498147130013,0.0014224964466903402,0.0014224963282080635
56,7.0,snow_w,Snow water equivalent,kg m-2,all_columns,97709,2.255097437296509e-07,2.510866097593613e-06,4.6758872280184246e-08,7.597313384621884e-06,19647,29.650001525878906,112.35000610351562,187.308189424171,187.30819702148438,187.308189424171,187.30819702148438,1.0,1.0
56,7.0,snow_w,Snow water equivalent,kg m-2,snow_present,67422,2.7147621160701e-07,2.5108660975936135e-06,6.776367730999408e-08,7.597313384621884e-06,19647,29.650001525878906,112.35000610351562,187.308189424171,187.30819702148438,187.308189424171,187.30819702148438,1.0,1.0
56,7.0,snow_w,Snow water equivalent,kg m-2,snow_fraction_gt_1e-3,60890,2.856666888509164e-07,2.51086610397714e-06,7.502084186484127e-08,7.597313384621884e-06,19647,29.650001525878906,112.35000610351562,187.308189424171,187.30819702148438,187.308189424171,187.30819702148438,1.0,1.0
56,7.0,snow_t,Snow temperature,K,all_columns,97709,5.529114648752105e-06,2.1430737697202854e-06,4.636078777071299e-06,1.5258511723459378e-05,79793,43.35000228881836,129.85000610351562,257.8925323483555,257.89251708984375,2.004895673701924,2.0048956871032715,0.20048956737019238,0.20048956871032714
56,7.0,snow_t,Snow temperature,K,snow_present,67422,6.18705694119122e-06,2.4660357387303813e-06,5.073600832751118e-06,1.5258511723459378e-05,79793,43.35000228881836,129.85000610351562,257.8925323483555,257.89251708984375,2.004895673701924,2.0048956871032715,0.20048956737019238,0.20048956871032714
56,7.0,snow_t,Snow temperature,K,snow_fraction_gt_1e-3,60890,6.298284536542191e-06,2.5050868883075333e-06,5.166425977240462e-06,1.5258511723459378e-05,79793,43.35000228881836,129.85000610351562,257.8925323483555,257.89251708984375,2.004895673701924,2.0048956871032715,0.20048956737019238,0.20048956871032714
56,7.0,snow_rho,Snow density,kg m-3,all_columns,97709,3.016914746870371e-06,2.415429308342846e-06,2.027654696200767e-06,7.629207601667076e-06,56286,38.25,79.1500015258789,152.1171798707924,152.1171875,0.1194216649412517,0.11942166835069656,0.00785063626887429,0.007850636099270279
56,7.0,snow_rho,Snow density,kg m-3,snow_present,67422,3.6318634072129524e-06,2.698330083177292e-06,2.9385083906007057e-06,7.629207601667076e-06,56286,38.25,79.1500015258789,152.1171798707924,152.1171875,0.1194216649412517,0.11942166835069656,0.00785063626887429,0.007850636099270279
56,7.0,snow_rho,Snow density,kg m-3,snow_fraction_gt_1e-3,60890,3.563478570865806e-06,2.67036521991302e-06,2.8702379458848606e-06,7.629207601667076e-06,56286,38.25,79.1500015258789,152.1171798707924,152.1171875,0.1194216649412517,0.11942166835069656,0.00785063626887429,0.007850636099270279
56,7.0,snow_alb,Snow albedo,1,all_columns,97709,1.951084238727324e-08,2.5310562291038637e-06,1.7688180474795005e-08,2.9801371148607814e-08,64356,39.95000076293945,108.05000305175781,0.7876626551141763,0.7876626253128052,3.0849739363462385,3.0849740505218506,0.21162323213364218,0.21162323379831924
56,7.0,snow_alb,Snow albedo,1,snow_present,67422,1.721417269307126e-08,2.349968492144907e-06,1.4923853858003858e-08,2.9801371148607814e-08,64356,39.95000076293945,108.05000305175781,0.7876626551141763,0.7876626253128052,3.0849739363462385,3.0849740505218506,0.21162323213364218,0.21162323379831924
56,7.0,snow_alb,Snow albedo,1,snow_fraction_gt_1e-3,60890,1.7233729928448315e-08,2.3437878037366114e-06,1.4932242868752343e-08,2.9801371148607814e-08,64356,39.95000076293945,108.05000305175781,0.7876626551141763,0.7876626253128052,3.0849739363462385,3.0849740505218506,0.21162323213364218,0.21162323379831924
64,8.0,avg_skin_t,Surface temperature,K,all_columns,97709,6.8944012785962555e-06,2.6802722981670443e-06,5.668914672543565e-06,1.5258634164183604e-05,82558,44.150001525878906,128.15000915527344,256.63771057144396,256.6377258300781,0.6107348036277204,0.6107348203659058,0.056619107074651086,0.056619107492387036
64,8.0,soil_t_l1,"Soil temperature, layer 1",K,all_columns,97709,7.3741255805403506e-06,2.8302170920030216e-06,6.1065840271494216e-06,1.525821477343925e-05,67237,40.54999923706055,107.05000305175781,256.9485626226446,256.9485778808594,1.3062593938819704,1.3062593936920166,0.0865998865599824,0.08659988328688413
64,8.0,soil_t_l2,"Soil temperature, layer 2",K,all_columns,97709,7.684318363784221e-06,2.9302718543179104e-06,6.416638395653861e-06,1.5258694986641785e-05,8424,25.950000762939453,103.05000305175781,273.7159881590856,273.7159729003906,0.35927098779969074,0.35927098989486694,0.023297683224812626,0.023297682988292177
64,8.0,soil_t_l3,"Soil temperature, layer 3",K,all_columns,97709,7.746085764316459e-06,2.9420827644480066e-06,6.476561819474403e-06,1.525874569097141e-05,61500,39.35000228881836,108.95000457763672,262.0648956299262,262.0649108886719,2.377705185126743,2.3777050971984863,0.1569585381632316,0.15695853758723358
64,8.0,soil_t_l4,"Soil temperature, layer 4",K,all_columns,97709,7.484769870435686e-06,2.851072236274305e-06,6.218641566937571e-06,1.5258660880590469e-05,43989,35.45000076293945,119.55000305175781,275.18367004381713,275.18365478515625,0.016381660301101136,0.016381660476326942,0.0010786161134658373,0.001078616146558903
64,8.0,soil_w_l1,"Soil water, layer 1",kg m-2,all_columns,97709,5.473919455179447e-07,1.93089545549421e-06,4.7500711479866914e-07,9.536559524292443e-07,9066,26.25,103.85000610351562,21.130934715252632,21.13093376159668,0.021767197256168117,0.02176719717681408,0.0018163497287079803,0.0018163497565555056
64,8.0,soil_w_l2,"Soil water, layer 2",kg m-2,all_columns,97709,2.2015514996262277e-06,2.7843886610428614e-06,1.9065830070936278e-06,3.8146728371657446e-06,56475,38.25,98.05000305175781,79.81878280637206,79.81877899169922,0.0,0.0,0.0,0.0
64,8.0,soil_w_l3,"Soil water, layer 3",kg m-2,all_columns,97709,4.443553937028509e-06,2.370657983705573e-06,3.837014195121525e-06,1.5246656801082281e-05,4114,23.950000762939453,109.65000915527344,256.09370421150055,256.09368896484375,0.0,0.0,0.0,0.0
64,8.0,soil_w_l4,"Soil water, layer 4",kg m-2,all_columns,97709,8.824417060674969e-06,2.938976946529844e-06,7.64490101765235e-06,1.5258618816460512e-05,49223,36.650001525878906,110.25,299.99882507307194,299.9988098144531,4.222781271858995,4.222781181335449,0.28078844759789434,0.2807884395525635
64,8.0,snow_w,Snow water equivalent,kg m-2,all_columns,97709,2.2686618288572535e-07,2.5379396714788407e-06,4.420230592656904e-08,7.471499515077085e-06,20837,29.950000762939453,112.15000915527344,157.98848740154736,157.98849487304688,157.98848740154736,157.98849487304688,1.0,1.0
64,8.0,snow_w,Snow water equivalent,kg m-2,snow_present,68168,2.716106357305463e-07,2.5379396714788403e-06,6.335763274457082e-08,7.471499515077085e-06,20837,29.950000762939453,112.15000915527344,157.98848740154736,157.98849487304688,157.98848740154736,157.98849487304688,1.0,1.0
64,8.0,snow_w,Snow water equivalent,kg m-2,snow_fraction_gt_1e-3,59483,2.9076398090415185e-07,2.537939678471523e-06,7.25923180837379e-08,7.471499515077085e-06,20837,29.950000762939453,112.15000915527344,157.98848740154736,157.98849487304688,157.98848740154736,157.98849487304688,1.0,1.0
64,8.0,snow_t,Snow temperature,K,all_columns,97709,5.511740907230261e-06,2.1427436992838302e-06,4.610007697971049e-06,1.5257429254234012e-05,56152,38.150001525878906,108.95000457763672,258.652786253523,258.65277099609375,3.601294293775886,3.6012942790985107,0.2366395263062781,0.23663952885442185
64,8.0,snow_t,Snow temperature,K,snow_present,68168,6.14268465538377e-06,2.456986048363531e-06,5.020784970265099e-06,1.5257429254234012e-05,56152,38.150001525878906,108.95000457763672,258.652786253523,258.65277099609375,3.601294293775886,3.6012942790985107,0.2366395263062781,0.23663952885442185
64,8.0,snow_t,Snow temperature,K,snow_fraction_gt_1e-3,59483,6.226558097154319e-06,2.488660406569344e-06,5.087974164346257e-06,1.5257429254234012e-05,56152,38.150001525878906,108.95000457763672,258.652786253523,258.65277099609375,3.601294293775886,3.6012942790985107,0.2366395263062781,0.23663952885442185
64,8.0,snow_rho,Snow density,kg m-3,all_columns,97709,3.2469343895728597e-06,2.513564166393686e-06,2.2398258686723374e-06,7.629364972672192e-06,82743,44.25,111.65000915527344,146.87021636959935,146.87020874023438,0.009325315950349553,0.009325316175818443,0.0006349358080117733,0.0006349358563459179
64,8.0,snow_rho,Snow density,kg m-3,snow_present,68168,3.88732204381241e-06,2.7777760328314532e-06,3.2104674598360726e-06,7.629364972672192e-06,82743,44.25,111.65000915527344,146.87021636959935,146.87020874023438,0.009325315950349553,0.009325316175818443,0.0006349358080117733,0.0006349358563459179
64,8.0,snow_rho,Snow density,kg m-3,snow_fraction_gt_1e-3,59483,3.826405196067526e-06,2.757259309981885e-06,3.146752122111925e-06,7.6293463564525155e-06,29285,31.950000762939453,116.75,159.90004730219792,159.90003967285156,18.11747935161554,18.11747932434082,1.0,1.0
64,8.0,snow_alb,Snow albedo,1,all_columns,97709,1.9497682121733694e-08,2.568329457939396e-06,1.7660759126091374e-08,2.9801583423250122e-08,63440,39.75,113.75,0.7615659534923793,0.7615659236907959,1.17742989070474,1.1774299144744873,0.07745223255868176,0.0774522311366131
64,8.0,snow_alb,Snow albedo,1,snow_present,68168,1.7279170152879958e-08,2.4125447841830836e-06,1.4982143942486126e-08,2.9801583423250122e-08,63440,39.75,113.75,0.7615659534923793,0.7615659236907959,1.17742989070474,1.1774299144744873,0.07745223255868176,0.0774522311366131
64,8.0,snow_alb,Snow albedo,1,snow_fraction_gt_1e-3,59483,1.7254563646947017e-08,2.396509066323844e-06,1.4954452230956167e-08,2.9801583423250122e-08,63440,39.75,113.75,0.7615659534923793,0.7615659236907959,1.17742989070474,1.1774299144744873,0.07745223255868176,0.0774522311366131
72,9.0,avg_skin_t,Surface temperature,K,all_columns,97709,6.6245953005812335e-06,2.5769155976159903e-06,5.423364609297158e-06,1.52585744785938e-05,14239,28.25,101.25,261.02601623556615,261.0260314941406,0.025016982119286133,0.02501698210835457,0.001654040921037065,0.0016540408766853151
72,9.0,soil_t_l1,"Soil temperature, layer 1",K,all_columns,97709,7.287844408789476e-06,2.798406770457985e-06,6.023570429551212e-06,1.525843526906101e-05,64414,39.95000076293945,113.85000610351562,258.337692261096,258.33770751953125,0.5305220672903554,0.5305220484733582,0.035049868415711276,0.03504986606780572
72,9.0,soil_t_l2,"Soil temperature, layer 2",K,all_columns,97709,7.654012570487054e-06,2.9198146415920947e-06,6.381650554466324e-06,1.5258504220128088e-05,16497,28.850000381469727,105.05000305175781,278.2985687253011,278.2985534667969,0.0,0.0,0.0,0.0
72,9.0,soil_t_l3,"Soil temperature, layer 3",K,all_columns,97709,7.77137454101092e-06,2.9518339225428912e-06,6.499566484414508e-06,1.5258316693689267e-05,698,21.75,109.95000457763672,286.7435455317542,286.7435302734375,0.0,0.0,0.0,0.0
72,9.0,soil_t_l4,"Soil temperature, layer 4",K,all_columns,97709,7.481693606247354e-06,2.849677723803733e-06,6.217369475048324e-06,1.5258474149959511e-05,20735,29.950000762939453,101.95000457763672,262.455795287771,262.4557800292969,0.10436779715466145,0.10436780005693436,0.006925739400652586,0.006925739784186777
72,9.0,soil_w_l1,"Soil water, layer 1",kg m-2,all_columns,97709,5.490261606959703e-07,1.9509039659815364e-06,4.7597223915521256e-07,9.536669089982297e-07,88995,46.35000228881836,130.15000915527344,29.263731956474526,29.263731002807617,2.51889346064973,2.5188934803009033,0.21011893222892863,0.21011892904749524
72,9.0,soil_w_l2,"Soil water, layer 2",kg m-2,all_columns,97709,2.2039213888551952e-06,2.7994216290569132e-06,1.9081168353429024e-06,3.814682642655498e-06,69131,40.95000076293945,103.25,79.47668075562986,79.4766845703125,0.6889559848663804,0.6889559626579285,0.04566586652445878,0.04566586679108497
72,9.0,soil_w_l3,"Soil water, layer 3",kg m-2,all_columns,97709,4.45345139316525e-06,2.3703763953396994e-06,3.842396194615542e-06,1.5239014430790121e-05,4796,24.25,112.65000915527344,280.2946624558113,280.2946472167969,0.0,0.0,0.0,0.0
72,9.0,soil_w_l4,"Soil water, layer 4",kg m-2,all_columns,97709,8.792820125853266e-06,2.927776052936368e-06,7.609289693737642e-06,1.5258662472206197e-05,32883,32.85000228881836,92.85000610351562,299.9440155030563,299.94403076171875,0.0,0.0,0.0,0.0
72,9.0,snow_w,Snow water equivalent,kg m-2,all_columns,97709,2.1183715788818833e-07,2.5146081223310896e-06,3.7924508911401435e-08,7.5107254531303624e-06,24101,30.75,112.95000457763672,132.27274310642858,132.27273559570312,132.27274310642858,132.27273559570312,1.0,1.0
72,9.0,snow_w,Snow water equivalent,kg m-2,snow_present,68263,2.534409221251438e-07,2.5146081223310887e-06,5.4283665235710324e-08,7.5107254531303624e-06,24101,30.75,112.95000457763672,132.27274310642858,132.27273559570312,132.27274310642858,132.27273559570312,1.0,1.0
72,9.0,snow_w,Snow water equivalent,kg m-2,snow_fraction_gt_1e-3,57713,2.7563387307011867e-07,2.514608130243274e-06,6.418835530183439e-08,7.5107254531303624e-06,24101,30.75,112.95000457763672,132.27274310642858,132.27273559570312,132.27274310642858,132.27273559570312,1.0,1.0
72,9.0,snow_t,Snow temperature,K,all_columns,97709,5.315514172493788e-06,2.0741219323088038e-06,4.475269952946115e-06,1.5257262873547006e-05,14342,28.25,111.55000305175781,267.5804290786746,267.5804443359375,11.965996395512997,11.965996742248535,0.7735131461428377,0.7735131467046537
72,9.0,snow_t,Snow temperature,K,snow_present,68263,5.8870758270889025e-06,2.3676929264675298e-06,4.826035772126026e-06,1.5257262873547006e-05,14342,28.25,111.55000305175781,267.5804290786746,267.5804443359375,11.965996395512997,11.965996742248535,0.7735131461428377,0.7735131467046537
72,9.0,snow_t,Snow temperature,K,snow_fraction_gt_1e-3,57713,5.974776637794897e-06,2.4026346706353224e-06,4.8925901023282094e-06,1.5257262873547006e-05,14342,28.25,111.55000305175781,267.5804290786746,267.5804443359375,11.965996395512997,11.965996742248535,0.7735131461428377,0.7735131467046537
72,9.0,snow_rho,Snow density,kg m-3,all_columns,97709,3.3723214443330827e-06,2.550531798951503e-06,2.3682279820036195e-06,7.6293065376376035e-06,42951,35.25,99.75,132.0362777709081,132.03627014160156,0.35454927714476836,0.3545492887496948,0.026852413831290778,0.026852416261793854
72,9.0,snow_rho,Snow density,kg m-3,snow_present,68263,4.034628603756532e-06,2.8036005128855694e-06,3.3897893132969785e-06,7.6293065376376035e-06,42951,35.25,99.75,132.0362777709081,132.03627014160156,0.35454927714476836,0.3545492887496948,0.026852413831290778,0.026852416261793854
72,9.0,snow_rho,Snow density,kg m-3,snow_fraction_gt_1e-3,57713,3.995217955231778e-06,2.7921365523148124e-06,3.3524412829963482e-06,7.6293065376376035e-06,42951,35.25,99.75,132.0362777709081,132.03627014160156,0.35454927714476836,0.3545492887496948,0.026852413831290778,0.026852416261793854
72,9.0,snow_alb,Snow albedo,1,all_columns,97709,1.9504311451878234e-08,2.6099437579288597e-06,1.768232626521718e-08,2.980139979236185e-08,20815,29.950000762939453,109.95000457763672,0.6399182379254984,0.6399182677268982,10.366933499182045,10.366933822631836,0.6387511808818174,0.6387511816627564
72,9.0,snow_alb,Snow albedo,1,snow_present,68263,1.730073332875759e-08,2.477323455444126e-06,1.5025344159673788e-08,2.980139979236185e-08,20815,29.950000762939453,109.95000457763672,0.6399182379254984,0.6399182677268982,10.366933499182045,10.366933822631836,0.6387511808818174,0.6387511816627564
72,9.0,snow_alb,Snow albedo,1,snow_fraction_gt_1e-3,57713,1.719884927723897e-08,2.4512144198772558e-06,1.491087710594903e-08,2.980139979236185e-08,20815,29.950000762939453,109.95000457763672,0.6399182379254984,0.6399182677268982,10.366933499182045,10.366933822631836,0.6387511808818174,0.6387511816627564
80,10.0,avg_skin_t,Surface temperature,K,all_columns,97709,6.538744967308515e-06,2.5500443954218744e-06,5.351227154558562e-06,1.5258389510108827e-05,2137,22.950000762939453,110.25,278.48420715371986,278.4842224121094,0.0,0.0,0.0,0.0
80,10.0,soil_t_l1,"Soil temperature, layer 1",K,all_columns,97709,7.17525727175954e-06,2.759146547135641e-06,5.922777282433989e-06,1.5258605685630755e-05,22588,30.450000762939453,85.55000305175781,267.64100646990994,267.6410217285156,0.0,0.0,0.0,0.0
80,10.0,soil_t_l2,"Soil temperature, layer 2",K,all_columns,97709,7.578033194775759e-06,2.8927360662192994e-06,6.302492583584447e-06,1.5258778034876741e-05,13063,27.850000381469727,119.15000915527344,271.3645172119251,271.3645324707031,5.2284170160411945,5.228416919708252,0.3278297730757119,0.3278297575778624
80,10.0,soil_t_l3,"Soil temperature, layer 3",K,all_columns,97709,7.782228977762711e-06,2.95623767075989e-06,6.514937015089987e-06,1.5258737334988837e-05,68098,40.75,97.45000457763672,257.63056945805954,257.6305847167969,0.0022138884686208416,0.002213888568803668,0.0001461106095530918,0.00014611061214659337
80,10.0,soil_t_l4,"Soil temperature, layer 4",K,all_columns,97709,7.502819826998638e-06,2.857506548149314e-06,6.2325369682652665e-06,1.5258464770795399e-05,77048,42.650001525878906,97.85000610351562,258.563888550129,258.56390380859375,0.00023045872270110746,0.00023045872512739152,1.5072621319344104e-05,1.5072621991805033e-05
80,10.0,soil_w_l1,"Soil water, layer 1",kg m-2,all_columns,97709,5.491348609805103e-07,1.9657066041877354e-06,4.7574793254222594e-07,9.536700638079765e-07,71108,41.35000228881836,105.35000610351562,26.288043022160014,26.288043975830078,0.5130484843882548,0.5130484700202942,0.03354900138637237,0.033549001238512885
80,10.0,soil_w_l2,"Soil water, layer 2",kg m-2,all_columns,97709,2.199576459623851e-06,2.8049874334829484e-06,1.9042264980464918e-06,3.814696626136538e-06,5672,24.650001525878906,111.25,76.39857864379947,76.3985824584961,0.0,0.0,0.0,0.0
80,10.0,soil_w_l3,"Soil water, layer 3",kg m-2,all_columns,97709,4.440227416352446e-06,2.3599908336801856e-06,3.832588806416126e-06,1.5253379558544111e-05,5746,24.650001525878906,118.65000915527344,262.2637481635358,262.26373291015625,0.0,0.0,0.0,0.0
80,10.0,soil_w_l4,"Soil water, layer 4",kg m-2,all_columns,97709,8.834734331677909e-06,2.9410206830438285e-06,7.657516294356629e-06,1.5258783719218627e-05,20089,29.75,117.15000915527344,301.4159088134712,301.4158935546875,0.0,0.0,0.0,0.0
80,10.0,snow_w,Snow water equivalent,kg m-2,all_columns,97709,2.0078120202227564e-07,2.5282923432641297e-06,3.264686039263797e-08,7.523623793304068e-06,18862,29.450000762939453,112.15000915527344,138.4180525675691,138.4180450439453,138.4180525675691,138.4180450439453,1.0,1.0
80,10.0,snow_w,Snow water equivalent,kg m-2,snow_present,68249,2.402382679071445e-07,2.5282923432641306e-06,4.6739030312218226e-08,7.523623793304068e-06,18862,29.450000762939453,112.15000915527344,138.4180525675691,138.4180450439453,138.4180525675691,138.4180450439453,1.0,1.0
80,10.0,snow_w,Snow water equivalent,kg m-2,snow_fraction_gt_1e-3,55183,2.6716998433016743e-07,2.5282923590172963e-06,5.778374020118189e-08,7.523623793304068e-06,18862,29.450000762939453,112.15000915527344,138.4180525675691,138.4180450439453,138.4180525675691,138.4180450439453,1.0,1.0
80,10.0,snow_t,Snow temperature,K,all_columns,97709,5.1932411699560345e-06,2.0295881644526085e-06,4.390290449752588e-06,1.5257400093560136e-05,46570,36.04999923706055,114.95000457763672,262.15242004255634,262.15240478515625,0.0774829493884652,0.07748294621706009,0.005125191126064856,0.005125190974601807
80,10.0,snow_t,Snow temperature,K,snow_present,68249,5.729086661511012e-06,2.3097029814234472e-06,4.704613226629002e-06,1.5257400093560136e-05,46570,36.04999923706055,114.95000457763672,262.15242004255634,262.15240478515625,0.0774829493884652,0.07748294621706009,0.005125191126064856,0.005125190974601807
80,10.0,snow_t,Snow temperature,K,snow_fraction_gt_1e-3,55183,5.773559954352301e-06,2.332934325553032e-06,4.732344006492918e-06,1.5257400093560136e-05,46570,36.04999923706055,114.95000457763672,262.15242004255634,262.15240478515625,0.0774829493884652,0.07748294621706009,0.005125191126064856,0.005125190974601807
80,10.0,snow_rho,Snow density,kg m-3,all_columns,97709,3.4667671824651377e-06,2.582460481364025e-06,2.4526962726914697e-06,7.6292373307751404e-06,68318,40.75,119.45000457763672,151.03998565658108,151.03997802734375,0.012562934339728804,0.012562934309244156,0.0008317621512685449,0.0008317621912636802
80,10.0,snow_rho,Snow density,kg m-3,snow_present,68249,4.148048396783459e-06,2.8300325858752374e-06,3.5114140882417447e-06,7.6292373307751404e-06,68318,40.75,119.45000457763672,151.03998565658108,151.03997802734375,0.012562934339728804,0.012562934309244156,0.0008317621512685449,0.0008317621912636802
80,10.0,snow_rho,Snow density,kg m-3,snow_fraction_gt_1e-3,55183,4.124831596972821e-06,2.8200867052799497e-06,3.49890687219372e-06,7.628974145745815e-06,60227,39.150001525878906,74.6500015258789,147.23564910846633,147.2356414794922,0.23690848187213212,0.23690848052501678,0.01609042941072003,0.01609043015294736
80,10.0,snow_alb,Snow albedo,1,all_columns,97709,1.9485188153575367e-08,2.6426249375192863e-06,1.7653646511811962e-08,2.98016590294381e-08,50153,36.85000228881836,110.25,0.7002600729472118,0.7002601027488708,1.6618980798082055,1.661898136138916,0.11015839180508022,0.11015839532519811
80,10.0,snow_alb,Snow albedo,1,snow_present,68249,1.7268257471598758e-08,2.528313919269202e-06,1.498247611445279e-08,2.98016590294381e-08,50153,36.85000228881836,110.25,0.7002600729472118,0.7002601027488708,1.6618980798082055,1.661898136138916,0.11015839180508022,0.11015839532519811
80,10.0,snow_alb,Snow albedo,1,snow_fraction_gt_1e-3,55183,1.7168227769566846e-08,2.503953597571844e-06,1.4866186596012414e-08,2.98016590294381e-08,50153,36.85000228881836,110.25,0.7002600729472118,0.7002601027488708,1.6618980798082055,1.661898136138916,0.11015839180508022,0.11015839532519811
88,11.0,avg_skin_t,Surface temperature,K,all_columns,97709,6.889214451813354e-06,2.667314107324578e-06,5.65190859652181e-06,1.5258715905019926e-05,20555,29.950000762939453,83.95000457763672,266.2316741944091,266.231689453125,9.761577895906824e-08,9.761578212419408e-08,9.761577895906824e-09,9.761578212419408e-09
88,11.0,soil_t_l1,"Soil temperature, layer 1",K,all_columns,97709,7.420571137856407e-06,2.8422675291558517e-06,6.154687222947884e-06,1.5258592384270742e-05,64962,40.04999923706055,120.05000305175781,263.23692321757676,263.2369079589844,0.0021509410986077513,0.002150941174477339,0.00014214524120317615,0.00014214525098815806
88,11.0,soil_t_l2,"Soil temperature, layer 2",K,all_columns,97709,7.686439476491303e-06,2.9284062629731094e-06,6.420666879577625e-06,1.5257745815233648e-05,69068,40.95000076293945,96.95000457763672,257.0748443613948,257.0748596191406,0.0030767551629767805,0.0030767552088946104,0.00020358338048389156,0.00020358338720147237
88,11.0,soil_t_l3,"Soil temperature, layer 3",K,all_columns,97709,7.817156263719515e-06,2.969317424209995e-06,6.541113801653035e-06,1.525861040363452e-05,63206,39.75,90.35000610351562,264.29316711443647,264.2931823730469,0.03417673820479832,0.03417673707008362,0.0022562522394783055,0.002256252237559346
88,11.0,soil_t_l4,"Soil temperature, layer 4",K,all_columns,97709,7.527886623700365e-06,2.8668395622713567e-06,6.263249395519901e-06,1.5258744554103032e-05,9085,26.25,105.75,280.0677947997602,280.0677795410156,0.0,0.0,0.0,0.0
88,11.0,soil_w_l1,"Soil water, layer 1",kg m-2,all_columns,97709,5.519738200634877e-07,1.989482404658014e-06,4.783019605046877e-07,9.536518774666547e-07,35831,33.54999923706055,94.45000457763672,29.719897270180198,29.71989631652832,0.0,0.0,0.0,0.0
88,11.0,soil_w_l2,"Soil water, layer 2",kg m-2,all_columns,97709,2.199808037650868e-06,2.8155298067244985e-06,1.904654845354051e-06,3.8145953453749826e-06,17960,29.25,99.45000457763672,81.80310440053285,81.8031005859375,0.005946136297862047,0.005946136079728603,0.00039444918225214307,0.00039444918469580645
88,11.0,soil_w_l3,"Soil water, layer 3",kg m-2,all_columns,97709,4.451921896537911e-06,2.363872812132433e-06,3.843146972165573e-06,1.5254330321567977e-05,6855,25.150001525878906,117.65000915527344,262.0333404585603,262.0333557128906,0.0,0.0,0.0,0.0
88,11.0,soil_w_l4,"Soil water, layer 4",kg m-2,all_columns,97709,8.811190253641245e-06,2.9324653524268288e-06,7.637162208049901e-06,1.5258607561463577e-05,79168,43.25,87.85000610351562,299.9903106687638,299.99029541015625,0.8234978209871537,0.8234978318214417,0.05651066526204101,0.05651066581640426
88,11.0,snow_w,Snow water equivalent,kg m-2,all_columns,97709,1.8826237019509042e-07,2.516238043946317e-06,3.002979808442613e-08,7.552177692105033e-06,20437,29.850000381469727,112.35000610351562,156.41872413727543,156.41873168945312,156.41872413727543,156.41873168945312,1.0,1.0
88,11.0,snow_w,Snow water equivalent,kg m-2,snow_present,70852,2.2108269468471192e-07,2.516238043946317e-06,4.141282586615666e-08,7.552177692105033e-06,20437,29.850000381469727,112.35000610351562,156.41872413727543,156.41873168945312,156.41872413727543,156.41873168945312,1.0,1.0
88,11.0,snow_w,Snow water equivalent,kg m-2,snow_fraction_gt_1e-3,56790,2.4694193903245217e-07,2.5162380564625644e-06,5.164579025548464e-08,7.552177692105033e-06,20437,29.850000381469727,112.35000610351562,156.41872413727543,156.41873168945312,156.41872413727543,156.41873168945312,1.0,1.0
88,11.0,snow_t,Snow temperature,K,all_columns,97709,5.489068112853084e-06,2.127456673269255e-06,4.595016953781881e-06,1.5257566985837911e-05,23775,30.75,80.35000610351562,263.6083526623549,263.6083679199219,0.0003004884757988805,0.00030048846383579075,1.9949940650487937e-05,1.9949940767512623e-05
88,11.0,snow_t,Snow temperature,K,snow_present,70852,6.038813506908872e-06,2.3960646257874075e-06,4.948642814944138e-06,1.5257566985837911e-05,23775,30.75,80.35000610351562,263.6083526623549,263.6083679199219,0.0003004884757988805,0.00030048846383579075,1.9949940650487937e-05,1.9949940767512623e-05
88,11.0,snow_t,Snow temperature,K,snow_fraction_gt_1e-3,56790,6.059440665165657e-06,2.4110367325177545e-06,4.96219049582146e-06,1.5257245934208186e-05,35109,33.35000228881836,106.15000915527344,260.61143493806657,260.6114501953125,0.20748564942414763,0.2074856460094452,0.013533261095581953,0.013533260829197882
88,11.0,snow_rho,Snow density,kg m-3,all_columns,97709,3.4042540611892474e-06,2.568585951215436e-06,2.409546347455716e-06,7.629065407854796e-06,58039,38.650001525878906,80.35000610351562,151.45310211148728,151.45309448242188,0.12116516573442847,0.12116516381502151,0.00800017721956178,0.008000177495817646
88,11.0,snow_rho,Snow density,kg m-3,snow_present,70852,3.99772753556207e-06,2.7967084020439344e-06,3.3229035745434225e-06,7.629065407854796e-06,58039,38.650001525878906,80.35000610351562,151.45310211148728,151.45309448242188,0.12116516573442847,0.12116516381502151,0.00800017721956178,0.008000177495817646
88,11.0,snow_rho,Snow density,kg m-3,snow_fraction_gt_1e-3,56790,3.9539645172380405e-06,2.7862824858304216e-06,3.2908945945335268e-06,7.629065407854796e-06,58039,38.650001525878906,80.35000610351562,151.45310211148728,151.45309448242188,0.12116516573442847,0.12116516381502151,0.00800017721956178,0.008000177495817646
88,11.0,snow_alb,Snow albedo,1,all_columns,97709,1.94316262320077e-08,2.6653414353049774e-06,1.758597897641207e-08,2.980222180148928e-08,95519,50.04999923706055,126.05000305175781,0.6254763901232667,0.6254763603210449,0.4854858673770916,0.48548588156700134,0.04784869875236512,0.04784870160039312
88,11.0,snow_alb,Snow albedo,1,snow_present,70852,1.7471302387763416e-08,2.578482638437177e-06,1.5214639548874208e-08,2.980222180148928e-08,95519,50.04999923706055,126.05000305175781,0.6254763901232667,0.6254763603210449,0.4854858673770916,0.48548588156700134,0.04784869875236512,0.04784870160039312
88,11.0,snow_alb,Snow albedo,1,snow_fraction_gt_1e-3,56790,1.738610890668905e-08,2.5522630061592256e-06,1.5106346455771178e-08,2.980222180148928e-08,95519,50.04999923706055,126.05000305175781,0.6254763901232667,0.6254763603210449,0.4854858673770916,0.48548588156700134,0.04784869875236512,0.04784870160039312
96,12.0,avg_skin_t,Surface temperature,K,all_columns,97709,7.14759715831772e-06,2.7547665726517996e-06,5.8952176764524774e-06,1.5258588405231421e-05,76268,42.45000076293945,111.65000915527344,260.8462066652397,260.8462219238281,0.7139108403954109,0.7139108180999756,0.04733250361133192,0.047332503744921074
96,12.0,soil_t_l1,"Soil temperature, layer 1",K,all_columns,97709,7.5648662586551135e-06,2.8887376923186177e-06,6.29679522218622e-06,1.5258511496085703e-05,34231,33.150001525878906,102.15000915527344,260.92060852023025,260.92059326171875,0.024365695358077248,0.02436569519340992,0.002052851735569037,0.0020528517041899117
96,12.0,soil_t_l2,"Soil temperature, layer 2",K,all_columns,97709,7.824948388666485e-06,2.9748206136562824e-06,6.553732927507134e-06,1.5258377061400097e-05,77073,42.650001525878906,110.75,260.27708435099794,260.277099609375,0.40554245724007054,0.4055424630641937,0.02688540091153641,0.026885401492965724
96,12.0,soil_t_l3,"Soil temperature, layer 3",K,all_columns,97709,7.80797738569419e-06,2.96442820588496e-06,6.540328421655968e-06,1.525860892570563e-05,22163,30.350000381469727,83.85000610351562,258.8128814695464,258.8128662109375,2.3944648725817744e-05,2.3944649001350626e-05,1.5818434593050075e-06,1.5818434932248177e-06
96,12.0,soil_t_l4,"Soil temperature, layer 4",K,all_columns,97709,7.5167925350149e-06,2.862379126315627e-06,6.245941815717985e-06,1.5258697999342985e-05,58259,38.650001525878906,102.35000610351562,261.292953491302,261.29296875,0.05988359259899408,0.059883590787649155,0.0039694416803638145,0.003969441665810522
96,12.0,soil_w_l1,"Soil water, layer 1",kg m-2,all_columns,97709,5.499524601585966e-07,1.9947494327774635e-06,4.7621142676187213e-07,9.536634273388245e-07,86445,45.45000076293945,83.85000610351562,29.91293239592417,29.912931442260742,1.1854489168965199,1.1854488849639893,0.11294399301405875,0.11294398793154443
96,12.0,soil_w_l2,"Soil water, layer 2",kg m-2,all_columns,97709,2.1928767324969916e-06,2.8162112200958277e-06,1.897415626428849e-06,3.81468979071542e-06,19421,29.650001525878906,89.75,80.39331436156479,80.393310546875,5.3636268691284485e-05,5.363626769394614e-05,3.564570227112207e-06,3.564570197942199e-06
96,12.0,soil_w_l3,"Soil water, layer 3",kg m-2,all_columns,97709,4.443044604236905e-06,2.357455251947839e-06,3.835654006456252e-06,1.5256238043548365e-05,5248,24.450000762939453,113.85000610351562,257.15071106212133,257.1507263183594,0.0,0.0,0.0,0.0
96,12.0,soil_w_l4,"Soil water, layer 4",kg m-2,all_columns,97709,8.796127895871782e-06,2.926736987770816e-06,7.611005249255451e-06,1.5258738017109863e-05,10347,26.850000381469727,102.65000915527344,300.54911804194114,300.5491027832031,0.0,0.0,0.0,0.0
96,12.0,snow_w,Snow water equivalent,kg m-2,all_columns,97709,1.870674312841388e-07,2.534103030983217e-06,2.9689606353383502e-08,7.507510048299082e-06,20435,29.850000381469727,112.15000915527344,177.59726702899442,177.59725952148438,177.59726702899442,177.59725952148438,1.0,1.0
96,12.0,snow_w,Snow water equivalent,kg m-2,snow_present,71874,2.1811199965346724e-07,2.534103030983218e-06,4.0361490151150274e-08,7.507510048299082e-06,20435,29.850000381469727,112.15000915527344,177.59726702899442,177.59725952148438,177.59726702899442,177.59725952148438,1.0,1.0
96,12.0,snow_w,Snow water equivalent,kg m-2,snow_fraction_gt_1e-3,56807,2.4533783105533107e-07,2.5341030454287003e-06,5.104561383385553e-08,7.507510048299082e-06,20435,29.850000381469727,112.15000915527344,177.59726702899442,177.59725952148438,177.59726702899442,177.59725952148438,1.0,1.0
96,12.0,snow_t,Snow temperature,K,all_columns,97709,5.4258804367452846e-06,2.091300893092353e-06,4.5598333847480825e-06,1.5258632288350782e-05,68103,40.75,97.95000457763672,265.9389801023823,265.93896484375,0.02551104879634056,0.02551104873418808,0.0024638665109872125,0.0024638664949763796
96,12.0,snow_t,Snow temperature,K,snow_present,71874,5.933112692231483e-06,2.3327349920267743e-06,4.882518923858241e-06,1.5258632288350782e-05,68103,40.75,97.95000457763672,265.9389801023823,265.93896484375,0.02551104879634056,0.02551104873418808,0.0024638665109872125,0.0024638664949763796
96,12.0,snow_t,Snow temperature,K,snow_fraction_gt_1e-3,56807,5.95347896012958e-06,2.345997249164224e-06,4.89133726047497e-06,1.5258632288350782e-05,68103,40.75,97.95000457763672,265.9389801023823,265.93896484375,0.02551104879634056,0.02551104873418808,0.0024638665109872125,0.0024638664949763796
96,12.0,snow_rho,Snow density,kg m-3,all_columns,97709,3.3729487321606035e-06,2.5513159644705835e-06,2.3993770375999406e-06,1.4156501208617556e-05,20039,29.75,112.15000915527344,264.0901020471262,264.090087890625,175.56618713244416,175.56619262695312,1.0,1.0
96,12.0,snow_rho,Snow density,kg m-3,snow_present,71874,3.9327027032447085e-06,2.769377456899083e-06,3.2618294649922445e-06,1.4156501208617556e-05,20039,29.75,112.15000915527344,264.0901020471262,264.090087890625,175.56618713244416,175.56619262695312,1.0,1.0
96,12.0,snow_rho,Snow density,kg m-3,snow_fraction_gt_1e-3,56807,3.880758233625186e-06,2.7527012755616917e-06,3.231845927231821e-06,1.4156501208617556e-05,20039,29.75,112.15000915527344,264.0901020471262,264.090087890625,175.56618713244416,175.56619262695312,1.0,1.0
96,12.0,snow_alb,Snow albedo,1,all_columns,97709,1.9366148790570353e-08,2.6772204776815947e-06,1.7486169488211913e-08,2.9801628498304922e-08,8002,25.75,103.05000305175781,0.6602762639529491,0.6602762937545776,0.00877691133334561,0.008776911534368992,0.0005704472467559421,0.0005704472848552829
96,12.0,snow_alb,Snow albedo,1,snow_present,71874,1.7479566532830114e-08,2.600951341137565e-06,1.520162694216488e-08,2.9801628498304922e-08,8002,25.75,103.05000305175781,0.6602762639529491,0.6602762937545776,0.00877691133334561,0.008776911534368992,0.0005704472467559421,0.0005704472848552829
96,12.0,snow_alb,Snow albedo,1,snow_fraction_gt_1e-3,56807,1.730380019017366e-08,2.56015740542798e-06,1.5009990052537503e-08,2.9801428103048977e-08,95550,50.150001525878906,120.75,0.5497641861447694,0.5497642159461975,0.20406629988470054,0.20406630635261536,0.018683904712143932,0.018683905864017292
104,13.0,avg_skin_t,Surface temperature,K,all_columns,97709,7.42551254323331e-06,2.8448162980123416e-06,6.159222529042338e-06,1.5258405483109527e-05,72175,41.54999923706055,113.65000915527344,260.5441436771414,260.5441589355469,0.3166000925899562,0.31660008430480957,0.021030039076008214,0.021030038777761134
104,13.0,soil_t_l1,"Soil temperature, layer 1",K,all_columns,97709,7.766865398043295e-06,2.9548374571973636e-06,6.498612238436379e-06,1.5720451244760625e-05,21904,30.25,98.55000305175781,267.69410751732624,267.694091796875,0.01054870573667131,0.010548706166446209,0.0006565574250705897,0.0006565574566350023
104,13.0,soil_t_l2,"Soil temperature, layer 2",K,all_columns,97709,7.942840198841996e-06,3.01138829568536e-06,6.68095477625105e-06,1.5258690666541952e-05,66151,40.35000228881836,93.6500015258789,262.48817443837817,262.4881591796875,0.06566382994060765,0.06566382944583893,0.005511087857070916,0.005511087760419818
104,13.0,soil_t_l3,"Soil temperature, layer 3",K,all_columns,97709,7.852167662720298e-06,2.978858721390827e-06,6.586121900838938e-06,1.5258492226166709e-05,7440,25.450000762939453,110.85000610351562,277.4454193112266,277.4454040527344,4.189049703410149,4.18904972076416,0.24470390766301073,0.24470391104027894
104,13.0,soil_t_l4,"Soil temperature, layer 4",K,all_columns,97709,7.554554477859305e-06,2.876476045104063e-06,6.277614335037116e-06,1.5258557596098399e-05,64467,39.95000076293945,119.25,266.2881317136357,266.2881164550781,0.07815980702858404,0.07815980911254883,0.0051830958749307515,0.005183096071131406
104,13.0,soil_w_l1,"Soil water, layer 1",kg m-2,all_columns,97709,5.493500485801006e-07,2.0009898086067766e-06,4.754893777011459e-07,9.536625711348279e-07,9296,26.350000381469727,105.55000305175781,21.79815578461868,21.79815673828125,0.0,0.0,0.0,0.0
104,13.0,soil_w_l2,"Soil water, layer 2",kg m-2,all_columns,97709,2.1900073649021827e-06,2.820809511785544e-06,1.894604124540053e-06,3.814677299374125e-06,60141,39.04999923706055,111.55000305175781,79.84669876096636,79.84669494628906,0.8301438826133262,0.8301438689231873,0.055026372148809594,0.055026370709345004
104,13.0,soil_w_l3,"Soil water, layer 3",kg m-2,all_columns,97709,4.4394360023405176e-06,2.3541005290331077e-06,3.831628607524644e-06,1.5183120069650613e-05,6365,24.950000762939453,113.55000305175781,260.55372627195806,260.5537414550781,0.0,0.0,0.0,0.0
104,13.0,soil_w_l4,"Soil water, layer 4",kg m-2,all_columns,97709,8.815006278877059e-06,2.9322957291178667e-06,7.639502331415785e-06,1.5258296457432152e-05,87941,45.95000076293945,128.0500030517578,299.95921325732854,299.959228515625,5.0087575797856445,5.008757591247559,0.5008757579785644,0.5008757591247559
104,13.0,snow_w,Snow water equivalent,kg m-2,all_columns,97709,1.8152957665229982e-07,2.5050192137783905e-06,3.0048984172044165e-08,7.6293439121855045e-06,24985,30.950000762939453,116.35000610351562,137.63265228276546,137.63265991210938,137.63265228276546,137.63265991210938,1.0,1.0
104,13.0,snow_w,Snow water equivalent,kg m-2,snow_present,72591,2.1060723647877435e-07,2.5050192137783905e-06,4.044655932227136e-08,7.6293439121855045e-06,24985,30.950000762939453,116.35000610351562,137.63265228276546,137.63265991210938,137.63265228276546,137.63265991210938,1.0,1.0
104,13.0,snow_w,Snow water equivalent,kg m-2,snow_fraction_gt_1e-3,56429,2.3887103064362783e-07,2.5050192252854445e-06,5.2009853108483013e-08,7.6293439121855045e-06,24985,30.950000762939453,116.35000610351562,137.63265228276546,137.63265991210938,137.63265228276546,137.63265991210938,1.0,1.0
104,13.0,snow_t,Snow temperature,K,all_columns,97709,5.893468525819106e-06,2.2526837703549007e-06,4.903177120062737e-06,1.5258386781624722e-05,91782,47.650001525878906,125.05000305175781,257.5691375728399,257.5691223144531,1.9630908431881813,1.9630908966064453,0.19630908431881813,0.19630908966064453
104,13.0,snow_t,Snow temperature,K,snow_present,72591,6.489283665592859e-06,2.520048061740084e-06,5.332612452937539e-06,1.5258386781624722e-05,91782,47.650001525878906,125.05000305175781,257.5691375728399,257.5691223144531,1.9630908431881813,1.9630908966064453,0.19630908431881813,0.19630908966064453
104,13.0,snow_t,Snow temperature,K,snow_fraction_gt_1e-3,56429,6.653372310726e-06,2.5818889489818356e-06,5.468086893375264e-06,1.5258386781624722e-05,91782,47.650001525878906,125.05000305175781,257.5691375728399,257.5691223144531,1.9630908431881813,1.9630908966064453,0.19630908431881813,0.19630908966064453
104,13.0,snow_rho,Snow density,kg m-3,all_columns,97709,3.284472949036021e-06,2.5092674083682618e-06,2.2853231342074356e-06,1.4492604748284066e-05,19253,29.549999237060547,112.25,256.51500015583275,256.5150146484375,139.0087931823425,139.0087890625,1.0,1.0
104,13.0,snow_rho,Snow density,kg m-3,snow_present,72591,3.810584389841373e-06,2.7217499687713397e-06,3.0760926026680216e-06,1.4492604748284066e-05,19253,29.549999237060547,112.25,256.51500015583275,256.5150146484375,139.0087931823425,139.0087890625,1.0,1.0
104,13.0,snow_rho,Snow density,kg m-3,snow_fraction_gt_1e-3,56429,3.7356149684071217e-06,2.6986168411943927e-06,3.0162159576713234e-06,1.4492604748284066e-05,19253,29.549999237060547,112.25,256.51500015583275,256.5150146484375,139.0087931823425,139.0087890625,1.0,1.0
104,13.0,snow_alb,Snow albedo,1,all_columns,97709,1.9278652486735573e-08,2.693533641757415e-06,1.7372842106965725e-08,2.9801986989319573e-08,89364,46.54999923706055,90.6500015258789,0.7322336733337863,0.7322336435317993,0.12528278922769162,0.12528279423713684,0.009495948868297369,0.009495949567551776
104,13.0,snow_alb,Snow albedo,1,snow_present,72591,1.742356728706815e-08,2.628071862267743e-06,1.513442770983287e-08,2.9801986989319573e-08,89364,46.54999923706055,90.6500015258789,0.7322336733337863,0.7322336435317993,0.12528278922769162,0.12528279423713684,0.009495948868297369,0.009495949567551776
104,13.0,snow_alb,Snow albedo,1,snow_fraction_gt_1e-3,56429,1.7191942531384092e-08,2.5779651177168826e-06,1.4873030718743185e-08,2.9801986989319573e-08,89364,46.54999923706055,90.6500015258789,0.7322336733337863,0.7322336435317993,0.12528278922769162,0.12528279423713684,0.009495948868297369,0.009495949567551776
112,14.0,avg_skin_t,Surface temperature,K,all_columns,97709,7.509303180169406e-06,2.8735942326318092e-06,6.241131145397652e-06,1.5258632060977106e-05,29120,31.950000762939453,100.25,259.3837127683977,259.3836975097656,0.00018530209469845403,0.0001853020949056372,1.2328484916492251e-05,1.2328484686277702e-05
112,14.0,soil_t_l1,"Soil temperature, layer 1",K,all_columns,97709,7.852374856660912e-06,2.9818790702233747e-06,6.574878358013093e-06,1.7186143111302954e-05,27412,31.549999237060547,101.35000610351562,267.71501352403374,267.7149963378906,0.03964495294355703,0.03964495286345482,0.002607048119063208,0.002607048108258373
112,14.0,soil_t_l2,"Soil temperature, layer 2",K,all_columns,97709,7.996867258773483e-06,3.025168671975487e-06,6.729913606387305e-06,1.525834545645921e-05,89031,46.35000228881836,133.75,256.4557342533733,256.45574951171875,11.7508323284805,11.750832557678223,0.8234937483845114,0.8234937818459844
112,14.0,soil_t_l3,"Soil temperature, layer 3",K,all_columns,97709,7.917103200360679e-06,3.0004227599007367e-06,6.657286590793509e-06,1.5258666053341585e-05,28697,31.85000228881836,101.25,268.2958221436777,268.29583740234375,0.0016118333800735525,0.0016118334606289864,0.00010693541540179284,0.00010693541999464402
112,14.0,soil_t_l4,"Soil temperature, layer 4",K,all_columns,97709,7.560920289700512e-06,2.8785517054701472e-06,6.284725873799046e-06,1.5258761891345785e-05,28567,31.85000228881836,88.25,259.6435699462619,259.6435546875,0.0,0.0,0.0,0.0
112,14.0,soil_w_l1,"Soil water, layer 1",kg m-2,all_columns,97709,5.509995011095259e-07,2.018447395033259e-06,4.771691141759925e-07,9.536732363812916e-07,6748,25.150001525878906,106.95000457763672,22.170857429503315,22.170856475830078,0.0,0.0,0.0,0.0
112,14.0,soil_w_l2,"Soil water, layer 2",kg m-2,all_columns,97709,2.1905088420823326e-06,2.828718645641122e-06,1.893644172492159e-06,4.0008283122006105e-06,21335,30.150001525878906,81.35000610351562,79.29132480160956,79.29132080078125,0.0,0.0,0.0,0.0
112,14.0,soil_w_l3,"Soil water, layer 3",kg m-2,all_columns,97709,4.4419749536624374e-06,2.3541890026690573e-06,3.837445573857796e-06,1.5218811824979639e-05,5065,24.350000381469727,117.45000457763672,264.2763824862663,264.2763977050781,0.0,0.0,0.0,0.0
112,14.0,soil_w_l4,"Soil water, layer 4",kg m-2,all_columns,97709,8.810466568170523e-06,2.930075078929159e-06,7.633630766783055e-06,1.5258512917171174e-05,70978,41.35000228881836,92.35000610351562,299.81062316922146,299.8106384277344,0.20829537715045207,0.20829537510871887,0.016469282007518,0.016469281629256368
112,14.0,snow_w,Snow water equivalent,kg m-2,all_columns,97709,1.7574770745149581e-07,2.570060062290179e-06,3.0354271820547735e-08,7.513425657634798e-06,6357,24.950000762939453,112.75,149.28047931518347,149.2804718017578,149.28047931518347,149.2804718017578,1.0,1.0
112,14.0,snow_w,Snow water equivalent,kg m-2,snow_present,75581,1.9982537468535157e-07,2.57006006229018e-06,3.9241152395175535e-08,7.513425657634798e-06,6357,24.950000762939453,112.75,149.28047931518347,149.2804718017578,149.28047931518347,149.2804718017578,1.0,1.0
112,14.0,snow_w,Snow water equivalent,kg m-2,snow_fraction_gt_1e-3,59772,2.2470257108277246e-07,2.5700600812001633e-06,4.960274213085449e-08,7.513425657634798e-06,6357,24.950000762939453,112.75,149.28047931518347,149.2804718017578,149.28047931518347,149.2804718017578,1.0,1.0
112,14.0,snow_t,Snow temperature,K,all_columns,97709,5.633175890771234e-06,2.1679320113002027e-06,4.707340196931115e-06,1.5257459665463102e-05,66799,40.45000076293945,110.55000305175781,256.6908721910534,256.69085693359375,0.24703882650121428,0.2470388263463974,0.01633021958612884,0.016330219642252303
112,14.0,snow_t,Snow temperature,K,snow_present,75581,6.090708455852243e-06,2.380946858520191e-06,5.0133545150949045e-06,1.5257459665463102e-05,66799,40.45000076293945,110.55000305175781,256.6908721910534,256.69085693359375,0.24703882650121428,0.2470388263463974,0.01633021958612884,0.016330219642252303
112,14.0,snow_t,Snow temperature,K,snow_fraction_gt_1e-3,59772,6.236962042948512e-06,2.4474493277217627e-06,5.118540589093151e-06,1.5257459665463102e-05,66799,40.45000076293945,110.55000305175781,256.6908721910534,256.69085693359375,0.24703882650121428,0.2470388263463974,0.01633021958612884,0.016330219642252303
112,14.0,snow_rho,Snow density,kg m-3,all_columns,97709,0.01934837732388198,0.01493270244987607,0.0001260871285841176,3.0240003532579465,5301,24.450000762939453,121.05000305175781,103.02400035325795,100.0,0.0,1.6940658945086007e-21,0.0,1.6940658945086008e-22
112,14.0,snow_rho,Snow density,kg m-3,snow_present,75581,3.6794292219669913e-06,2.6852139605291656e-06,2.9616705708361534e-06,1.4536258902353438e-05,20438,29.850000381469727,112.45000457763672,260.48615955579015,260.48614501953125,122.4509831441114,122.45098114013672,1.0,1.0
112,14.0,snow_rho,Snow density,kg m-3,snow_fraction_gt_1e-3,59772,3.5817084613796605e-06,2.6561865861136925e-06,2.8904994332331865e-06,1.4536258902353438e-05,20438,29.850000381469727,112.45000457763672,260.48615955579015,260.48614501953125,122.4509831441114,122.45098114013672,1.0,1.0
112,14.0,snow_alb,Snow albedo,1,all_columns,97709,1.9142658289550916e-08,2.7004563714763045e-06,1.7197349569888046e-08,2.980225111137713e-08,54048,37.75,76.05000305175781,0.6342020928858998,0.6342020630836487,0.08289981671275469,0.08289981633424759,0.006677438320738724,0.0066774382671121015
112,14.0,snow_alb,Snow albedo,1,snow_present,75581,1.7530931458826284e-08,2.648665809701037e-06,1.5253233664127262e-08,2.980225111137713e-08,54048,37.75,76.05000305175781,0.6342020928858998,0.6342020630836487,0.08289981671275469,0.08289981633424759,0.006677438320738724,0.0066774382671121015
112,14.0,snow_alb,Snow albedo,1,snow_fraction_gt_1e-3,59772,1.7332353030293693e-08,2.6005454494686353e-06,1.5026843793158858e-08,2.980225111137713e-08,54048,37.75,76.05000305175781,0.6342020928858998,0.6342020630836487,0.08289981671275469,0.08289981633424759,0.006677438320738724,0.0066774382671121015
120,15.0,avg_skin_t,Surface temperature,K,all_columns,97709,7.271569475677623e-06,2.787870920188041e-06,6.007341052096486e-06,1.5258687142249983e-05,15935,28.75,86.45000457763672,257.3772430420941,257.37725830078125,0.0008251273417324039,0.0008251273538917303,5.4465045279265026e-05,5.446504760609869e-05
120,15.0,soil_t_l1,"Soil temperature, layer 1",K,all_columns,97709,7.80849661170398e-06,2.966018650068289e-06,6.534168322955199e-06,1.724574548234159e-05,14490,28.350000381469727,89.6500015258789,262.15925796840173,262.15924072265625,3.661871815069601e-06,3.661871915028314e-06,3.661871815069601e-07,3.661871915028314e-07
120,15.0,soil_t_l2,"Soil temperature, layer 2",K,all_columns,97709,7.933103498947099e-06,3.0008558004196977e-06,6.669442651875105e-06,1.5258699306741619e-05,28499,31.85000228881836,81.45000457763672,260.87248229971493,260.8724670410156,4.2253851352829016e-12,4.2253817632287305e-12,4.2253851352829015e-13,4.2253817632287303e-13
120,15.0,soil_t_l3,"Soil temperature, layer 3",K,all_columns,97709,7.954915827693206e-06,3.0122289923864027e-06,6.686078238301826e-06,1.5258730968525924e-05,84225,44.650001525878906,124.05000305175781,257.37718200689403,257.377197265625,3.670004719250583,3.6700046062469482,0.2462207952926919,0.24622078157099797
120,15.0,soil_t_l4,"Soil temperature, layer 4",K,all_columns,97709,7.562736018682373e-06,2.8788320862898064e-06,6.284180687209464e-06,1.5258714483934455e-05,20247,29.850000381469727,93.35000610351562,263.99119567863636,263.9911804199219,0.0024887179666836412,0.0024887179024517536,0.00021795524039395903,0.00021795522881781936
120,15.0,soil_w_l1,"Soil water, layer 1",kg m-2,all_columns,97709,5.490640280702311e-07,2.023076980832511e-06,4.75345199294242e-07,1.012948825263038e-06,14490,28.350000381469727,89.6500015258789,24.202601492074802,24.202600479125977,3.661871815069601e-06,3.661871915028314e-06,3.661871815069601e-07,3.661871915028314e-07
120,15.0,soil_w_l2,"Soil water, layer 2",kg m-2,all_columns,97709,2.179548289179644e-06,2.8216336271603843e-06,1.8804106087418429e-06,1.1767225032599526e-05,19515,29.650001525878906,99.1500015258789,77.73112901576019,77.73111724853516,8.236063894446612e-05,8.236064604716375e-05,5.4087510317480806e-06,5.408751503324937e-06
120,15.0,soil_w_l3,"Soil water, layer 3",kg m-2,all_columns,97709,4.433271417115939e-06,2.348574757531752e-06,3.830658991593992e-06,1.5249803482220159e-05,7067,25.25,116.65000915527344,259.95262145097536,259.9526062011719,0.0,0.0,0.0,0.0
120,15.0,soil_w_l4,"Soil water, layer 4",kg m-2,all_columns,97709,8.820592875030035e-06,2.9327419415105265e-06,7.637654509977669e-06,1.5258716132393602e-05,5995,24.850000381469727,99.05000305175781,303.662094116138,303.6620788574219,0.0,0.0,0.0,0.0
120,15.0,snow_w,Snow water equivalent,kg m-2,all_columns,97709,1.672018095569461e-07,2.502019973890378e-06,3.137723664528745e-08,6.827532843090012e-06,20039,29.75,112.15000915527344,155.41133960801403,155.41134643554688,155.41133960801403,155.41134643554688,1.0,1.0
120,15.0,snow_w,Snow water equivalent,kg m-2,snow_present,77137,1.8818148242080802e-07,2.5020199738903767e-06,3.974536745244105e-08,6.827532843090012e-06,20039,29.75,112.15000915527344,155.41133960801403,155.41134643554688,155.41133960801403,155.41134643554688,1.0,1.0
120,15.0,snow_w,Snow water equivalent,kg m-2,snow_fraction_gt_1e-3,61501,2.1074978867589974e-07,2.502019985689798e-06,4.983240297993668e-08,6.827532843090012e-06,20039,29.75,112.15000915527344,155.41133960801403,155.41134643554688,155.41133960801403,155.41134643554688,1.0,1.0
120,15.0,snow_t,Snow temperature,K,all_columns,97709,5.635254484690524e-06,2.17442576803626e-06,4.707270364949866e-06,2.0656342883285106e-05,19515,29.650001525878906,99.1500015258789,250.68392404580555,250.68394470214844,8.236063894446612e-05,8.236064604716375e-05,5.4087510317480806e-06,5.408751503324937e-06
120,15.0,snow_t,Snow temperature,K,snow_present,77137,6.05380981888137e-06,2.3712776712660874e-06,4.986008874352319e-06,2.0656342883285106e-05,19515,29.650001525878906,99.1500015258789,250.68392404580555,250.68394470214844,8.236063894446612e-05,8.236064604716375e-05,5.4087510317480806e-06,5.408751503324937e-06
120,15.0,snow_t,Snow temperature,K,snow_fraction_gt_1e-3,61501,6.191681606623994e-06,2.4359139178152733e-06,5.086711150256736e-06,1.5258439987064776e-05,87148,45.650001525878906,126.85000610351562,257.94593811070064,257.9459533691406,2.3281105319995032,2.328110456466675,0.15315500211140445,0.15315499890937012
120,15.0,snow_rho,Snow density,kg m-3,all_columns,97709,0.016756186579844318,0.013039480080951545,9.507249698050056e-05,3.024000406062555,4643,24.150001525878906,121.45000457763672,103.02400040606256,100.0,0.0,0.0,0.0,0.0
120,15.0,snow_rho,Snow density,kg m-3,snow_present,77137,3.538476116397432e-06,2.61928567608731e-06,2.818849097107508e-06,1.5177826128365268e-05,18862,29.450000762939453,112.15000915527344,260.3090058182676,260.30902099609375,103.27652142858108,103.27651977539062,1.0,1.0
120,15.0,snow_rho,Snow density,kg m-3,snow_fraction_gt_1e-3,61501,3.4379498378869066e-06,2.585796318047339e-06,2.7498878498328235e-06,1.5177826128365268e-05,18862,29.450000762939453,112.15000915527344,260.3090058182676,260.30902099609375,103.27652142858108,103.27651977539062,1.0,1.0
120,15.0,snow_alb,Snow albedo,1,all_columns,97709,1.9098538503239657e-08,2.70786830694797e-06,1.716918648172252e-08,2.9802307066617573e-08,39287,34.35000228881836,106.25,0.6012904942035522,0.6012904644012451,0.37484588027372534,0.3748458921909332,0.024501202721166074,0.024501202515263196
120,15.0,snow_alb,Snow albedo,1,snow_present,77137,1.7619759903477374e-08,2.6640858095775123e-06,1.5390512116581127e-08,2.9802307066617573e-08,39287,34.35000228881836,106.25,0.6012904942035522,0.6012904644012451,0.37484588027372534,0.3748458921909332,0.024501202721166074,0.024501202515263196
120,15.0,snow_alb,Snow albedo,1,snow_fraction_gt_1e-3,61501,1.7388021826371646e-08,2.6125582195707494e-06,1.513649525170059e-08,2.9802307066617573e-08,39287,34.35000228881836,106.25,0.6012904942035522,0.6012904644012451,0.37484588027372534,0.3748458921909332,0.024501202721166074,0.024501202515263196
128,16.0,avg_skin_t,Surface temperature,K,all_columns,97709,7.492493613443796e-06,2.86258314649834e-06,6.222803833467541e-06,1.5258514338256646e-05,57060,38.35000228881836,113.55000305175781,268.70356750515754,268.7035827636719,0.13170847723570997,0.13170847296714783,0.00917884583658479,0.009178845175267614
128,16.0,soil_t_l1,"Soil temperature, layer 1",K,all_columns,97709,7.907069683273844e-06,2.994926821996255e-06,6.6363359482612265e-06,3.332712515202729e-05,14490,28.350000381469727,89.6500015258789,262.736569456078,262.7366027832031,2.2185017312811125e-06,2.218501776951598e-06,2.2185017312811126e-07,2.218501776951598e-07
128,16.0,soil_t_l2,"Soil temperature, layer 2",K,all_columns,97709,8.041100714492386e-06,3.035095708570147e-06,6.781092960910894e-06,2.5852502801626542e-05,19515,29.650001525878906,99.1500015258789,270.68106545609095,270.68109130859375,4.5817855857433107e-05,4.581784742185846e-05,3.008929675645228e-06,3.0089291793580287e-06
128,16.0,soil_t_l3,"Soil temperature, layer 3",K,all_columns,97709,7.956533470384768e-06,3.010240957111437e-06,6.691815791343485e-06,1.785079138016954e-05,19515,29.650001525878906,99.1500015258789,268.8017399617086,268.8017578125,4.5817855857433107e-05,4.581784742185846e-05,3.008929675645228e-06,3.0089291793580287e-06
128,16.0,soil_t_l4,"Soil temperature, layer 4",K,all_columns,97709,7.591360204518509e-06,2.8892686590482846e-06,6.312022730213161e-06,1.5258783889748884e-05,4537,24.150001525878906,108.55000305175781,282.34300231933076,282.3429870605469,0.0,0.0,0.0,0.0
128,16.0,soil_w_l1,"Soil water, layer 1",kg m-2,all_columns,97709,5.509948753519508e-07,2.0382663702868107e-06,4.773550251249405e-07,3.0848082097634233e-06,14490,28.350000381469727,89.6500015258789,23.700947537750384,23.700950622558594,2.2185017312811125e-06,2.218501776951598e-06,2.2185017312811126e-07,2.218501776951598e-07
128,16.0,soil_w_l2,"Soil water, layer 2",kg m-2,all_columns,97709,2.1744723679049487e-06,2.821679452501808e-06,1.8727016816999352e-06,2.3353551071636502e-05,19515,29.650001525878906,99.1500015258789,76.78767441556279,76.78765106201172,4.5817855857433107e-05,4.581784742185846e-05,3.008929675645228e-06,3.0089291793580287e-06
128,16.0,soil_w_l3,"Soil water, layer 3",kg m-2,all_columns,97709,4.43918940089464e-06,2.350539966064199e-06,3.837866202187556e-06,1.9546538823078663e-05,19515,29.650001525878906,99.1500015258789,181.59163999935961,181.59165954589844,4.5817855857433107e-05,4.581784742185846e-05,3.008929675645228e-06,3.0089291793580287e-06
128,16.0,soil_w_l4,"Soil water, layer 4",kg m-2,all_columns,97709,8.814902196749214e-06,2.9301284573158263e-06,7.634704276474738e-06,1.5257998995821254e-05,57232,38.45000076293945,87.35000610351562,299.99909973065525,299.99908447265625,0.7245562586816889,0.7245562672615051,0.06290511023462177,0.06290510953528439
128,16.0,snow_w,Snow water equivalent,kg m-2,all_columns,97709,1.623144984827467e-07,2.4890537695586283e-06,3.1587341419409816e-08,6.89374610374216e-06,25842,31.150001525878906,116.15000915527344,132.41792986737892,132.4179229736328,132.41792986737892,132.4179229736328,1.0,1.0
128,16.0,snow_w,Snow water equivalent,kg m-2,snow_present,77555,1.8218797024377996e-07,2.4890537695586266e-06,3.97958550250275e-08,6.89374610374216e-06,25842,31.150001525878906,116.15000915527344,132.41792986737892,132.4179229736328,132.41792986737892,132.4179229736328,1.0,1.0
128,16.0,snow_w,Snow water equivalent,kg m-2,snow_fraction_gt_1e-3,61829,2.0404617950003445e-07,2.4890537760404734e-06,4.990133281382948e-08,6.89374610374216e-06,25842,31.150001525878906,116.15000915527344,132.41792986737892,132.4179229736328,132.41792986737892,132.4179229736328,1.0,1.0
128,16.0,snow_t,Snow temperature,K,all_columns,97709,5.886374000922442e-06,2.2628425821310257e-06,4.89758735464604e-06,1.525878059283059e-05,64109,39.95000076293945,83.35000610351562,264.3252105712806,264.3251953125,0.5636896139734211,0.5636895895004272,0.047790888427133964,0.0477908864324878
128,16.0,snow_t,Snow temperature,K,snow_present,77555,6.337866381635604e-06,2.469574392254471e-06,5.218647553290357e-06,1.525878059283059e-05,64109,39.95000076293945,83.35000610351562,264.3252105712806,264.3251953125,0.5636896139734211,0.5636895895004272,0.047790888427133964,0.0477908864324878
128,16.0,snow_t,Snow temperature,K,snow_fraction_gt_1e-3,61829,6.547082494006324e-06,2.561034770741236e-06,5.382298101013042e-06,1.525878059283059e-05,64109,39.95000076293945,83.35000610351562,264.3252105712806,264.3251953125,0.5636896139734211,0.5636895895004272,0.047790888427133964,0.0477908864324878
128,16.0,snow_rho,Snow density,kg m-3,all_columns,97709,3.1746469410872897e-06,2.477280295735182e-06,2.2682378224371528e-06,1.52258933212579e-05,19648,29.650001525878906,112.45000457763672,270.5445404381692,270.5445556640625,103.69121417853958,103.69121551513672,1.0,1.0
128,16.0,snow_rho,Snow density,kg m-3,snow_present,77555,3.5633445431173113e-06,2.6492309536675593e-06,2.8576784139322e-06,1.52258933212579e-05,19648,29.650001525878906,112.45000457763672,270.5445404381692,270.5445556640625,103.69121417853958,103.69121551513672,1.0,1.0
128,16.0,snow_rho,Snow density,kg m-3,snow_fraction_gt_1e-3,61829,3.5087848334732306e-06,2.637862048323535e-06,2.8398590805056155e-06,1.52258933212579e-05,19648,29.650001525878906,112.45000457763672,270.5445404381692,270.5445556640625,103.69121417853958,103.69121551513672,1.0,1.0
128,16.0,snow_alb,Snow albedo,1,all_columns,97709,1.8977011760455654e-08,2.706961617623604e-06,1.699250716494616e-08,2.9801690448749696e-08,61892,39.45000076293945,100.95000457763672,0.574580341576898,0.5745803117752075,0.0359970062148286,0.03599700704216957,0.0023722870913415145,0.002372287160612755
128,16.0,snow_alb,Snow albedo,1,snow_present,77555,1.749270604289786e-08,2.663203594967364e-06,1.5212585620668258e-08,2.9801690448749696e-08,61892,39.45000076293945,100.95000457763672,0.574580341576898,0.5745803117752075,0.0359970062148286,0.03599700704216957,0.0023722870913415145,0.002372287160612755
128,16.0,snow_alb,Snow albedo,1,snow_fraction_gt_1e-3,61829,1.725186394459809e-08,2.621376396189363e-06,1.4936190758636192e-08,2.9801690448749696e-08,61892,39.45000076293945,100.95000457763672,0.574580341576898,0.5745803117752075,0.0359970062148286,0.03599700704216957,0.0023722870913415145,0.002372287160612755
136,17.0,avg_skin_t,Surface temperature,K,all_columns,97709,7.5505220800961836e-06,2.8864366348395436e-06,6.2781786439403624e-06,1.5257867858053942e-05,31869,32.54999923706055,116.95000457763672,274.98692321869464,274.9869384765625,0.15370304113709424,0.15370303392410278,0.009396559046466706,0.009396558918453961
136,17.0,soil_t_l1,"Soil temperature, layer 1",K,all_columns,97709,7.934292915174023e-06,3.004285323540895e-06,6.667611696239883e-06,6.898790445575287e-05,14490,28.350000381469727,89.6500015258789,261.3876873597518,261.38775634765625,1.5431135833445126e-06,1.543113626212289e-06,1.5431135833445126e-07,1.5431136262122892e-07
136,17.0,soil_t_l2,"Soil temperature, layer 2",K,all_columns,97709,8.081185104760959e-06,3.047914810242589e-06,6.820091175215553e-06,6.387899929904961e-05,14490,28.350000381469727,89.6500015258789,264.6564302616257,264.656494140625,1.5431135833445126e-06,1.543113626212289e-06,1.5431135833445126e-07,1.5431136262122892e-07
136,17.0,soil_t_l3,"Soil temperature, layer 3",K,all_columns,97709,8.020467358262089e-06,3.031760326003354e-06,6.757465053102206e-06,1.5359444034857006e-05,19515,29.650001525878906,99.1500015258789,268.9002837128216,268.9002990722656,2.2202934578001528e-05,2.220291571575217e-05,1.458101145891582e-06,1.4580999484511322e-06
136,17.0,soil_t_l4,"Soil temperature, layer 4",K,all_columns,97709,7.595020635819051e-06,2.8901501922441043e-06,6.324738635725403e-06,1.5258707151133422e-05,53222,37.54999923706055,84.6500015258789,256.8001251221522,256.8001403808594,0.4746125949029308,0.47461259365081787,0.047461259490293076,0.04746125936508179
136,17.0,soil_w_l1,"Soil water, layer 1",kg m-2,all_columns,97709,5.508666597592973e-07,2.04964715045298e-06,4.773005857879463e-07,2.8004740322273847e-06,14490,28.350000381469727,89.6500015258789,23.52255541180624,23.522558212280273,1.5431135833445126e-06,1.543113626212289e-06,1.5431135833445126e-07,1.5431136262122892e-07
136,17.0,soil_w_l2,"Soil water, layer 2",kg m-2,all_columns,97709,2.154969284332248e-06,2.8041623239199693e-06,1.8543331788365234e-06,2.046205634087528e-05,19515,29.650001525878906,99.1500015258789,76.08681245424384,76.0867919921875,2.2202934578001528e-05,2.220291571575217e-05,1.458101145891582e-06,1.4580999484511322e-06
136,17.0,soil_w_l3,"Soil water, layer 3",kg m-2,all_columns,97709,4.441946291665644e-06,2.351025934892164e-06,3.837735505440621e-06,2.9908311688586764e-05,19515,29.650001525878906,99.1500015258789,181.85264648328987,181.85267639160156,2.2202934578001528e-05,2.220291571575217e-05,1.458101145891582e-06,1.4580999484511322e-06
136,17.0,soil_w_l4,"Soil water, layer 4",kg m-2,all_columns,97709,8.81925135945676e-06,2.9308486895793696e-06,7.639665265821665e-06,1.5258535427165043e-05,71563,41.45000076293945,101.6500015258789,299.7610321047458,299.76104736328125,0.5171207049451504,0.5171207189559937,0.03676890921436577,0.03676891155146255
136,17.0,snow_w,Snow water equivalent,kg m-2,all_columns,97709,1.605684234523988e-07,2.6060169359343953e-06,3.228752067300035e-08,7.468115427400335e-06,26272,31.25,116.15000915527344,130.5037611302248,130.50375366210938,130.5037611302248,130.50375366210938,1.0,1.0
136,17.0,snow_w,Snow water equivalent,kg m-2,snow_present,78715,1.7889519572103188e-07,2.606016935934395e-06,4.007852824415239e-08,7.468115427400335e-06,26272,31.25,116.15000915527344,130.5037611302248,130.50375366210938,130.5037611302248,130.50375366210938,1.0,1.0
136,17.0,snow_w,Snow water equivalent,kg m-2,snow_fraction_gt_1e-3,65812,1.9564775425628423e-07,2.6060169509147164e-06,4.792452292893102e-08,7.468115427400335e-06,26272,31.25,116.15000915527344,130.5037611302248,130.50375366210938,130.5037611302248,130.50375366210938,1.0,1.0
136,17.0,snow_t,Snow temperature,K,all_columns,97709,5.490379577338206e-06,2.1297314105811573e-06,4.601299173362654e-06,1.5257741381446976e-05,35695,33.54999923706055,80.85000610351562,266.99473571672576,266.9947204589844,0.16825948157529924,0.16825948655605316,0.013560717645443409,0.013560717902824346
136,17.0,snow_t,Snow temperature,K,snow_present,78715,5.846538258056803e-06,2.3022353949136843e-06,4.827926518915105e-06,1.5257741381446976e-05,35695,33.54999923706055,80.85000610351562,266.99473571672576,266.9947204589844,0.16825948157529924,0.16825948655605316,0.013560717645443409,0.013560717902824346
136,17.0,snow_t,Snow temperature,K,snow_fraction_gt_1e-3,65812,5.9602507382056394e-06,2.365459061313823e-06,4.9011045216289204e-06,1.5257741381446976e-05,35695,33.54999923706055,80.85000610351562,266.99473571672576,266.9947204589844,0.16825948157529924,0.16825948655605316,0.013560717645443409,0.013560717902824346
136,17.0,snow_rho,Snow density,kg m-3,all_columns,97709,3.1095235137916926e-06,2.4619966804030154e-06,2.2080880719735095e-06,1.4869062283651147e-05,19252,29.549999237060547,112.15000915527344,278.52873268953147,278.52874755859375,112.86388811025179,112.8638916015625,1.0,1.0
136,17.0,snow_rho,Snow density,kg m-3,snow_present,78715,3.4644346979207098e-06,2.6272786279931193e-06,2.7409017013842294e-06,1.4869062283651147e-05,19252,29.549999237060547,112.15000915527344,278.52873268953147,278.52874755859375,112.86388811025179,112.8638916015625,1.0,1.0
136,17.0,snow_rho,Snow density,kg m-3,snow_fraction_gt_1e-3,65812,3.4063078744369943e-06,2.615624973780903e-06,2.7140587950522015e-06,1.4869062283651147e-05,19252,29.549999237060547,112.15000915527344,278.52873268953147,278.52874755859375,112.86388811025179,112.8638916015625,1.0,1.0
136,17.0,snow_alb,Snow albedo,1,all_columns,97709,1.8910940862543484e-08,2.7043449998067815e-06,1.6936706042829467e-08,2.980198232638287e-08,48843,36.54999923706055,117.75,0.5769432485107008,0.5769432783126831,0.002276825727014411,0.0022768257185816765,0.0001515695643480885,0.00015156956255065599
136,17.0,snow_alb,Snow albedo,1,snow_present,78715,1.7514420360196822e-08,2.662741705417109e-06,1.5270486707381884e-08,2.980198232638287e-08,48843,36.54999923706055,117.75,0.5769432485107008,0.5769432783126831,0.002276825727014411,0.0022768257185816765,0.0001515695643480885,0.00015156956255065599
136,17.0,snow_alb,Snow albedo,1,snow_fraction_gt_1e-3,65812,1.727829900124172e-08,2.62358764683455e-06,1.5013572743801707e-08,2.9801758172354198e-08,85139,44.95000076293945,117.85000610351562,0.6574815809721073,0.6574815511703491,0.9508674295461034,0.9508674144744873,0.06305864777891301,0.0630586443889172
144,18.0,avg_skin_t,Surface temperature,K,all_columns,97709,7.344190409669867e-06,2.810198143626554e-06,6.079291865829853e-06,1.5258109726801194e-05,82724,44.25,93.85000610351562,257.79768371649965,257.7976989746094,0.02070600018825252,0.020705999806523323,0.0013793874701241086,0.0013793874484634412
144,18.0,soil_t_l1,"Soil temperature, layer 1",K,all_columns,97709,7.878239961740455e-06,2.9835487801767773e-06,6.6045351259669435e-06,7.355213273285699e-05,19515,29.650001525878906,99.1500015258789,267.0119754076015,267.01190185546875,7.649766363980442e-06,7.649742656212766e-06,7.649766363980441e-07,7.649742656212766e-07
144,18.0,soil_t_l2,"Soil temperature, layer 2",K,all_columns,97709,8.044995231147839e-06,3.0341533996743743e-06,6.778888418634077e-06,8.673951430182569e-05,19515,29.650001525878906,99.1500015258789,271.2150220422487,271.2149353027344,7.649766363980442e-06,7.649742656212766e-06,7.649766363980441e-07,7.649742656212766e-07
144,18.0,soil_t_l3,"Soil temperature, layer 3",K,all_columns,97709,8.01982147754825e-06,3.0293684800323115e-06,6.755544760035594e-06,2.1569712771452032e-05,14490,28.350000381469727,89.6500015258789,265.46338785411535,265.4634094238281,1.0848333492195881e-06,1.084833343156788e-06,1.0848333492195881e-07,1.084833343156788e-07
144,18.0,soil_t_l4,"Soil temperature, layer 4",K,all_columns,97709,7.6084591270398315e-06,2.894709899008424e-06,6.335604176466823e-06,1.5258628309311462e-05,15640,28.650001525878906,94.1500015258789,272.4009857176127,272.4009704589844,0.012296550491894345,0.012296550907194614,0.0010673419665322417,0.0010673420203474934
144,18.0,soil_w_l1,"Soil water, layer 1",kg m-2,all_columns,97709,5.52386393286086e-07,2.0639667582596024e-06,4.773862362926987e-07,1.3042685928610354e-05,19515,29.650001525878906,99.1500015258789,23.712127376792374,23.712114334106445,7.649766363980442e-06,7.649742656212766e-06,7.649766363980441e-07,7.649742656212766e-07
144,18.0,soil_w_l2,"Soil water, layer 2",kg m-2,all_columns,97709,2.1533702494837354e-06,2.810555558469395e-06,1.8475717149158923e-06,4.163943856383412e-05,19515,29.650001525878906,99.1500015258789,75.030857408413,75.03089904785156,7.649766363980442e-06,7.649742656212766e-06,7.649766363980441e-07,7.649742656212766e-07
144,18.0,soil_w_l3,"Soil water, layer 3",kg m-2,all_columns,97709,4.429953278065289e-06,2.344058092860931e-06,3.827009068513553e-06,2.5230437927348248e-05,19515,29.650001525878906,99.1500015258789,182.391886192352,182.39186096191406,7.649766363980442e-06,7.649742656212766e-06,7.649766363980441e-07,7.649742656212766e-07
144,18.0,soil_w_l4,"Soil water, layer 4",kg m-2,all_columns,97709,8.813012677113342e-06,2.928054826885518e-06,7.639289198754782e-06,1.5258494613590301e-05,10900,27.049999237060547,110.85000610351562,302.4688568118179,302.4688720703125,0.0,0.0,0.0,0.0
144,18.0,snow_w,Snow water equivalent,kg m-2,all_columns,97709,1.5256651143455503e-07,2.596135375089467e-06,2.9249741649436917e-08,7.57198688461358e-06,13028,27.850000381469727,115.65000915527344,166.44695276241657,166.4469451904297,166.44695276241657,166.4469451904297,1.0,1.0
144,18.0,snow_w,Snow water equivalent,kg m-2,snow_present,77980,1.7077916455175362e-07,2.596135375089465e-06,3.664994870770046e-08,7.57198688461358e-06,13028,27.850000381469727,115.65000915527344,166.44695276241657,166.4469451904297,166.44695276241657,166.4469451904297,1.0,1.0
144,18.0,snow_w,Snow water equivalent,kg m-2,snow_fraction_gt_1e-3,61324,1.9257995311055554e-07,2.596134448055614e-06,4.658454538955892e-08,7.57198688461358e-06,13028,27.850000381469727,115.65000915527344,166.44695276241657,166.4469451904297,166.44695276241657,166.4469451904297,1.0,1.0
144,18.0,snow_t,Snow temperature,K,all_columns,97709,5.487649477618268e-06,2.1236474924353938e-06,4.587466173844154e-06,2.7861866868761354e-05,24391,30.850000381469727,99.75,254.16310385200032,254.1631317138672,0.012326720935446912,0.012326680123806,0.0008000894391199272,0.0008000867874411912
144,18.0,snow_t,Snow temperature,K,snow_present,77980,5.860053956349763e-06,2.3022249387538337e-06,4.821582162275038e-06,2.7861866868761354e-05,24391,30.850000381469727,99.75,254.16310385200032,254.1631317138672,0.012326720935446912,0.012326680123806,0.0008000894391199272,0.0008000867874411912
144,18.0,snow_t,Snow temperature,K,snow_fraction_gt_1e-3,61324,6.007632622526971e-06,2.3754989230129367e-06,4.9190631969660105e-06,2.1663461950538476e-05,56696,38.35000228881836,77.1500015258789,261.9808743326318,261.98089599609375,0.14105398114732834,0.1410539746284485,0.011474237054213287,0.011474236046061964
144,18.0,snow_rho,Snow density,kg m-3,all_columns,97709,0.023696825325779144,0.017947353292733025,0.00018813687582605324,3.024000251038558,10441,26.850000381469727,112.05000305175781,103.02400025103856,100.0,0.0,0.0,0.0,0.0
144,18.0,snow_rho,Snow density,kg m-3,snow_present,77980,3.761521123993097e-06,2.7066258434931713e-06,3.060586446852771e-06,1.514192439344697e-05,19251,29.549999237060547,112.05000305175781,270.98866283659123,270.9886779785156,68.28353383375709,68.28353118896484,1.0,1.0
144,18.0,snow_rho,Snow density,kg m-3,snow_fraction_gt_1e-3,61324,3.7835159980721863e-06,2.723152280789171e-06,3.132312859654158e-06,1.514192439344697e-05,19251,29.549999237060547,112.05000305175781,270.98866283659123,270.9886779785156,68.28353383375709,68.28353118896484,1.0,1.0
144,18.0,snow_alb,Snow albedo,1,all_columns,97709,1.903261048497784e-08,2.7431981756831055e-06,1.707072628828642e-08,2.9801822565289626e-08,70070,41.150001525878906,99.25,0.5707159936433068,0.5707160234451294,0.07274469318733984,0.0727446898818016,0.0060170636652974625,0.006017063332748021
144,18.0,snow_alb,Snow albedo,1,snow_present,77980,1.761013068852549e-08,2.7161064085492184e-06,1.5359384007589986e-08,2.9801822565289626e-08,70070,41.150001525878906,99.25,0.5707159936433068,0.5707160234451294,0.07274469318733984,0.0727446898818016,0.0060170636652974625,0.006017063332748021
144,18.0,snow_alb,Snow albedo,1,snow_fraction_gt_1e-3,61324,1.7236647604003764e-08,2.6733734865280567e-06,1.4943630737197668e-08,2.9801822565289626e-08,70070,41.150001525878906,99.25,0.5707159936433068,0.5707160234451294,0.07274469318733984,0.0727446898818016,0.0060170636652974625,0.006017063332748021
152,19.0,avg_skin_t,Surface temperature,K,all_columns,97709,7.311745581500591e-06,2.798440674239395e-06,6.0470584078028116e-06,1.5258484268088068e-05,3486,23.650001525878906,109.45000457763672,284.87840270965614,284.8783874511719,0.0,0.0,0.0,0.0
152,19.0,soil_t_l1,"Soil temperature, layer 1",K,all_columns,97709,7.898384751833085e-06,2.9905273976775757e-06,6.538564637187325e-06,0.00031132129930711017,19515,29.650001525878906,99.1500015258789,267.13037723926806,267.13006591796875,6.710664825858148e-06,6.710641173413023e-06,6.710664825858149e-07,6.710641173413024e-07
152,19.0,soil_t_l2,"Soil temperature, layer 2",K,all_columns,97709,8.03758790702185e-06,3.0293922254915246e-06,6.736622142674828e-06,0.00019832305900990832,14490,28.350000381469727,89.6500015258789,265.75144962615974,265.75164794921875,6.103048490587198e-07,6.103048235672759e-07,6.103048490587198e-08,6.10304823567276e-08
152,19.0,soil_t_l3,"Soil temperature, layer 3",K,all_columns,97709,8.034512433607736e-06,3.0328890508635337e-06,6.77226462717771e-06,5.124754136431875e-05,14490,28.350000381469727,89.6500015258789,265.4386084204274,265.43865966796875,6.103048490587198e-07,6.103048235672759e-07,6.103048490587198e-08,6.10304823567276e-08
152,19.0,soil_t_l4,"Soil temperature, layer 4",K,all_columns,97709,7.628533054207179e-06,2.9017603982038254e-06,6.354135565845872e-06,1.5258770361015195e-05,27595,31.549999237060547,119.65000915527344,273.98365783693276,273.9836730957031,0.0,0.0,0.0,0.0
152,19.0,soil_w_l1,"Soil water, layer 1",kg m-2,all_columns,97709,5.512249008634183e-07,2.0709429916084277e-06,4.7582382242901057e-07,1.3662466841424248e-05,19515,29.650001525878906,99.1500015258789,23.353586507925826,23.353572845458984,6.710664825858148e-06,6.710641173413023e-06,6.710664825858149e-07,6.710641173413024e-07
152,19.0,soil_w_l2,"Soil water, layer 2",kg m-2,all_columns,97709,2.16269061978549e-06,2.830246766077375e-06,1.8418401527043135e-06,8.789505608319814e-05,19515,29.650001525878906,99.1500015258789,74.12352355513923,74.12361145019531,6.710664825858148e-06,6.710641173413023e-06,6.710664825858149e-07,6.710641173413024e-07
152,19.0,soil_w_l3,"Soil water, layer 3",kg m-2,all_columns,97709,4.435461948620447e-06,2.3464904130540472e-06,3.82885258722646e-06,7.534265782283e-05,19515,29.650001525878906,99.1500015258789,182.82946682215,182.8293914794922,6.710664825858148e-06,6.710641173413023e-06,6.710664825858149e-07,6.710641173413024e-07
152,19.0,soil_w_l4,"Soil water, layer 4",kg m-2,all_columns,97709,8.805435621551094e-06,2.9248107596799147e-06,7.626905067555474e-06,1.5258110522609059e-05,68747,40.85000228881836,114.05000305175781,299.9963531500926,299.9963684082031,0.03584710260744258,0.035847101360559464,0.002729118734018016,0.002729118748815807
152,19.0,snow_w,Snow water equivalent,kg m-2,all_columns,97709,1.418322367603318e-07,2.513741113505561e-06,2.6420131325810604e-08,6.0452360628460156e-06,25414,31.049999237060547,116.25,146.7860657321077,146.78607177734375,146.7860657321077,146.78607177734375,1.0,1.0
152,19.0,snow_w,Snow water equivalent,kg m-2,snow_present,77565,1.5918763764416256e-07,2.5137411135055606e-06,3.3281565207150295e-08,6.0452360628460156e-06,25414,31.049999237060547,116.25,146.7860657321077,146.78607177734375,146.7860657321077,146.78607177734375,1.0,1.0
152,19.0,snow_w,Snow water equivalent,kg m-2,snow_fraction_gt_1e-3,56796,1.8603002088051094e-07,2.51373945655986e-06,4.542600169289316e-08,6.0452360628460156e-06,25414,31.049999237060547,116.25,146.7860657321077,146.78607177734375,146.7860657321077,146.78607177734375,1.0,1.0
152,19.0,snow_t,Snow temperature,K,all_columns,97709,5.498096170666408e-06,2.129717924039777e-06,4.595503953238034e-06,6.873079860270082e-05,24391,30.850000381469727,99.75,251.37386315396702,251.37393188476562,0.005782094358056581,0.005782043561339378,0.0003752969320513655,0.00037529364751140865
152,19.0,snow_t,Snow temperature,K,snow_present,77565,5.8819027986224936e-06,2.314610583589902e-06,4.837910978157143e-06,6.873079860270082e-05,24391,30.850000381469727,99.75,251.37386315396702,251.37393188476562,0.005782094358056581,0.005782043561339378,0.0003752969320513655,0.00037529364751140865
152,19.0,snow_t,Snow temperature,K,snow_fraction_gt_1e-3,56796,5.8926284105952e-06,2.3403234902169558e-06,4.8305263504128776e-06,1.5257081884101353e-05,29619,32.04999923706055,106.75,267.2594146711444,267.2593994140625,0.030451372144361104,0.030451372265815735,0.002027794804463284,0.0020277947856629872
152,19.0,snow_rho,Snow density,kg m-3,all_columns,97709,0.009674189011164165,0.007087872807073996,3.367316664481295e-05,3.024000238987327,23736,30.650001525878906,118.05000305175781,103.02400023898733,100.0,0.0,1.6940658945086007e-21,0.0,1.6940658945086008e-22
152,19.0,snow_rho,Snow density,kg m-3,snow_present,77565,4.1259425509266195e-06,2.855996472406828e-06,3.431588999042111e-06,1.52107572262139e-05,20838,29.950000762939453,112.25,263.62837224041465,263.6283874511719,48.50914768385039,48.50914764404297,1.0,1.0
152,19.0,snow_rho,Snow density,kg m-3,snow_fraction_gt_1e-3,56796,4.20942101158236e-06,2.89047670552488e-06,3.580882062505725e-06,1.52107572262139e-05,20838,29.950000762939453,112.25,263.62837224041465,263.6283874511719,48.50914768385039,48.50914764404297,1.0,1.0
152,19.0,snow_alb,Snow albedo,1,all_columns,97709,1.9041532079502677e-08,2.76704644876294e-06,1.706587806999855e-08,2.9802276091395186e-08,75740,42.35000228881836,96.25,0.616979926824616,0.6169799566268921,0.00018539142580515925,0.00018539142911322415,1.2140434040028366e-05,1.2140434212934765e-05
152,19.0,snow_alb,Snow albedo,1,snow_present,77565,1.7581977472569238e-08,2.7495222244459525e-06,1.53064185953057e-08,2.9802276091395186e-08,75740,42.35000228881836,96.25,0.616979926824616,0.6169799566268921,0.00018539142580515925,0.00018539142911322415,1.2140434040028366e-05,1.2140434212934765e-05
152,19.0,snow_alb,Snow albedo,1,snow_fraction_gt_1e-3,56796,1.720513528143588e-08,2.7140644772704383e-06,1.4903579019711585e-08,2.9801002332519033e-08,57525,38.45000076293945,116.65000915527344,0.6289729177938612,0.6289728879928589,0.03033906559899883,0.030339065939188004,0.0020213147995786084,0.002021314755021439
160,20.0,avg_skin_t,Surface temperature,K,all_columns,97709,7.271245426254202e-06,2.786680045849497e-06,6.017936825371044e-06,1.5258452208399831e-05,66572,40.45000076293945,87.85000610351562,257.8930511471241,257.8930358886719,0.0007837908203902623,0.000783790834248066,5.178387762533678e-05,5.17838786399557e-05
160,20.0,soil_t_l1,"Soil temperature, layer 1",K,all_columns,97709,7.828067174348012e-06,2.9658103876640604e-06,6.490522781694667e-06,0.00026353129800327224,14490,28.350000381469727,89.6500015258789,261.8142201112801,261.8144836425781,3.390438231784372e-07,3.3904382235050434e-07,3.390438231784372e-08,3.390438223505043e-08
160,20.0,soil_t_l2,"Soil temperature, layer 2",K,all_columns,97709,8.008035987789883e-06,3.0184111578408334e-06,6.693545883295826e-06,0.00023048925811508525,14490,28.350000381469727,89.6500015258789,265.1394179482419,265.1396484375,3.390438231784372e-07,3.3904382235050434e-07,3.390438231784372e-08,3.390438223505043e-08
160,20.0,soil_t_l3,"Soil temperature, layer 3",K,all_columns,97709,8.047667784962433e-06,3.036272718943442e-06,6.784205915009527e-06,6.664148452273366e-05,14490,28.350000381469727,89.6500015258789,265.5168400967967,265.51690673828125,3.390438231784372e-07,3.3904382235050434e-07,3.390438231784372e-08,3.390438223505043e-08
160,20.0,soil_t_l4,"Soil temperature, layer 4",K,all_columns,97709,7.63310751755751e-06,2.9028885076095763e-06,6.361225769228507e-06,1.5258426174113993e-05,69118,40.95000076293945,101.95000457763672,258.3525848392301,258.35260009765625,0.009457154526556944,0.00945715419948101,0.0006196851172653758,0.0006196850939076905
160,20.0,soil_w_l1,"Soil water, layer 1",kg m-2,all_columns,97709,5.504577089066853e-07,2.075400669695399e-06,4.745690597841565e-07,1.4642737177439358e-05,19515,29.650001525878906,99.1500015258789,23.061835626623896,23.06182098388672,5.256071042772025e-06,5.256047643342754e-06,5.256071042772025e-07,5.256047643342754e-07
160,20.0,soil_w_l2,"Soil water, layer 2",kg m-2,all_columns,97709,2.1889718631282177e-06,2.8713718453054392e-06,1.8357087616812468e-06,0.00014521922595633896,19515,29.650001525878906,99.1500015258789,73.36531803760998,73.36546325683594,5.256071042772025e-06,5.256047643342754e-06,5.256071042772025e-07,5.256047643342754e-07
160,20.0,soil_w_l3,"Soil water, layer 3",kg m-2,all_columns,97709,4.437921284886287e-06,2.3474135143137853e-06,3.819007509101694e-06,0.00013486188055367165,19515,29.650001525878906,99.1500015258789,183.15882626813055,183.15869140625,5.256071042772025e-06,5.256047643342754e-06,5.256071042772025e-07,5.256047643342754e-07
160,20.0,soil_w_l4,"Soil water, layer 4",kg m-2,all_columns,97709,8.805099367071713e-06,2.9239726531096646e-06,7.628226125869524e-06,1.5258785936111963e-05,83311,44.45000076293945,83.25,299.9942779541047,299.9942932128906,3.651961046287498,3.651961088180542,0.2491427285888006,0.24914272418376285
160,20.0,snow_w,Snow water equivalent,kg m-2,all_columns,97709,1.4405994749429097e-07,2.6536901687974553e-06,2.4883367320745536e-08,6.926468273604769e-06,24985,30.950000762939453,116.35000610351562,140.3407370920864,140.3407440185547,140.3407370920864,140.3407440185547,1.0,1.0
160,20.0,snow_w,Snow water equivalent,kg m-2,snow_present,77376,1.6188529425131293e-07,2.6536901687974464e-06,3.142226177060537e-08,6.926468273604769e-06,24985,30.950000762939453,116.35000610351562,140.3407370920864,140.3407440185547,140.3407370920864,140.3407440185547,1.0,1.0
160,20.0,snow_w,Snow water equivalent,kg m-2,snow_fraction_gt_1e-3,52846,1.9588625630927062e-07,2.6536873796281623e-06,4.5973947255699525e-08,6.926468273604769e-06,24985,30.950000762939453,116.35000610351562,140.3407370920864,140.3407440185547,140.3407370920864,140.3407440185547,1.0,1.0
160,20.0,snow_t,Snow temperature,K,all_columns,97709,5.4417116834619795e-06,2.1116289577680905e-06,4.536162796303352e-06,0.00020757526434067586,24391,30.850000381469727,99.75,252.9913085380169,252.99151611328125,0.002549559349326855,0.002549493918195367,0.0001654834207984805,0.00016547918038566821
160,20.0,snow_t,Snow temperature,K,snow_present,77376,5.8197594999928915e-06,2.2959110957175924e-06,4.7658480827476225e-06,0.00020757526434067586,24391,30.850000381469727,99.75,252.9913085380169,252.99151611328125,0.002549559349326855,0.002549493918195367,0.0001654834207984805,0.00016547918038566821
160,20.0,snow_t,Snow temperature,K,snow_fraction_gt_1e-3,52846,5.945452408601705e-06,2.3714387553511235e-06,4.8712292733565295e-06,3.182275347057839e-05,14106,28.25,87.75,243.86906563623003,243.86903381347656,0.013165624585133751,0.013165629468858242,0.0011923051836825196,0.0011923056202867563
160,20.0,snow_rho,Snow density,kg m-3,all_columns,97709,3.69397357777856e-06,2.6639515937307403e-06,2.729593543018322e-06,1.4923959952284349e-05,18862,29.450000762939453,112.15000915527344,269.81553683385255,269.8155517578125,43.13923146463608,43.13923263549805,1.0,1.0
160,20.0,snow_rho,Snow density,kg m-3,snow_present,77376,4.151049684499975e-06,2.8209731245326737e-06,3.4468808867707973e-06,1.4923959952284349e-05,18862,29.450000762939453,112.15000915527344,269.81553683385255,269.8155517578125,43.13923146463608,43.13923263549805,1.0,1.0
160,20.0,snow_rho,Snow density,kg m-3,snow_fraction_gt_1e-3,52846,4.250932348173157e-06,2.859031531736612e-06,3.621581920695717e-06,1.4923959952284349e-05,18862,29.450000762939453,112.15000915527344,269.81553683385255,269.8155517578125,43.13923146463608,43.13923263549805,1.0,1.0
160,20.0,snow_alb,Snow albedo,1,all_columns,97709,1.907636390257841e-08,2.793127586051705e-06,1.7127795363046574e-08,2.9802206147344634e-08,53948,37.650001525878906,111.55000305175781,0.6131551563738614,0.6131551265716553,1.507697031707863,1.5076969861984253,0.10561118100847738,0.1056111727168262
160,20.0,snow_alb,Snow albedo,1,snow_present,77376,1.7611411701152996e-08,2.787499091038882e-06,1.5363462311171776e-08,2.9802206147344634e-08,53948,37.650001525878906,111.55000305175781,0.6131551563738614,0.6131551265716553,1.507697031707863,1.5076969861984253,0.10561118100847738,0.1056111727168262
160,20.0,snow_alb,Snow albedo,1,snow_fraction_gt_1e-3,52846,1.7172595486556157e-08,2.7442959564293867e-06,1.4882672710035661e-08,2.9802206147344634e-08,53948,37.650001525878906,111.55000305175781,0.6131551563738614,0.6131551265716553,1.507697031707863,1.5076969861984253,0.10561118100847738,0.1056111727168262
168,21.0,avg_skin_t,Surface temperature,K,all_columns,97709,7.0205782220938014e-06,2.705270373993919e-06,5.77084138716809e-06,1.5258553389685403e-05,49615,36.75,103.25,263.9372100832435,263.9372253417969,0.06627859854670826,0.0662785992026329,0.004400537504359444,0.004400537629429908
168,21.0,soil_t_l1,"Soil temperature, layer 1",K,all_columns,97709,9.831784898787556e-06,3.7359134992762005e-06,6.367965781036606e-06,0.0018974424513089616,15199,28.549999237060547,87.1500015258789,260.28232346784193,260.2804260253906,0.0,0.0,0.0,0.0
168,21.0,soil_t_l2,"Soil temperature, layer 2",K,all_columns,97709,9.46586649230288e-06,3.573721025861058e-06,6.629502896713101e-06,0.001590120171442777,15199,28.549999237060547,87.1500015258789,264.4405244463433,264.4389343261719,0.0,0.0,0.0,0.0
168,21.0,soil_t_l3,"Soil temperature, layer 3",K,all_columns,97709,8.063341789168488e-06,3.041590239047487e-06,6.780289891891008e-06,0.000150996456966368,15199,28.549999237060547,87.1500015258789,266.36685021520697,266.36669921875,0.0,0.0,0.0,0.0
168,21.0,soil_t_l4,"Soil temperature, layer 4",K,all_columns,97709,7.664065348149905e-06,2.9140414456984408e-06,6.39010697150707e-06,1.5258592384270742e-05,2644,23.25,104.45000457763672,282.06953430156113,282.06951904296875,0.0,0.0,0.0,0.0
168,21.0,soil_w_l1,"Soil water, layer 1",kg m-2,all_columns,97709,5.613399073932118e-07,2.1208710703901525e-06,4.7448109500135753e-07,3.4931974415286504e-05,14490,28.350000381469727,89.6500015258789,23.10019433133125,23.100229263305664,2.0181420393698155e-07,2.018141884718716e-07,2.0181420393698153e-08,2.018141884718716e-08
168,21.0,soil_w_l2,"Soil water, layer 2",kg m-2,all_columns,97709,2.2215428900009065e-06,2.9157349644508452e-06,1.8243124001879089e-06,0.00019564061409482747,19515,29.650001525878906,99.1500015258789,72.70695005030387,72.70714569091797,4.121060045189313e-06,4.121036454307614e-06,4.121060045189313e-07,4.121036454307614e-07
168,21.0,soil_w_l3,"Soil water, layer 3",kg m-2,all_columns,97709,4.4729280988396045e-06,2.3653035786038876e-06,3.838724657277547e-06,0.0001813565461645794,19515,29.650001525878906,99.1500015258789,183.37946907627273,183.37928771972656,4.121060045189313e-06,4.121036454307614e-06,4.121060045189313e-07,4.121036454307614e-07
168,21.0,soil_w_l4,"Soil water, layer 4",kg m-2,all_columns,97709,8.802869849113038e-06,2.9224877503704217e-06,7.619212789473992e-06,1.5258449195698631e-05,26464,31.35000228881836,92.25,299.9907379146992,299.99072265625,0.0,6.938893903907228e-18,0.0,6.938893903907229e-19
168,21.0,snow_w,Snow water equivalent,kg m-2,all_columns,97709,1.334987219433249e-07,2.513775250787821e-06,2.371569979492954e-08,6.97458688136976e-06,6359,24.950000762939453,112.95000457763672,132.21300572072562,132.2130126953125,132.21300572072562,132.2130126953125,1.0,1.0
168,21.0,snow_w,Snow water equivalent,kg m-2,snow_present,77097,1.5028846637434084e-07,2.5137752507878116e-06,3.0056127998348295e-08,6.97458688136976e-06,6359,24.950000762939453,112.95000457763672,132.21300572072562,132.2130126953125,132.21300572072562,132.2130126953125,1.0,1.0
168,21.0,snow_w,Snow water equivalent,kg m-2,snow_fraction_gt_1e-3,50852,1.8505015590735057e-07,2.5137702388254787e-06,4.553350357286606e-08,6.97458688136976e-06,6359,24.950000762939453,112.95000457763672,132.21300572072562,132.2130126953125,132.21300572072562,132.2130126953125,1.0,1.0
168,21.0,snow_t,Snow temperature,K,all_columns,97709,5.66088964373918e-06,2.211556476411438e-06,4.32021476984193e-06,0.0007292614435527867,24391,30.850000381469727,99.75,247.41580516238457,247.41653442382812,0.0011882288173251207,0.0011881469981744885,7.712394457875506e-05,7.711863623979139e-05
168,21.0,snow_t,Snow temperature,K,snow_present,77097,6.085036342497356e-06,2.4226459375679817e-06,4.4961602529866795e-06,0.0007292614435527867,24391,30.850000381469727,99.75,247.41580516238457,247.41653442382812,0.0011882288173251207,0.0011881469981744885,7.712394457875506e-05,7.711863623979139e-05
168,21.0,snow_t,Snow temperature,K,snow_fraction_gt_1e-3,50852,5.550447449472772e-06,2.2393692430920937e-06,4.56013099625263e-06,3.6924240049529544e-05,15614,28.650001525878906,91.55000305175781,241.127707212326,241.12767028808594,0.0422598642761572,0.04225984215736389,0.003343145630952612,0.003343143947194438
168,21.0,snow_rho,Snow density,kg m-3,all_columns,97709,0.009674189021223077,0.007043133841185887,3.3588074016019196e-05,3.024000250320526,7078,25.25,117.75,103.02400025032053,100.0,0.0,0.0,0.0,0.0
168,21.0,snow_rho,Snow density,kg m-3,snow_present,77097,4.060091607286137e-06,2.78603266065881e-06,3.3445772690337294e-06,1.6459912956179323e-05,14106,28.25,87.75,123.97200895258874,123.97199249267578,0.0037916758195382268,0.003791685914620757,0.0003058493487016329,0.0003058502036131079
168,21.0,snow_rho,Snow density,kg m-3,snow_fraction_gt_1e-3,50852,4.140058772766533e-06,2.817441694708003e-06,3.5064977282851062e-06,1.5118283101855923e-05,20042,29.75,112.45000457763672,278.235855243045,278.2358703613281,44.3158531685662,44.315853118896484,1.0,1.0
168,21.0,snow_alb,Snow albedo,1,all_columns,97709,1.9144903178152608e-08,2.8137391307877293e-06,1.7188427072396163e-08,2.9800980461125448e-08,56797,38.35000228881836,87.25,0.6906364262117454,0.6906364560127258,0.40359729946488165,0.40359729528427124,0.02658024299676663,0.02658024403211639
168,21.0,snow_alb,Snow albedo,1,snow_present,77097,1.7679212921355867e-08,2.818087686506734e-06,1.5409918794606922e-08,2.9800980461125448e-08,56797,38.35000228881836,87.25,0.6906364262117454,0.6906364560127258,0.40359729946488165,0.40359729528427124,0.02658024299676663,0.02658024403211639
168,21.0,snow_alb,Snow albedo,1,snow_fraction_gt_1e-3,50852,1.7198445302575014e-08,2.7867021475850924e-06,1.4881573492247457e-08,2.9800980461125448e-08,56797,38.35000228881836,87.25,0.6906364262117454,0.6906364560127258,0.40359729946488165,0.40359729528427124,0.02658024299676663,0.02658024403211639
176,22.0,avg_skin_t,Surface temperature,K,all_columns,97709,6.86716666915165e-06,2.6543524474664898e-06,5.6363426451883405e-06,1.5258269456808193e-05,21418,30.150001525878906,90.25,257.5177764887382,257.51776123046875,0.03388309233548853,0.03388309106230736,0.0030797302947154874,0.00307973012010108
176,22.0,soil_t_l1,"Soil temperature, layer 1",K,all_columns,97709,9.612688693158505e-06,3.660924202287117e-06,6.253896382502572e-06,0.001326674224344515,39675,34.45000076293945,103.35000610351562,269.3148964703069,269.31622314453125,0.0007004336871896124,0.0007003988139331341,4.5414064486715083e-05,4.5411801985696266e-05
176,22.0,soil_t_l2,"Soil temperature, layer 2",K,all_columns,97709,8.563513376904997e-06,3.238848131630824e-06,6.5548850476213065e-06,0.001026800948068285,15199,28.549999237060547,87.1500015258789,264.0239149845418,264.02288818359375,0.0,0.0,0.0,0.0
176,22.0,soil_t_l3,"Soil temperature, layer 3",K,all_columns,97709,8.102042743513107e-06,3.0568002198574084e-06,6.746542895841756e-06,0.00036849104924385756,15199,28.549999237060547,87.1500015258789,266.0585655125336,266.0581970214844,0.0,0.0,0.0,0.0
176,22.0,soil_t_l4,"Soil temperature, layer 4",K,all_columns,97709,7.64752819071749e-06,2.9071588151741335e-06,6.3747421925654105e-06,1.5258691519193235e-05,49695,36.75,111.25,262.19319152841786,262.1932067871094,0.45135535253627995,0.45135533809661865,0.029521812418456334,0.029521812327951744
176,22.0,soil_w_l1,"Soil water, layer 1",kg m-2,all_columns,97709,5.813133565648838e-07,2.2120873437957395e-06,4.7227178967658743e-07,5.153095900922722e-05,14490,28.350000381469727,89.6500015258789,22.95497128093064,22.95502281188965,1.4130711347174075e-07,1.413071117895015e-07,1.4130711347174074e-08,1.4130711178950151e-08
176,22.0,soil_w_l2,"Soil water, layer 2",kg m-2,all_columns,97709,2.2639383879261823e-06,2.9798225735296034e-06,1.817321014417702e-06,0.00022420851382776164,19515,29.650001525878906,99.1500015258789,72.23395242722836,72.23417663574219,1.9035314525617798e-06,1.9035079503737506e-06,1.9035314525617798e-07,1.9035079503737507e-07
176,22.0,soil_w_l3,"Soil water, layer 3",kg m-2,all_columns,97709,4.4770702211469375e-06,2.3670914325186527e-06,3.828422603017918e-06,0.0002106799991850039,19515,29.650001525878906,99.1500015258789,183.45826426886637,183.4580535888672,1.9035314525617798e-06,1.9035079503737506e-06,1.9035314525617798e-07,1.9035079503737507e-07
176,22.0,soil_w_l4,"Soil water, layer 4",kg m-2,all_columns,97709,8.81292751730214e-06,2.925086634776316e-06,7.634622255667605e-06,1.5258579878718592e-05,25179,31.049999237060547,92.75,299.9668731691545,299.9668884277344,0.002193010155193386,0.0021930101793259382,0.00015803105949246558,0.00015803106510407647
176,22.0,snow_w,Snow water equivalent,kg m-2,all_columns,97709,1.323107527499423e-07,2.5816556621891697e-06,2.3486240914397954e-08,5.772516090019053e-06,12191,27.549999237060547,115.95000457763672,131.4030361680239,131.4030303955078,131.4030361680239,131.4030303955078,1.0,1.0
176,22.0,snow_w,Snow water equivalent,kg m-2,snow_present,77156,1.4889412857563676e-07,2.581655662189147e-06,2.974256181304488e-08,5.772516090019053e-06,12191,27.549999237060547,115.95000457763672,131.4030361680239,131.4030303955078,131.4030361680239,131.4030303955078,1.0,1.0
176,22.0,snow_w,Snow water equivalent,kg m-2,snow_fraction_gt_1e-3,51399,1.8242462537412957e-07,2.581646285003754e-06,4.461347903397619e-08,5.772516090019053e-06,12191,27.549999237060547,115.95000457763672,131.4030361680239,131.4030303955078,131.4030361680239,131.4030303955078,1.0,1.0
176,22.0,snow_t,Snow temperature,K,all_columns,97709,1.701583507036547e-05,6.669117426041102e-06,4.423285163751795e-06,0.004588422436228257,24391,30.850000381469727,99.75,248.57199543986846,248.5765838623047,0.00047779239083344275,0.0004776905698236078,3.101189284483915e-05,3.100528335339543e-05
176,22.0,snow_t,Snow temperature,K,snow_present,77156,1.9055030145447007e-05,7.618180821130959e-06,4.626048999361065e-06,0.004588422436228257,24391,30.850000381469727,99.75,248.57199543986846,248.5765838623047,0.00047779239083344275,0.0004776905698236078,3.101189284483915e-05,3.100528335339543e-05
176,22.0,snow_t,Snow temperature,K,snow_fraction_gt_1e-3,51399,5.433581419491692e-06,2.2071424905158064e-06,4.4908592601271715e-06,1.713264063596398e-05,12247,27.650001525878906,91.85000610351562,243.25691035759374,243.25692749023438,0.020340755794918237,0.020340759307146072,0.001825750237853771,0.001825750489705422
176,22.0,snow_rho,Snow density,kg m-3,all_columns,97709,3.538965438617606e-06,2.610463126001959e-06,2.558949978372889e-06,5.7106801776285465e-05,19526,29.650001525878906,100.25,100.68538295667479,100.68544006347656,1.0337460774699279e-05,1.0338412721466739e-05,1.026709187682935e-06,1.0268031519700312e-06
176,22.0,snow_rho,Snow density,kg m-3,snow_present,77156,3.982527225418563e-06,2.7740321725123595e-06,3.2406092000212117e-06,5.7106801776285465e-05,19526,29.650001525878906,100.25,100.68538295667479,100.68544006347656,1.0337460774699279e-05,1.0338412721466739e-05,1.026709187682935e-06,1.0268031519700312e-06
176,22.0,snow_rho,Snow density,kg m-3,snow_fraction_gt_1e-3,51399,4.050501195371037e-06,2.8079251909222956e-06,3.3997985147698068e-06,1.4955995538912248e-05,19253,29.549999237060547,112.25,280.84004241705134,280.8400573730469,33.08223652695685,33.082237243652344,1.0,1.0
176,22.0,snow_alb,Snow albedo,1,all_columns,97709,1.9134195014857216e-08,2.8188826350188118e-06,1.7169116652412096e-08,2.980132496332999e-08,93621,48.54999923706055,129.45001220703125,0.7345850169668635,0.7345850467681885,8.179364305734728,8.179364204406738,0.572852216802998,0.5728522348429634
176,22.0,snow_alb,Snow albedo,1,snow_present,77156,1.7669855491544766e-08,2.8257275084233053e-06,1.5391615854978536e-08,2.980132496332999e-08,93621,48.54999923706055,129.45001220703125,0.7345850169668635,0.7345850467681885,8.179364305734728,8.179364204406738,0.572852216802998,0.5728522348429634
176,22.0,snow_alb,Snow albedo,1,snow_fraction_gt_1e-3,51399,1.7198900809084136e-08,2.8070293888886005e-06,1.4886448984111823e-08,2.980132496332999e-08,93621,48.54999923706055,129.45001220703125,0.7345850169668635,0.7345850467681885,8.179364305734728,8.179364204406738,0.572852216802998,0.5728522348429634
184,23.0,avg_skin_t,Surface temperature,K,all_columns,97709,7.147294303482645e-06,2.7557058536578385e-06,5.893083378554869e-06,1.5258414464369707e-05,22515,30.350000381469727,119.05000305175781,274.84934997596054,274.849365234375,0.0,0.0,0.0,0.0
184,23.0,soil_t_l1,"Soil temperature, layer 1",K,all_columns,97709,0.0002797495597871034,0.00010647889496530306,7.225462927659832e-06,0.08737683351972692,15199,28.549999237060547,87.1500015258789,268.296910524926,268.20953369140625,0.0,0.0,0.0,0.0
184,23.0,soil_t_l2,"Soil temperature, layer 2",K,all_columns,97709,8.77406873445021e-05,3.3197605543723096e-05,6.852844909689827e-06,0.027023767777961893,15199,28.549999237060547,87.1500015258789,269.08851668769984,269.0614929199219,0.0,0.0,0.0,0.0
184,23.0,soil_t_l3,"Soil temperature, layer 3",K,all_columns,97709,9.244013023688664e-06,3.4890463323239637e-06,6.755350415551586e-06,0.001425585663014317,15199,28.549999237060547,87.1500015258789,266.305868945038,266.304443359375,0.0,0.0,0.0,0.0
184,23.0,soil_t_l4,"Soil temperature, layer 4",K,all_columns,97709,7.697788022847763e-06,2.9257149382164753e-06,6.433183684870732e-06,2.4444766552278452e-05,14490,28.350000381469727,89.6500015258789,258.7080444028897,258.70806884765625,1.831675121721325e-08,1.8316743677360137e-08,1.831675121721325e-09,1.8316743677360137e-09
184,23.0,soil_w_l1,"Soil water, layer 1",kg m-2,all_columns,97709,5.1717117782234356e-06,1.9757442904990363e-05,4.884217769414399e-07,0.0016060993628066456,15199,28.549999237060547,87.1500015258789,23.515230290646986,23.51362419128418,0.0,0.0,0.0,0.0
184,23.0,soil_w_l2,"Soil water, layer 2",kg m-2,all_columns,97709,5.696428173416234e-06,7.518331610695197e-06,1.833669542614495e-06,0.001608501236987081,15199,28.549999237060547,87.1500015258789,75.88076912327473,75.88237762451172,0.0,0.0,0.0,0.0
184,23.0,soil_w_l3,"Soil water, layer 3",kg m-2,all_columns,97709,4.535534393935526e-06,2.397833365200086e-06,3.828957317969005e-06,0.00024011238531329582,19515,29.650001525878906,99.1500015258789,183.52907922371344,183.52883911132812,0.01275512502006075,0.012755125761032104,0.0011503278585612289,0.0011503301796565398
184,23.0,soil_w_l4,"Soil water, layer 4",kg m-2,all_columns,97709,8.813788151665189e-06,2.9246280927080088e-06,7.634891672825096e-06,1.5258750920565944e-05,69953,41.150001525878906,87.55000305175781,299.99748229976655,299.9974670410156,0.08377665133300119,0.08377665281295776,0.005485389871360352,0.005485390076928926
184,23.0,snow_w,Snow water equivalent,kg m-2,all_columns,97709,1.3608972568897917e-07,2.517522189273956e-06,2.650286750205764e-08,6.897586018794755e-06,24985,30.950000762939453,116.35000610351562,136.14894793762508,136.14894104003906,136.14894793762508,136.14894104003906,1.0,1.0
184,23.0,snow_w,Snow water equivalent,kg m-2,snow_present,78121,1.52197923074591e-07,2.5175221892739537e-06,3.314817623957087e-08,6.897586018794755e-06,24985,30.950000762939453,116.35000610351562,136.14894793762508,136.14894104003906,136.14894793762508,136.14894104003906,1.0,1.0
184,23.0,snow_w,Snow water equivalent,kg m-2,snow_fraction_gt_1e-3,54249,1.8263917682765583e-07,2.517506138303891e-06,4.770313373827807e-08,6.897586018794755e-06,24985,30.950000762939453,116.35000610351562,136.14894793762508,136.14894104003906,136.14894793762508,136.14894104003906,1.0,1.0
184,23.0,snow_t,Snow temperature,K,all_columns,97709,1.2183330366600624e-05,4.745315734199024e-06,4.6288279300186355e-06,0.0022891219010148234,39675,34.45000076293945,103.35000610351562,255.53555267497399,255.537841796875,0.18028846303612264,0.1802884191274643,0.017365918916149286,0.017365878769120865
184,23.0,snow_t,Snow temperature,K,snow_present,78121,1.3501443479951464e-05,5.3479324642682055e-06,4.871222209989739e-06,0.0022891219010148234,39675,34.45000076293945,103.35000610351562,255.53555267497399,255.537841796875,0.18028846303612264,0.1802884191274643,0.017365918916149286,0.017365878769120865
184,23.0,snow_t,Snow temperature,K,snow_fraction_gt_1e-3,54249,1.1864907828764918e-05,4.7627958940252205e-06,4.800301517138862e-06,0.0022891219010148234,39675,34.45000076293945,103.35000610351562,255.53555267497399,255.537841796875,0.18028846303612264,0.1802884191274643,0.017365918916149286,0.017365878769120865
184,23.0,snow_rho,Snow density,kg m-3,all_columns,97709,0.00967418897821263,0.007266526824591911,3.340753909295556e-05,3.0240002398794985,8681,26.049999237060547,107.55000305175781,103.0240002398795,100.0,0.0,0.0,0.0,0.0
184,23.0,snow_rho,Snow density,kg m-3,snow_present,78121,4.004466674358055e-06,2.8558632141536715e-06,3.0749350028045777e-06,0.00021729342142862151,19515,29.650001525878906,99.1500015258789,110.88251862398783,110.8823013305664,0.01275512502006075,0.012755125761032104,0.0011503278585612289,0.0011503301796565398
184,23.0,snow_rho,Snow density,kg m-3,snow_fraction_gt_1e-3,54249,4.123436942582906e-06,2.9311648207879357e-06,3.19437363530219e-06,0.00021729342142862151,19515,29.650001525878906,99.1500015258789,110.88251862398783,110.8823013305664,0.01275512502006075,0.012755125761032104,0.0011503278585612289,0.0011503301796565398
184,23.0,snow_alb,Snow albedo,1,all_columns,97709,1.908025492101582e-08,2.8059067659916244e-06,1.7056737547705834e-08,2.9801990208966345e-08,36122,33.650001525878906,81.55000305175781,0.5049436986449702,0.5049437284469604,0.06490974039857444,0.06490974128246307,0.005474669947848539,0.0054746700078369985
184,23.0,snow_alb,Snow albedo,1,snow_present,78121,1.7686655774710807e-08,2.8063865142799905e-06,1.5355734310397718e-08,2.9801990208966345e-08,36122,33.650001525878906,81.55000305175781,0.5049436986449702,0.5049437284469604,0.06490974039857444,0.06490974128246307,0.005474669947848539,0.0054746700078369985
184,23.0,snow_alb,Snow albedo,1,snow_fraction_gt_1e-3,54249,1.728879421506272e-08,2.7820958338546694e-06,1.497921395297461e-08,2.9801990208966345e-08,36122,33.650001525878906,81.55000305175781,0.5049436986449702,0.5049437284469604,0.06490974039857444,0.06490974128246307,0.005474669947848539,0.0054746700078369985
192,24.0,avg_skin_t,Surface temperature,K,all_columns,97709,7.1049325668657525e-06,2.7468423140282787e-06,5.859943470400269e-06,1.5258542362062144e-05,8629,26.049999237060547,102.35000610351562,268.9262237551295,268.9262390136719,5.2742752548149624e-06,5.274275281408336e-06,5.274275254814963e-07,5.274275281408336e-07
192,24.0,soil_t_l1,"Soil temperature, layer 1",K,all_columns,97709,0.00013255199644196115,5.054673471374895e-05,6.800619468455663e-06,0.04105865350749127,15199,28.549999237060547,87.1500015258789,260.256756895695,260.2156982421875,0.0,0.0,0.0,0.0
192,24.0,soil_t_l2,"Soil temperature, layer 2",K,all_columns,97709,0.0001163236014017373,4.407997399322114e-05,6.904483844576088e-06,0.036127021235529355,15199,28.549999237060547,87.1500015258789,264.8505496286574,264.8144226074219,0.0,0.0,0.0,0.0
192,24.0,soil_t_l3,"Soil temperature, layer 3",K,all_columns,97709,2.520639497103861e-05,9.518493701820493e-06,6.766381739389929e-06,0.007447345592311194,15199,28.549999237060547,87.1500015258789,266.37381087098294,266.3663635253906,0.0,0.0,0.0,0.0
192,24.0,soil_t_l4,"Soil temperature, layer 4",K,all_columns,97709,7.713723661317369e-06,2.931271873967184e-06,6.426103355225848e-06,0.00015837834746434964,15199,28.549999237060547,87.1500015258789,260.60452849553496,260.6043701171875,0.0,0.0,0.0,0.0
192,24.0,soil_w_l1,"Soil water, layer 1",kg m-2,all_columns,97709,1.589011374399235e-05,6.072027823656112e-05,5.287378603718833e-07,0.0049256115393347955,15199,28.549999237060547,87.1500015258789,23.580284956021757,23.575359344482422,0.0,0.0,0.0,0.0
192,24.0,soil_w_l2,"Soil water, layer 2",kg m-2,all_columns,97709,1.7082368198173634e-05,2.258710692282161e-05,1.8829659249224878e-06,0.004925621847036155,15199,28.549999237060547,87.1500015258789,75.78240500559437,75.7873306274414,0.0,0.0,0.0,0.0
192,24.0,soil_w_l3,"Soil water, layer 3",kg m-2,all_columns,97709,6.1844989058486774e-06,3.2695940129764082e-06,3.845945148891257e-06,0.0012871630084703156,19515,29.650001525878906,99.1500015258789,183.8354241258991,183.83413696289062,0.006510571114323166,0.006510759238153696,0.0004989748887480551,0.000498996096962362
192,24.0,soil_w_l4,"Soil water, layer 4",kg m-2,all_columns,97709,8.79100759549142e-06,2.916318325981518e-06,7.605606350846663e-06,1.525874961316731e-05,58226,38.650001525878906,99.05000305175781,299.9699859618746,299.969970703125,0.0,0.0,0.0,0.0
192,24.0,snow_w,Snow water equivalent,kg m-2,all_columns,97709,1.554594048992583e-07,2.548402674087493e-06,3.4114681567832087e-08,6.980518037380534e-06,24985,30.950000762939453,116.35000610351562,152.7841561504399,152.78414916992188,152.7841561504399,152.78414916992188,1.0,1.0
192,24.0,snow_w,Snow water equivalent,kg m-2,snow_present,79882,1.7193322929472931e-07,2.54840267408747e-06,4.1727941361931566e-08,6.980518037380534e-06,24985,30.950000762939453,116.35000610351562,152.7841561504399,152.78414916992188,152.7841561504399,152.78414916992188,1.0,1.0
192,24.0,snow_w,Snow water equivalent,kg m-2,snow_fraction_gt_1e-3,58849,2.003088732533025e-07,2.5483174780405232e-06,5.6603344176158274e-08,6.980518037380534e-06,24985,30.950000762939453,116.35000610351562,152.7841561504399,152.78414916992188,152.7841561504399,152.78414916992188,1.0,1.0
192,24.0,snow_t,Snow temperature,K,all_columns,97709,6.825001292513837e-05,2.6684155235873273e-05,5.052528472967965e-06,0.02063094111360897,24391,30.850000381469727,99.75,262.01800431279264,262.03863525390625,7.78648585050539e-05,7.76838933234103e-05,5.053944535306129e-06,5.042198442981118e-06
192,24.0,snow_t,Snow temperature,K,snow_present,79882,7.546254740238228e-05,2.9978172027265276e-05,5.362823679714764e-06,0.02063094111360897,24391,30.850000381469727,99.75,262.01800431279264,262.03863525390625,7.78648585050539e-05,7.76838933234103e-05,5.053944535306129e-06,5.042198442981118e-06
192,24.0,snow_t,Snow temperature,K,snow_fraction_gt_1e-3,58849,6.897992284974504e-06,2.7622234982144974e-06,5.0746865096135085e-06,0.000498113483644147,39675,34.45000076293945,103.35000610351562,253.42264336600854,253.4231414794922,0.1338047960669293,0.13380111753940582,0.011386541074814429,0.01138622313098963
192,24.0,snow_rho,Snow density,kg m-3,all_columns,97709,6.695728330841618e-06,5.017844108958573e-06,2.573961290882439e-06,0.0017755386795101913,19515,29.650001525878906,99.1500015258789,130.47893313145295,130.47715759277344,0.006510571114323166,0.006510759238153696,0.0004989748887480551,0.000498996096962362
192,24.0,snow_rho,Snow density,kg m-3,snow_present,79882,7.405265671432595e-06,5.2965351430139914e-06,3.1483836630383845e-06,0.0017755386795101913,19515,29.650001525878906,99.1500015258789,130.47893313145295,130.47715759277344,0.006510571114323166,0.006510759238153696,0.0004989748887480551,0.000498996096962362
192,24.0,snow_rho,Snow density,kg m-3,snow_fraction_gt_1e-3,58849,3.873113390629588e-06,2.7771079761005417e-06,3.16187999083633e-06,5.065217355593177e-05,39675,34.45000076293945,103.35000610351562,117.5113629220452,117.51141357421875,0.1338047960669293,0.13380111753940582,0.011386541074814429,0.01138622313098963
192,24.0,snow_alb,Snow albedo,1,all_columns,97709,1.870766656300323e-08,2.753671410999121e-06,1.653294581417964e-08,2.9802286860558524e-08,60592,39.150001525878906,111.15000915527344,0.6004446446895955,0.6004446744918823,1.0852531766683138,1.085253119468689,0.07171105199650973,0.07171104996734226
192,24.0,snow_alb,Snow albedo,1,snow_present,79882,1.7355816812646898e-08,2.732912211078122e-06,1.4901840229306776e-08,2.9802286860558524e-08,60592,39.150001525878906,111.15000915527344,0.6004446446895955,0.6004446744918823,1.0852531766683138,1.085253119468689,0.07171105199650973,0.07171104996734226
192,24.0,snow_alb,Snow albedo,1,snow_fraction_gt_1e-3,58849,1.7179746223254956e-08,2.710544369958655e-06,1.4810383789407515e-08,2.9802286860558524e-08,60592,39.150001525878906,111.15000915527344,0.6004446446895955,0.6004446744918823,1.0852531766683138,1.085253119468689,0.07171105199650973,0.07171104996734226
200,25.0,avg_skin_t,Surface temperature,K,all_columns,97709,7.1193695468930745e-06,2.7585349732550857e-06,5.866029313121851e-06,1.5258613018431788e-05,35909,33.54999923706055,102.25,263.79899597150364,263.7989807128906,0.5188045330388634,0.5188045501708984,0.04323639285049083,0.04323639543672856
200,25.0,soil_t_l1,"Soil temperature, layer 1",K,all_columns,97709,0.0004634815117414644,0.0001770966268389318,7.83053161312483e-06,0.1448131068918883,15199,28.549999237060547,87.1500015258789,261.54328112447,261.3984680175781,0.0,0.0,0.0,0.0
200,25.0,soil_t_l2,"Soil temperature, layer 2",K,all_columns,97709,0.0003560234298151642,0.0001351423478046723,7.64274332091728e-06,0.11121390365002526,15199,28.549999237060547,87.1500015258789,265.7577593138063,265.64654541015625,0.0,0.0,0.0,0.0
200,25.0,soil_t_l3,"Soil temperature, layer 3",K,all_columns,97709,5.918104770593631e-05,2.2363192052260463e-05,6.8534364864588825e-06,0.018309748605020104,15199,28.549999237060547,87.1500015258789,266.2387382154019,266.2204284667969,0.0,0.0,0.0,0.0
200,25.0,soil_t_l4,"Soil temperature, layer 4",K,all_columns,97709,7.837087746190901e-06,2.9777061684827027e-06,6.44331947862208e-06,0.00044635096423917275,15199,28.549999237060547,87.1500015258789,260.75752642908924,260.757080078125,0.0,0.0,0.0,0.0
200,25.0,soil_w_l1,"Soil water, layer 1",kg m-2,all_columns,97709,2.5264939571753297e-05,9.66963479696381e-05,5.567408942797282e-07,0.007890347709743395,15199,28.549999237060547,87.1500015258789,23.66541254924783,23.657522201538086,0.0,0.0,0.0,0.0
200,25.0,soil_w_l2,"Soil water, layer 2",kg m-2,all_columns,97709,2.65225321583326e-05,3.5113546155723403e-05,1.918526098370885e-06,0.007893071154626341,15199,28.549999237060547,87.1500015258789,75.69350005628678,75.7013931274414,0.0,0.0,0.0,0.0
200,25.0,soil_w_l3,"Soil water, layer 3",kg m-2,all_columns,97709,8.315640742013815e-06,4.396467677776418e-06,3.850744013276388e-06,0.0021244117536411977,19515,29.650001525878906,99.1500015258789,184.14314614026927,184.14102172851562,0.0006369695409956771,0.0006373967626132071,4.2100009334067516e-05,4.2128984468874565e-05
200,25.0,soil_w_l4,"Soil water, layer 4",kg m-2,all_columns,97709,8.81796580788816e-06,2.924521647983012e-06,7.629693107188311e-06,1.5258781331795035e-05,13982,28.150001525878906,111.75,305.0991058349532,305.0990905761719,15.710012424030207,15.710012435913086,1.0,1.0
200,25.0,snow_w,Snow water equivalent,kg m-2,all_columns,97709,1.8112705741798733e-07,2.5346668099123416e-06,4.3574488531015735e-08,7.298295344071448e-06,25840,31.150001525878906,115.95000457763672,156.40424380033747,156.4042510986328,156.40424380033747,156.4042510986328,1.0,1.0
200,25.0,snow_w,Snow water equivalent,kg m-2,snow_present,81348,1.9850761702875805e-07,2.5346668099123238e-06,5.233834502488801e-08,7.298295344071448e-06,25840,31.150001525878906,115.95000457763672,156.40424380033747,156.4042510986328,156.40424380033747,156.4042510986328,1.0,1.0
200,25.0,snow_w,Snow water equivalent,kg m-2,snow_fraction_gt_1e-3,61271,2.2871706538433196e-07,2.5345236213920976e-06,6.944303276826806e-08,7.298295344071448e-06,25840,31.150001525878906,115.95000457763672,156.40424380033747,156.4042510986328,156.40424380033747,156.4042510986328,1.0,1.0
200,25.0,snow_t,Snow temperature,K,all_columns,97709,0.0001770858653318152,6.937988117943769e-05,5.534393010560995e-06,0.054582082456875014,24391,30.850000381469727,99.75,255.4609666235978,255.5155487060547,2.729946098060598e-05,2.704722464841325e-05,1.7719156281317537e-06,1.7555437578473167e-06
200,25.0,snow_t,Snow temperature,K,snow_present,81348,0.000194071691861423,7.717095167941039e-05,5.910953380460932e-06,0.054582082456875014,24391,30.850000381469727,99.75,255.4609666235978,255.5155487060547,2.729946098060598e-05,2.704722464841325e-05,1.7719156281317537e-06,1.7555437578473167e-06
200,25.0,snow_t,Snow temperature,K,snow_fraction_gt_1e-3,61271,1.0609225855473141e-05,4.23409068532785e-06,5.173313057032447e-06,0.0013840388139669813,12792,27.850000381469727,87.55000305175781,252.64882348071728,252.65020751953125,0.5765687480308586,0.5765649080276489,0.03827465867548783,0.0382743994149508
200,25.0,snow_rho,Snow density,kg m-3,all_columns,97709,1.1775156179920108e-05,8.674758143005786e-06,2.7872981041495524e-06,0.0026513086894794924,19515,29.650001525878906,99.1500015258789,151.29914483896292,151.29649353027344,0.0006369695409956771,0.0006373967626132071,4.2100009334067516e-05,4.2128984468874565e-05
200,25.0,snow_rho,Snow density,kg m-3,snow_present,81348,1.2905074629591382e-05,9.098005337056431e-06,3.34788944360462e-06,0.0026513086894794924,19515,29.650001525878906,99.1500015258789,151.29914483896292,151.29649353027344,0.0006369695409956771,0.0006373967626132071,4.2100009334067516e-05,4.2128984468874565e-05
200,25.0,snow_rho,Snow density,kg m-3,snow_fraction_gt_1e-3,61271,4.2256170554205345e-06,2.989972845767316e-06,3.2993150128801174e-06,0.000224300899589025,16316,28.850000381469727,86.95000457763672,126.77574615808479,126.77597045898438,0.036034991542196255,0.036034371703863144,0.0028424199923273905,0.0028423660709046817
200,25.0,snow_alb,Snow albedo,1,all_columns,97709,1.839066159827988e-08,2.714849840319427e-06,1.6045607637265923e-08,2.980215363379557e-08,67256,40.54999923706055,108.95000457763672,0.5217632353307504,0.521763265132904,0.02802941421825918,0.028029413893818855,0.0018425140411337528,0.0018425140645270746
200,25.0,snow_alb,Snow albedo,1,snow_present,81348,1.7085497289152484e-08,2.6818650786316908e-06,1.4477597961821588e-08,2.980215363379557e-08,67256,40.54999923706055,108.95000457763672,0.5217632353307504,0.521763265132904,0.02802941421825918,0.028029413893818855,0.0018425140411337528,0.0018425140645270746
200,25.0,snow_alb,Snow albedo,1,snow_fraction_gt_1e-3,61271,1.704114068607162e-08,2.6538950952362453e-06,1.4565084780008734e-08,2.980215363379557e-08,67256,40.54999923706055,108.95000457763672,0.5217632353307504,0.521763265132904,0.02802941421825918,0.028029413893818855,0.0018425140411337528,0.0018425140645270746
208,26.0,avg_skin_t,Surface temperature,K,all_columns,97709,7.141815155982882e-06,2.7647974039245667e-06,5.883497604677445e-06,1.5258787357197434e-05,52285,37.35000228881836,84.6500015258789,258.04566955566577,258.0456848144531,0.00013302648482409925,0.00013302647857926786,8.848982711154326e-06,8.848982040076604e-06
208,26.0,soil_t_l1,"Soil temperature, layer 1",K,all_columns,97709,0.0013013616225511144,0.0004972882018017069,1.0582001028479425e-05,0.4067322107574114,15199,28.549999237060547,87.1500015258789,260.56350100958554,260.1567687988281,0.0,0.0,0.0,0.0
208,26.0,soil_t_l2,"Soil temperature, layer 2",K,all_columns,97709,0.0011233486969161185,0.0004268201944429073,1.0122641928339788e-05,0.35110401964311677,15199,28.549999237060547,87.1500015258789,264.94702076769,264.5959167480469,0.0,0.0,0.0,0.0
208,26.0,soil_t_l3,"Soil temperature, layer 3",K,all_columns,97709,0.00019849029408097813,7.505492777601471e-05,7.275564095876292e-06,0.06198524872752387,15199,28.549999237060547,87.1500015258789,266.179050678415,266.1170654296875,0.0,0.0,0.0,0.0
208,26.0,soil_t_l4,"Soil temperature, layer 4",K,all_columns,97709,8.945463499926208e-06,3.3983978194120495e-06,6.452829177288028e-06,0.001419922569937171,15199,28.549999237060547,87.1500015258789,260.9055642096793,260.9041442871094,0.0,0.0,0.0,0.0
208,26.0,soil_w_l1,"Soil water, layer 1",kg m-2,all_columns,97709,3.784929557597397e-05,0.0001452294716086675,6.043028807002225e-07,0.011820118726451057,15199,28.549999237060547,87.1500015258789,23.56131772309657,23.549497604370117,0.0,0.0,0.0,0.0
208,26.0,soil_w_l2,"Soil water, layer 2",kg m-2,all_columns,97709,3.897887016120872e-05,5.168570762311541e-05,1.9658310676324113e-06,0.011817629365069138,15199,28.549999237060547,87.1500015258789,75.5367587256154,75.54857635498047,0.0,0.0,0.0,0.0
208,26.0,soil_w_l3,"Soil water, layer 3",kg m-2,all_columns,97709,9.83317370370308e-06,5.1990946155299686e-06,3.869321082001876e-06,0.002651778744279909,19515,29.650001525878906,99.1500015258789,184.39881571917397,184.3961639404297,0.0002595881286602388,0.000260188797255978,1.7157273732740744e-05,1.7197277011773818e-05
208,26.0,soil_w_l4,"Soil water, layer 4",kg m-2,all_columns,97709,8.819529250364445e-06,2.9243252102498305e-06,7.647390483792605e-06,1.5258663154327223e-05,78653,43.04999923706055,122.75,299.9828643797569,299.98284912109375,0.18654418465480252,0.18654417991638184,0.012378082921313404,0.012378082634156753
208,26.0,snow_w,Snow water equivalent,kg m-2,all_columns,97709,2.0702904463974873e-07,2.7515028774928385e-06,4.746693486823009e-08,2.3363647261465115e-05,12792,27.850000381469727,87.55000305175781,0.3325699256036671,0.33254656195640564,0.3325699256036671,0.33254656195640564,0.02207253283786311,0.02207098079607563
208,26.0,snow_w,Snow water equivalent,kg m-2,snow_present,83607,2.2380884301873216e-07,2.7515028774928237e-06,5.547318682903116e-08,2.3363647261465115e-05,12792,27.850000381469727,87.55000305175781,0.3325699256036671,0.33254656195640564,0.3325699256036671,0.33254656195640564,0.02207253283786311,0.02207098079607563
208,26.0,snow_w,Snow water equivalent,kg m-2,snow_fraction_gt_1e-3,65821,2.521736359686686e-07,2.750764105947432e-06,7.038812399797933e-08,2.3363647261465115e-05,12792,27.850000381469727,87.55000305175781,0.3325699256036671,0.33254656195640564,0.3325699256036671,0.33254656195640564,0.02207253283786311,0.02207098079607563
208,26.0,snow_t,Snow temperature,K,all_columns,97709,4.039385412660686e-05,1.572145739682981e-05,5.362775552976215e-06,0.0108914810714964,19515,29.650001525878906,99.1500015258789,252.13290075841525,252.12200927734375,0.0002595881286602388,0.000260188797255978,1.7157273732740744e-05,1.7197277011773818e-05
208,26.0,snow_t,Snow temperature,K,snow_present,83607,4.36418861423565e-05,1.717537424969753e-05,5.649627070128214e-06,0.0108914810714964,19515,29.650001525878906,99.1500015258789,252.13290075841525,252.12200927734375,0.0002595881286602388,0.000260188797255978,1.7157273732740744e-05,1.7197277011773818e-05
208,26.0,snow_t,Snow temperature,K,snow_fraction_gt_1e-3,65821,1.3649012321294141e-05,5.388379132722491e-06,5.406303118110462e-06,0.0019942442772844515,12792,27.850000381469727,87.55000305175781,251.72678078013678,251.72877502441406,0.3325699256036671,0.33254656195640564,0.02207253283786311,0.02207098079607563
208,26.0,snow_rho,Snow density,kg m-3,all_columns,97709,1.222029143896663e-05,9.005073124595896e-06,2.833746649530639e-06,0.0026618739747448217,19515,29.650001525878906,99.1500015258789,151.29917066303724,151.2965087890625,0.0002595881286602388,0.000260188797255978,1.7157273732740744e-05,1.7197277011773818e-05
208,26.0,snow_rho,Snow density,kg m-3,snow_present,83607,1.3210751626980859e-05,9.380138865065729e-06,3.3117149446695757e-06,0.0026618739747448217,19515,29.650001525878906,99.1500015258789,151.29917066303724,151.2965087890625,0.0002595881286602388,0.000260188797255978,1.7157273732740744e-05,1.7197277011773818e-05
208,26.0,snow_rho,Snow density,kg m-3,snow_fraction_gt_1e-3,65821,4.797252094788263e-06,3.427771467387993e-06,3.2443128089489385e-06,0.0005189770834874707,39675,34.45000076293945,103.35000610351562,122.94364184085302,122.94312286376953,0.7150933805579227,0.7150852084159851,0.05816432390083176,0.05816390471944939
208,26.0,snow_alb,Snow albedo,1,all_columns,97709,1.8047696545341314e-08,2.689372068210888e-06,1.5552038550969284e-08,2.9801826673114817e-08,72709,41.650001525878906,118.45000457763672,0.5117187798028181,0.5117188096046448,0.04208011688932944,0.0420801155269146,0.002738748816074326,0.0027387486884026396
208,26.0,snow_alb,Snow albedo,1,snow_present,83607,1.687544421533352e-08,2.6535676747971687e-06,1.4153793991107288e-08,2.9801826673114817e-08,72709,41.650001525878906,118.45000457763672,0.5117187798028181,0.5117188096046448,0.04208011688932944,0.0420801155269146,0.002738748816074326,0.0027387486884026396
208,26.0,snow_alb,Snow albedo,1,snow_fraction_gt_1e-3,65821,1.6936478908756407e-08,2.638386957152998e-06,1.4390976293985678e-08,2.9801826673114817e-08,72709,41.650001525878906,118.45000457763672,0.5117187798028181,0.5117188096046448,0.04208011688932944,0.0420801155269146,0.002738748816074326,0.0027387486884026396
216,27.0,avg_skin_t,Surface temperature,K,all_columns,97709,6.945328883154048e-06,2.697432611596956e-06,5.705568780807003e-06,1.5258640189586004e-05,66103,40.35000228881836,88.85000610351562,260.98268127456294,260.9826965332031,7.999848639888641e-05,7.999848457984626e-05,5.202991168734134e-06,5.202990813181003e-06
216,27.0,soil_t_l1,"Soil temperature, layer 1",K,all_columns,97709,0.0004613476487520495,0.00017672432834456777,8.075580955616597e-06,0.1417170474680347,15199,28.549999237060547,87.1500015258789,264.4682246158274,264.3265075683594,0.0,0.0,0.0,0.0
216,27.0,soil_t_l2,"Soil temperature, layer 2",K,all_columns,97709,0.00041659432048787306,0.00015856640571086254,8.057956686806382e-06,0.1287202138905741,15199,28.549999237060547,87.1500015258789,267.9180573720937,267.7893371582031,0.0,0.0,0.0,0.0
216,27.0,soil_t_l3,"Soil temperature, layer 3",K,all_columns,97709,0.00027839472034719916,0.00010535067367601971,7.5165856353113336e-06,0.08695092637742619,15199,28.549999237060547,87.1500015258789,266.3663088365337,266.27935791015625,0.0,0.0,0.0,0.0
216,27.0,soil_t_l4,"Soil temperature, layer 4",K,all_columns,97709,1.3915780526699137e-05,5.286060099490711e-06,6.494166590943082e-06,0.0036162551413667643,15199,28.549999237060547,87.1500015258789,261.04936210475074,261.0457458496094,0.0,0.0,0.0,0.0
216,27.0,soil_w_l1,"Soil water, layer 1",kg m-2,all_columns,97709,7.288790233345284e-05,0.000279541854037608,7.286784378530827e-07,0.022765116214745973,15199,28.549999237060547,87.1500015258789,23.45997519922256,23.437210083007812,0.0,0.0,0.0,0.0
216,27.0,soil_w_l2,"Soil water, layer 2",kg m-2,all_columns,97709,7.352253434861161e-05,9.756196996187904e-05,2.0938233084855223e-06,0.022763986944696057,15199,28.549999237060547,87.1500015258789,75.14954588854359,75.17230987548828,0.0,0.0,0.0,0.0
216,27.0,soil_w_l3,"Soil water, layer 3",kg m-2,all_columns,97709,1.0857065236295056e-05,5.7408228278078476e-06,3.877027019335433e-06,0.002974242378826375,19515,29.650001525878906,99.1500015258789,184.61778137128508,184.61480712890625,0.00012929686771080356,0.000130129381432198,8.545774456414818e-06,8.600949840132553e-06
216,27.0,soil_w_l4,"Soil water, layer 4",kg m-2,all_columns,97709,8.796908367080397e-06,2.9161396258168074e-06,7.61760585235278e-06,1.5258735061252082e-05,878,21.950000762939453,111.45000457763672,316.46815490717256,316.4681396484375,0.0,0.0,0.0,0.0
216,27.0,snow_w,Snow water equivalent,kg m-2,all_columns,97709,2.927055428025901e-07,3.4964701191590872e-06,5.7132400643913044e-08,6.294297712178265e-05,12792,27.850000381469727,87.55000305175781,0.4330325429393563,0.4329695999622345,0.4330325429393563,0.4329695999622345,0.028735675746034722,0.02873149553954529
216,27.0,snow_w,Snow water equivalent,kg m-2,snow_present,84240,3.152383543546098e-07,3.4964701191583465e-06,6.626720861988781e-08,6.294297712178265e-05,12792,27.850000381469727,87.55000305175781,0.4330325429393563,0.4329695999622345,0.4330325429393563,0.4329695999622345,0.028735675746034722,0.02873149553954529
216,27.0,snow_w,Snow water equivalent,kg m-2,snow_fraction_gt_1e-3,70999,3.4282797694607775e-07,3.490872397438471e-06,7.844199055720568e-08,6.294297712178265e-05,12792,27.850000381469727,87.55000305175781,0.4330325429393563,0.4329695999622345,0.4330325429393563,0.4329695999622345,0.028735675746034722,0.02873149553954529
216,27.0,snow_t,Snow temperature,K,all_columns,97709,0.0001722874523885615,6.767345355566212e-05,6.019361495792568e-06,0.04723340384759922,19515,29.650001525878906,99.1500015258789,250.7532423149804,250.7060089111328,0.00012929686771080356,0.000130129381432198,8.545774456414818e-06,8.600949840132553e-06
216,27.0,snow_t,Snow temperature,K,snow_present,84240,0.00018554456170443752,7.377822260961233e-05,6.3962588029130536e-06,0.04723340384759922,19515,29.650001525878906,99.1500015258789,250.7532423149804,250.7060089111328,0.00012929686771080356,0.000130129381432198,8.545774456414818e-06,8.600949840132553e-06
216,27.0,snow_t,Snow temperature,K,snow_fraction_gt_1e-3,70999,7.290171988347238e-05,2.906654286600553e-05,5.41432833951582e-06,0.01932095754892771,12792,27.850000381469727,87.55000305175781,254.29644442331045,254.31576538085938,0.4330325429393563,0.4329695999622345,0.028735675746034722,0.02873149553954529
216,27.0,snow_rho,Snow density,kg m-3,all_columns,97709,1.4829610229893897e-05,1.1132993332117278e-05,2.7726491236543727e-06,0.002657050647826509,19515,29.650001525878906,99.1500015258789,151.2991810984994,151.29652404785156,0.00012929686771080356,0.000130129381432198,8.545774456414818e-06,8.600949840132553e-06
216,27.0,snow_rho,Snow density,kg m-3,snow_present,84240,1.597121079372899e-05,1.1592403622905035e-05,3.2159635947666797e-06,0.002657050647826509,19515,29.650001525878906,99.1500015258789,151.2991810984994,151.29652404785156,0.00012929686771080356,0.000130129381432198,8.545774456414818e-06,8.600949840132553e-06
216,27.0,snow_rho,Snow density,kg m-3,snow_fraction_gt_1e-3,70999,4.41037766952597e-06,3.224837728874333e-06,3.0860549901004094e-06,0.00039896695943753,28710,31.85000228881836,102.55000305175781,106.3886467483726,106.38904571533203,0.13130845300997798,0.1313101053237915,0.012342336990200186,0.012342446014145235
216,27.0,snow_alb,Snow albedo,1,all_columns,97709,1.800710306489614e-08,2.691474710049776e-06,1.5498012583093737e-08,2.9800535261692573e-08,38225,34.150001525878906,83.05000305175781,0.7719344198685895,0.7719343900680542,0.5867638898885384,0.5867639183998108,0.04506583654613261,0.045065836649913836
216,27.0,snow_alb,Snow albedo,1,snow_present,84240,1.6888293550568523e-08,2.658117289280409e-06,1.4163928383078582e-08,2.9800535261692573e-08,38225,34.150001525878906,83.05000305175781,0.7719344198685895,0.7719343900680542,0.5867638898885384,0.5867639183998108,0.04506583654613261,0.045065836649913836
216,27.0,snow_alb,Snow albedo,1,snow_fraction_gt_1e-3,70999,1.6948946450771298e-08,2.662155209066745e-06,1.4382043184779734e-08,2.9800535261692573e-08,38225,34.150001525878906,83.05000305175781,0.7719344198685895,0.7719343900680542,0.5867638898885384,0.5867639183998108,0.04506583654613261,0.045065836649913836
224,28.0,avg_skin_t,Surface temperature,K,all_columns,97709,6.8962353285909854e-06,2.6852696034673618e-06,5.66627091781285e-06,1.52586992498982e-05,27542,31.549999237060547,114.35000610351562,264.8477325438555,264.84771728515625,6.276254814891978,6.276254653930664,0.40876431510905886,0.40876429485284926
224,28.0,soil_t_l1,"Soil temperature, layer 1",K,all_columns,97709,0.00096538284722733,0.0003703706505130374,1.0113222968300828e-05,0.29955149450745466,15199,28.549999237060547,87.1500015258789,266.1921601370856,265.8926086425781,0.0,0.0,0.0,0.0
224,28.0,soil_t_l2,"Soil temperature, layer 2",K,all_columns,97709,0.0006510400728254209,0.00024812530502513517,8.995646423728986e-06,0.19914350169199224,15199,28.549999237060547,87.1500015258789,270.84239301341074,270.64324951171875,0.0,0.0,0.0,0.0
224,28.0,soil_t_l3,"Soil temperature, layer 3",K,all_columns,97709,0.0002726009564320218,0.00010324247105718498,7.516128793286367e-06,0.08508878792838459,15199,28.549999237060547,87.1500015258789,266.957067547694,266.8719787597656,0.0,0.0,0.0,0.0
224,28.0,soil_t_l4,"Soil temperature, layer 4",K,all_columns,97709,2.014995574761962e-05,7.65352530676886e-06,6.501809308257074e-06,0.005815299336290991,15199,28.549999237060547,87.1500015258789,261.20146349269567,261.1956481933594,0.0,0.0,0.0,0.0
224,28.0,soil_w_l1,"Soil water, layer 1",kg m-2,all_columns,97709,0.00010969224883531873,0.00042057423694091605,8.68581071446199e-07,0.03424150487124322,15199,28.549999237060547,87.1500015258789,23.25416833897769,23.219926834106445,0.0,0.0,0.0,0.0
224,28.0,soil_w_l2,"Soil water, layer 2",kg m-2,all_columns,97709,0.0002648426936951141,0.00035142531356135585,2.7446862107543547e-06,0.08270278650671514,15199,28.549999237060547,87.1500015258789,74.53371414464563,74.61641693115234,0.0,0.0,0.0,0.0
224,28.0,soil_w_l3,"Soil water, layer 3",kg m-2,all_columns,97709,0.00015544918900326684,8.21897406854402e-05,4.385351522374443e-06,0.04845881271376129,15199,28.549999237060547,87.1500015258789,181.01253962326064,180.96408081054688,0.0,0.0,0.0,0.0
224,28.0,soil_w_l4,"Soil water, layer 4",kg m-2,all_columns,97709,8.798717864037838e-06,2.916040349945604e-06,7.616224114836621e-06,1.52587251704972e-05,78390,43.04999923706055,82.05000305175781,299.9338836670561,299.93389892578125,5.725132423590228,5.725132465362549,0.37141167748972925,0.3714116906761285
224,28.0,snow_w,Snow water equivalent,kg m-2,all_columns,97709,6.912953740639914e-07,8.031261105274447e-06,6.119325004451796e-08,0.0002050381910638499,12792,27.850000381469727,87.55000305175781,0.2087283861648874,0.20852334797382355,0.2087283861648874,0.20852334797382355,0.013849281795128867,0.013835677180041668
224,28.0,snow_w,Snow water equivalent,kg m-2,snow_present,85010,7.411326025247719e-07,8.031260947275254e-06,7.033394075989747e-08,0.0002050381910638499,12792,27.850000381469727,87.55000305175781,0.2087283861648874,0.20852334797382355,0.2087283861648874,0.20852334797382355,0.013849281795128867,0.013835677180041668
224,28.0,snow_w,Snow water equivalent,kg m-2,snow_fraction_gt_1e-3,73673,7.955825575227998e-07,8.025872410634751e-06,8.086324816201478e-08,0.0002050381910638499,12792,27.850000381469727,87.55000305175781,0.2087283861648874,0.20852334797382355,0.2087283861648874,0.20852334797382355,0.013849281795128867,0.013835677180041668
224,28.0,snow_t,Snow temperature,K,all_columns,97709,0.0015638434792640407,0.0006150465834179962,1.4363863947898005e-05,0.36781286974655814,21386,30.150001525878906,87.05000305175781,247.34808325548875,246.9802703857422,3.343838540352908e-05,3.5069362638751045e-05,2.196420616622383e-06,2.303552782420987e-06
224,28.0,snow_t,Snow temperature,K,snow_present,85010,0.001676584338611748,0.0006671124456372672,1.5962518007877394e-05,0.36781286974655814,21386,30.150001525878906,87.05000305175781,247.34808325548875,246.9802703857422,3.343838540352908e-05,3.5069362638751045e-05,2.196420616622383e-06,2.303552782420987e-06
224,28.0,snow_t,Snow temperature,K,snow_fraction_gt_1e-3,73673,4.671033298259607e-05,1.861320491029168e-05,5.436183827478998e-06,0.009717502173884895,12792,27.850000381469727,87.55000305175781,251.41343923610737,251.42315673828125,0.2087283861648874,0.20852334797382355,0.013849281795128867,0.013835677180041668
224,28.0,snow_rho,Snow density,kg m-3,all_columns,97709,1.0223240263449563e-05,7.637620973906444e-06,2.758914735453039e-06,0.0026616888581543208,19515,29.650001525878906,99.1500015258789,151.29918573670972,151.29652404785156,5.5446049465101425e-05,5.6442906497977674e-05,3.6646627802471082e-06,3.7306148871025022e-06
224,28.0,snow_rho,Snow density,kg m-3,snow_present,85010,1.0960259674821949e-05,7.930678968880251e-06,3.171048110650288e-06,0.0026616888581543208,19515,29.650001525878906,99.1500015258789,151.29918573670972,151.29652404785156,5.5446049465101425e-05,5.6442906497977674e-05,3.6646627802471082e-06,3.7306148871025022e-06
224,28.0,snow_rho,Snow density,kg m-3,snow_fraction_gt_1e-3,73673,5.6327594051528595e-06,4.08734477610036e-06,3.1431682842390924e-06,0.0009272105359343641,19842,29.75,92.45000457763672,175.003940343175,175.00486755371094,0.0992084573164509,0.0992073342204094,0.0056689270608368866,0.0056688328506040876
224,28.0,snow_alb,Snow albedo,1,all_columns,97709,1.7715487099494958e-08,2.6656595237050744e-06,1.503742005513555e-08,2.9802322387695312e-08,51829,37.25,85.95000457763672,0.5583613216876984,0.558361291885376,1.9810991836804548,1.9810991287231445,0.17515175677134742,0.17515175305460548
224,28.0,snow_alb,Snow albedo,1,snow_present,85010,1.660741879370918e-08,2.626790603753615e-06,1.3722191769017654e-08,2.9802322387695312e-08,51829,37.25,85.95000457763672,0.5583613216876984,0.558361291885376,1.9810991836804548,1.9810991287231445,0.17515175677134742,0.17515175305460548
224,28.0,snow_alb,Snow albedo,1,snow_fraction_gt_1e-3,73673,1.665270880615043e-08,2.6342314476308426e-06,1.3911806303552258e-08,2.9802322387695312e-08,51829,37.25,85.95000457763672,0.5583613216876984,0.558361291885376,1.9810991836804548,1.9810991287231445,0.17515175677134742,0.17515175305460548
232,29.0,avg_skin_t,Surface temperature,K,all_columns,97709,6.99254084871686e-06,2.7125105422199306e-06,5.751116851840055e-06,1.5258580106092268e-05,46030,35.95000076293945,105.55000305175781,257.6002044675645,257.6001892089844,2.14748083102514,2.1474807262420654,0.1425985417207999,0.1425985357430794
232,29.0,soil_t_l1,"Soil temperature, layer 1",K,all_columns,97709,0.0031886191802651697,0.0012205051737940913,1.8165439866770198e-05,0.9923708595388234,15199,28.549999237060547,87.1500015258789,268.9427182517893,269.9350891113281,0.0,0.0,0.0,0.0
232,29.0,soil_t_l2,"Soil temperature, layer 2",K,all_columns,97709,0.00022206210015308057,8.452735298833596e-05,7.909425228626253e-06,0.056719697982828166,19842,29.75,92.45000457763672,270.1668520793609,270.22357177734375,0.04052084284223302,0.040489740669727325,0.0023153869683824034,0.002313597391621821
232,29.0,soil_t_l3,"Soil temperature, layer 3",K,all_columns,97709,0.00025797230027736187,9.774537789316421e-05,7.531870692847353e-06,0.08017160247538868,15199,28.549999237060547,87.1500015258789,267.42129709075664,267.34112548828125,0.0,0.0,0.0,0.0
232,29.0,soil_t_l4,"Soil temperature, layer 4",K,all_columns,97709,2.670365683458555e-05,1.0142109109733913e-05,6.529843161779609e-06,0.007985824095328553,15199,28.549999237060547,87.1500015258789,261.36418699597033,261.356201171875,0.0,0.0,0.0,0.0
232,29.0,soil_w_l1,"Soil water, layer 1",kg m-2,all_columns,97709,0.00011641543691981199,0.0004478457502798852,9.468019085141772e-07,0.03616144479342154,15199,28.549999237060547,87.1500015258789,22.765941597809118,22.80210304260254,0.0,0.0,0.0,0.0
232,29.0,soil_w_l2,"Soil water, layer 2",kg m-2,all_columns,97709,0.00019524766836078356,0.00025942996661229263,2.6806311790009084e-06,0.05984178256463224,15199,28.549999237060547,87.1500015258789,73.84096082974006,73.90080261230469,0.0,0.0,0.0,0.0
232,29.0,soil_w_l3,"Soil water, layer 3",kg m-2,all_columns,97709,0.0003083506434472357,0.0001630445829789823,5.003342713620676e-06,0.09600159595768787,15199,28.549999237060547,87.1500015258789,181.1635064787702,181.0675048828125,0.0,0.0,0.0,0.0
232,29.0,soil_w_l4,"Soil water, layer 4",kg m-2,all_columns,97709,8.829409316035279e-06,2.925521081580527e-06,7.651180657207501e-06,1.5258687653840752e-05,39545,34.45000076293945,90.35000610351562,299.4396209717811,299.43963623046875,1.1920463973215218,1.1920464038848877,0.09644702879057784,0.09644702836196435
232,29.0,snow_w,Snow water equivalent,kg m-2,all_columns,97709,9.051071502738438e-07,1.0516503971295659e-05,6.084460631419417e-08,0.0002715497873209821,12792,27.850000381469727,87.55000305175781,0.030514370989003073,0.03024282120168209,0.030514370989003073,0.03024282120168209,0.0020245487472793262,0.002006532215347812
232,29.0,snow_w,Snow water equivalent,kg m-2,snow_present,84346,9.741704670022534e-07,1.0516502156536744e-05,7.048152112315088e-08,0.0002715497873209821,12792,27.850000381469727,87.55000305175781,0.030514370989003073,0.03024282120168209,0.030514370989003073,0.03024282120168209,0.0020245487472793262,0.002006532215347812
232,29.0,snow_w,Snow water equivalent,kg m-2,snow_fraction_gt_1e-3,72030,1.0526964946454434e-06,1.0501806373806985e-05,8.189512296209812e-08,0.0002715497873209821,12792,27.850000381469727,87.55000305175781,0.030514370989003073,0.03024282120168209,0.030514370989003073,0.03024282120168209,0.0020245487472793262,0.002006532215347812
232,29.0,snow_t,Snow temperature,K,all_columns,97709,0.0019156471688398411,0.0007467255455827204,1.81319675168979e-05,0.53255553679017,19515,29.650001525878906,99.1500015258789,251.7459649606183,251.21340942382812,2.0645314554634946e-05,2.183694959967397e-05,1.3645357175843957e-06,1.4433211559066715e-06
232,29.0,snow_t,Snow temperature,K,snow_present,84346,0.0020618185948333696,0.0008123580514956653,2.042443799189855e-05,0.53255553679017,19515,29.650001525878906,99.1500015258789,251.7459649606183,251.21340942382812,2.0645314554634946e-05,2.183694959967397e-05,1.3645357175843957e-06,1.4433211559066715e-06
232,29.0,snow_t,Snow temperature,K,snow_fraction_gt_1e-3,72030,0.0005288453232109042,0.00020858078938386398,8.753447868295695e-06,0.10124186881881769,12792,27.850000381469727,87.55000305175781,262.49024983039993,262.59149169921875,0.030514370989003073,0.03024282120168209,0.0020245487472793262,0.002006532215347812
232,29.0,snow_rho,Snow density,kg m-3,all_columns,97709,1.0420041300176019e-05,7.716960144128485e-06,2.7909594203860334e-06,0.0026483114222060067,19515,29.650001525878906,99.1500015258789,151.29918761806283,151.29653930664062,2.0645314554634946e-05,2.183694959967397e-05,1.3645357175843957e-06,1.4433211559066715e-06
232,29.0,snow_rho,Snow density,kg m-3,snow_present,84346,1.1215134305560353e-05,8.023759359348428e-06,3.233133213270326e-06,0.0026483114222060067,19515,29.650001525878906,99.1500015258789,151.29918761806283,151.29653930664062,2.0645314554634946e-05,2.183694959967397e-05,1.3645357175843957e-06,1.4433211559066715e-06
232,29.0,snow_rho,Snow density,kg m-3,snow_fraction_gt_1e-3,72030,5.6065731951923266e-06,4.016369663956399e-06,3.187974372065407e-06,0.0009363554785579709,19842,29.75,92.45000457763672,175.00678459178707,175.00772094726562,0.04052084284223302,0.040489740669727325,0.0023153869683824034,0.002313597391621821
232,29.0,snow_alb,Snow albedo,1,all_columns,97709,1.7742179096543626e-08,2.685756748596462e-06,1.5082353999443555e-08,2.980206526004281e-08,39333,34.35000228881836,110.85000610351562,0.7054836452004722,0.705483615398407,36.389006856637266,36.389007568359375,1.0,1.0
232,29.0,snow_alb,Snow albedo,1,snow_present,84346,1.6571031200223355e-08,2.6498625154791516e-06,1.3694579225825698e-08,2.980206526004281e-08,39333,34.35000228881836,110.85000610351562,0.7054836452004722,0.705483615398407,36.389006856637266,36.389007568359375,1.0,1.0
232,29.0,snow_alb,Snow albedo,1,snow_fraction_gt_1e-3,72030,1.6568981361252625e-08,2.66001669243287e-06,1.381245078856664e-08,2.980206526004281e-08,39333,34.35000228881836,110.85000610351562,0.7054836452004722,0.705483615398407,36.389006856637266,36.389007568359375,1.0,1.0
240,30.0,avg_skin_t,Surface temperature,K,all_columns,97709,6.897125658626744e-06,2.6776416309436074e-06,5.658127604069163e-06,1.5258419011843216e-05,25573,31.150001525878906,89.25,267.9559478763466,267.9559631347656,0.04624272044282632,0.04624272137880325,0.0030325596928207463,0.003032559625538705
240,30.0,soil_t_l1,"Soil temperature, layer 1",K,all_columns,97709,0.003932112068140237,0.0015060940675129242,2.3172178488463404e-05,1.2107343133681638,15199,28.549999237060547,87.1500015258789,269.41890435850684,270.629638671875,0.0,0.0,0.0,0.0
240,30.0,soil_t_l2,"Soil temperature, layer 2",K,all_columns,97709,0.0009302701439864735,0.0003541858952098141,1.2562901319509538e-05,0.23105501410935858,15199,28.549999237060547,87.1500015258789,270.7740414214375,271.0050964355469,0.0,0.0,0.0,0.0
240,30.0,soil_t_l3,"Soil temperature, layer 3",K,all_columns,97709,0.00013295559533471458,5.038791802218345e-05,7.2628240915672745e-06,0.03984833732823745,15199,28.549999237060547,87.1500015258789,267.772697458422,267.73284912109375,0.0,0.0,0.0,0.0
240,30.0,soil_t_l4,"Soil temperature, layer 4",K,all_columns,97709,3.1071573509438156e-05,1.1800317789489682e-05,6.564810112842585e-06,0.009401524116640303,15199,28.549999237060547,87.1500015258789,261.5332662702104,261.52386474609375,0.0,0.0,0.0,0.0
240,30.0,soil_w_l1,"Soil water, layer 1",kg m-2,all_columns,97709,0.0005575171456548071,0.002144813450810326,2.499866685922542e-06,0.173874380372677,15199,28.549999237060547,87.1500015258789,21.912938592649784,22.08681297302246,0.0,0.0,0.0,0.0
240,30.0,soil_w_l2,"Soil water, layer 2",kg m-2,all_columns,97709,0.0003557499045471641,0.0004729381530265243,3.4372927468500347e-06,0.10724735908132743,15199,28.549999237060547,87.1500015258789,73.03715611152273,72.9299087524414,0.0,0.0,0.0,0.0
240,30.0,soil_w_l3,"Soil water, layer 3",kg m-2,all_columns,97709,0.0002229428965228024,0.00011789360201120439,4.928758430224771e-06,0.06662804517259246,15199,28.549999237060547,87.1500015258789,181.2944875422429,181.2278594970703,0.0,0.0,0.0,0.0
240,30.0,soil_w_l4,"Soil water, layer 4",kg m-2,all_columns,97709,8.812520793857837e-06,2.9192304477047966e-06,7.635998877354022e-06,1.5258690666541952e-05,3628,23.75,103.15000915527344,308.77732849111254,308.7773132324219,0.0,0.0,0.0,0.0
240,30.0,snow_w,Snow water equivalent,kg m-2,all_columns,97709,1.0672433079341137e-06,1.2231261267161592e-05,5.926823716725141e-08,0.0003090420608339653,12792,27.850000381469727,87.55000305175781,0.03808281886027435,0.037773776799440384,0.03808281886027435,0.037773776799440384,0.0028318781747267625,0.002809914471690183
240,30.0,snow_w,Snow water equivalent,kg m-2,snow_present,84111,1.1502818714118204e-06,1.2231259829295297e-05,6.884721329306204e-08,0.0003090420608339653,12792,27.850000381469727,87.55000305175781,0.03808281886027435,0.037773776799440384,0.03808281886027435,0.037773776799440384,0.0028318781747267625,0.002809914471690183
240,30.0,snow_w,Snow water equivalent,kg m-2,snow_fraction_gt_1e-3,68972,1.242554017301048e-06,1.1964435701523836e-05,8.199000768977537e-08,0.0003090420608339653,12792,27.850000381469727,87.55000305175781,0.03808281886027435,0.037773776799440384,0.03808281886027435,0.037773776799440384,0.0028318781747267625,0.002809914471690183
240,30.0,snow_t,Snow temperature,K,all_columns,97709,0.0032089016339952744,0.0012564881191453959,2.925346444716057e-05,0.6084113976662024,18987,29.549999237060547,85.6500015258789,250.26046523067401,249.6520538330078,2.411102465943899e-05,2.0973064238205552e-05,1.5822706541225766e-06,1.3763438472710048e-06
240,30.0,snow_t,Snow temperature,K,snow_present,84111,0.0034585754238859513,0.0013702990762920729,3.339075025533477e-05,0.6084113976662024,18987,29.549999237060547,85.6500015258789,250.26046523067401,249.6520538330078,2.411102465943899e-05,2.0973064238205552e-05,1.5822706541225766e-06,1.3763438472710048e-06
240,30.0,snow_t,Snow temperature,K,snow_fraction_gt_1e-3,68972,0.0002454065079256602,9.740451801137616e-05,6.453115277302698e-06,0.06009589362716383,12792,27.850000381469727,87.55000305175781,252.23787773918534,252.2979736328125,0.03808281886027435,0.037773776799440384,0.0028318781747267625,0.002809914471690183
240,30.0,snow_rho,Snow density,kg m-3,all_columns,97709,0.00021087056491246242,0.00015348467333527077,3.98088422477367e-06,0.04867174831903753,12792,27.850000381469727,87.55000305175781,134.47901537624873,134.4303436279297,0.03808281886027435,0.037773776799440384,0.0028318781747267625,0.002809914471690183
240,30.0,snow_rho,Snow density,kg m-3,snow_present,84111,0.00022727771141270713,0.00015947624077078748,4.624463110870285e-06,0.04867174831903753,12792,27.850000381469727,87.55000305175781,134.47901537624873,134.4303436279297,0.03808281886027435,0.037773776799440384,0.0028318781747267625,0.002809914471690183
240,30.0,snow_rho,Snow density,kg m-3,snow_fraction_gt_1e-3,68972,0.0001853936193717659,0.0001300847268686537,4.1192641847213834e-06,0.04867174831903753,12792,27.850000381469727,87.55000305175781,134.47901537624873,134.4303436279297,0.03808281886027435,0.037773776799440384,0.0028318781747267625,0.002809914471690183
240,30.0,snow_alb,Snow albedo,1,all_columns,97709,1.7587789566763622e-08,2.6897300152833804e-06,1.4822743599713403e-08,2.9801759393599525e-08,27269,31.549999237060547,87.05000305175781,0.6235658228402999,0.6235658526420593,0.0042810547041447836,0.004281054716557264,0.00026608738227325003,0.0002660873830480266
240,30.0,snow_alb,Snow albedo,1,snow_present,84111,1.6353645374026203e-08,2.6533058889035184e-06,1.3364647551689503e-08,2.9801759393599525e-08,27269,31.549999237060547,87.05000305175781,0.6235658228402999,0.6235658526420593,0.0042810547041447836,0.004281054716557264,0.00026608738227325003,0.0002660873830480266
240,30.0,snow_alb,Snow albedo,1,snow_fraction_gt_1e-3,68972,1.6338229442165195e-08,2.668550732861676e-06,1.3472581184589461e-08,2.98009061872051e-08,63409,39.75,110.65000915527344,0.5043714940533781,0.5043714642524719,0.09348840497353568,0.09348840266466141,0.0060758065984049345,0.006075806423877192
