MPL_INIT : MPI_THREAD_MULTIPLE=3 , MPI_THREAD_SINGLE=0 , IREQUIRED=3 , IPROVIDED=3 , LTHSAFEMPI=T
MPL_INIT : MPL_COMM=0 (default) , MPL_NUMPROC=1
MPL_INIT : MPL_METHOD=JP_BLOCKING_BUFFERED , MPL_MBX_SIZE=1000000
 NINDAT=  20180101 NSSSSS=     0
 COMMON YOEPHY 
 LERADS =     T LESURF =     T LEVDIF =     T LESICEF =     T
 LEVGEN =     T LESSRO  =     T
 LEFLAKE =     F
 LEOCML =     F
 LESN09 =     T
 NALBEDOSCHEME = 0
 NEMISSSCHEME = 1
 LESNML =     F
 LEURBAN =     F
 NSNMLWS=   1
 LELAIV =     F
 LECTESSEL =     F
 LEAGS =     F
 LEFARQUHAR =     T
 LEOPTSURF =     F
 LEC4MAP =     T
 LEAIRCO2COUP =     F
 LECLIM10D =     F
 RLAIINT = 0.00
 LECMF1WAY =     F
 COMMON YOEOPTSURF 
 PFT=           1  ICO2TYP =            1  RVR0VT =    1.3950000000000000E-007
 PFT=           1  ICO2TYP =            1  RVCMAX25 =    49.000000000000000     
 PFT=           1  ICO2TYP =            1  RHUMREL =    4.0000000000000000     
 PFT=           1  ICO2TYP =            1  RA1 =   0.94599999999999995     
 PFT=           1  ICO2TYP =            1  RB1 =   0.13000000000000000     
 PFT=           1  ICO2TYP =            1  RG0 =    6.9899999999999997E-003
 PFT=           1  ICO2TYP =            1  RGM25 =   0.51300000000000001     
 PFT=           1  ICO2TYP =            1  E_VCMAX =    72801.300000000003     
 PFT=           1  ICO2TYP =            1  RE_JMAX =    64849.199999999997     
 PFT=           1  ICO2TYP =            2  RVR0VT =    1.0380000000000000E-007
 PFT=           1  ICO2TYP =            2  RVCMAX25 =    70.500000000000000     
 PFT=           1  ICO2TYP =            2  RHUMREL =    2.0600000000000001     
 PFT=           1  ICO2TYP =            2  RA1 =   0.86399999999999999     
 PFT=           1  ICO2TYP =            2  RB1 =   0.16800000000000001     
 PFT=           1  ICO2TYP =            2  RG0 =    2.1899999999999999E-002
 PFT=           1  ICO2TYP =            2  RGM25 =   0.40000000000000002     
 PFT=           1  ICO2TYP =            2  E_VCMAX =    80090.199999999997     
 PFT=           1  ICO2TYP =            2  RE_JMAX =    101270.00000000000     
 PFT=           2  ICO2TYP =            1  RVR0VT =    1.3320000000000000E-007
 PFT=           2  ICO2TYP =            1  RVCMAX25 =    48.700000000000003     
 PFT=           2  ICO2TYP =            1  RHUMREL =    3.3199999999999998     
 PFT=           2  ICO2TYP =            1  RA1 =   0.88800000000000001     
 PFT=           2  ICO2TYP =            1  RB1 =   0.11700000000000001     
 PFT=           2  ICO2TYP =            1  RG0 =    6.6400000000000001E-003
 PFT=           2  ICO2TYP =            1  RGM25 =   0.65700000000000003     
 PFT=           2  ICO2TYP =            1  E_VCMAX =    50059.099999999999     
 PFT=           2  ICO2TYP =            1  RE_JMAX =    41459.500000000000     
 PFT=           2  ICO2TYP =            2  RVR0VT =    3.0199999999999999E-008
 PFT=           2  ICO2TYP =            2  RVCMAX25 =    40.299999999999997     
 PFT=           2  ICO2TYP =            2  RHUMREL =    3.5200000000000000     
 PFT=           2  ICO2TYP =            2  RA1 =   0.66800000000000004     
 PFT=           2  ICO2TYP =            2  RB1 =   0.20999999999999999     
 PFT=           2  ICO2TYP =            2  RG0 =    1.7000000000000001E-002
 PFT=           2  ICO2TYP =            2  RGM25 =   0.65700000000000003     
 PFT=           2  ICO2TYP =            2  E_VCMAX =    47110.000000000000     
 PFT=           2  ICO2TYP =            2  RE_JMAX =    54530.000000000000     
 PFT=           3  ICO2TYP =            1  RVR0VT =    4.6170000000000001E-007
 PFT=           3  ICO2TYP =            1  RVCMAX25 =    62.200000000000003     
 PFT=           3  ICO2TYP =            1  RHUMREL =    2.9300000000000002     
 PFT=           3  ICO2TYP =            1  RA1 =   0.68000000000000005     
 PFT=           3  ICO2TYP =            1  RB1 =   0.16800000000000001     
 PFT=           3  ICO2TYP =            1  RG0 =    5.3299999999999997E-003
 PFT=           3  ICO2TYP =            1  RGM25 =   0.10000000000000001     
 PFT=           3  ICO2TYP =            1  E_VCMAX =    59880.199999999997     
 PFT=           3  ICO2TYP =            1  RE_JMAX =    35048.199999999997     
 PFT=           3  ICO2TYP =            2  RVR0VT =    4.6170000000000001E-007
 PFT=           3  ICO2TYP =            2  RVCMAX25 =    62.200000000000003     
 PFT=           3  ICO2TYP =            2  RHUMREL =    2.9300000000000002     
 PFT=           3  ICO2TYP =            2  RA1 =   0.68000000000000005     
 PFT=           3  ICO2TYP =            2  RB1 =   0.16800000000000001     
 PFT=           3  ICO2TYP =            2  RG0 =    5.3299999999999997E-003
 PFT=           3  ICO2TYP =            2  RGM25 =   0.10000000000000001     
 PFT=           3  ICO2TYP =            2  E_VCMAX =    59880.199999999997     
 PFT=           3  ICO2TYP =            2  RE_JMAX =    35048.199999999997     
 PFT=           4  ICO2TYP =            1  RVR0VT =    4.3340000000000000E-007
 PFT=           4  ICO2TYP =            1  RVCMAX25 =    35.000000000000000     
 PFT=           4  ICO2TYP =            1  RHUMREL =    1.0000000000000000     
 PFT=           4  ICO2TYP =            1  RA1 =   0.84999999999999998     
 PFT=           4  ICO2TYP =            1  RB1 =   0.14000000000000001     
 PFT=           4  ICO2TYP =            1  RG0 =    6.2500000000000003E-003
 PFT=           4  ICO2TYP =            1  RGM25 =   0.40000000000000002     
 PFT=           4  ICO2TYP =            1  E_VCMAX =    71513.000000000000     
 PFT=           4  ICO2TYP =            1  RE_JMAX =    49884.000000000000     
 PFT=           4  ICO2TYP =            2  RVR0VT =    4.3340000000000000E-007
 PFT=           4  ICO2TYP =            2  RVCMAX25 =    35.000000000000000     
 PFT=           4  ICO2TYP =            2  RHUMREL =    1.0000000000000000     
 PFT=           4  ICO2TYP =            2  RA1 =   0.84999999999999998     
 PFT=           4  ICO2TYP =            2  RB1 =   0.14000000000000001     
 PFT=           4  ICO2TYP =            2  RG0 =    6.2500000000000003E-003
 PFT=           4  ICO2TYP =            2  RGM25 =   0.40000000000000002     
 PFT=           4  ICO2TYP =            2  E_VCMAX =    71513.000000000000     
 PFT=           4  ICO2TYP =            2  RE_JMAX =    49884.000000000000     
 PFT=           5  ICO2TYP =            1  RVR0VT =    4.0600000000000001E-007
 PFT=           5  ICO2TYP =            1  RVCMAX25 =    41.899999999999999     
 PFT=           5  ICO2TYP =            1  RHUMREL =    3.2500000000000000     
 PFT=           5  ICO2TYP =            1  RA1 =   0.97750000000000004     
 PFT=           5  ICO2TYP =            1  RB1 =   0.11200000000000000     
 PFT=           5  ICO2TYP =            1  RG0 =    7.6959999999999997E-003
 PFT=           5  ICO2TYP =            1  RGM25 =   0.71899999999999997     
 PFT=           5  ICO2TYP =            1  E_VCMAX =    92966.899999999994     
 PFT=           5  ICO2TYP =            1  RE_JMAX =    34918.800000000003     
 PFT=           5  ICO2TYP =            2  RVR0VT =    4.0600000000000001E-007
 PFT=           5  ICO2TYP =            2  RVCMAX25 =    41.899999999999999     
 PFT=           5  ICO2TYP =            2  RHUMREL =    3.2500000000000000     
 PFT=           5  ICO2TYP =            2  RA1 =   0.97750000000000004     
 PFT=           5  ICO2TYP =            2  RB1 =   0.11200000000000000     
 PFT=           5  ICO2TYP =            2  RG0 =    7.6959999999999997E-003
 PFT=           5  ICO2TYP =            2  RGM25 =   0.71899999999999997     
 PFT=           5  ICO2TYP =            2  E_VCMAX =    92966.899999999994     
 PFT=           5  ICO2TYP =            2  RE_JMAX =    34918.800000000003     
 PFT=           6  ICO2TYP =            1  RVR0VT =    3.2080000000000001E-007
 PFT=           6  ICO2TYP =            1  RVCMAX25 =    33.899999999999999     
 PFT=           6  ICO2TYP =            1  RHUMREL =    4.0000000000000000     
 PFT=           6  ICO2TYP =            1  RA1 =   0.97750000000000004     
 PFT=           6  ICO2TYP =            1  RB1 =   0.13800000000000001     
 PFT=           6  ICO2TYP =            1  RG0 =    7.8381886705756187E-003
 PFT=           6  ICO2TYP =            1  RGM25 =   0.38687519999999997     
 PFT=           6  ICO2TYP =            1  E_VCMAX =    67706.089999999997     
 PFT=           6  ICO2TYP =            1  RE_JMAX =    34918.800000000003     
 PFT=           6  ICO2TYP =            2  RVR0VT =    3.2080000000000001E-007
 PFT=           6  ICO2TYP =            2  RVCMAX25 =    33.899999999999999     
 PFT=           6  ICO2TYP =            2  RHUMREL =    4.0000000000000000     
 PFT=           6  ICO2TYP =            2  RA1 =   0.97750000000000004     
 PFT=           6  ICO2TYP =            2  RB1 =   0.13800000000000001     
 PFT=           6  ICO2TYP =            2  RG0 =    7.8381886705756187E-003
 PFT=           6  ICO2TYP =            2  RGM25 =   0.38687519999999997     
 PFT=           6  ICO2TYP =            2  E_VCMAX =    67706.089999999997     
 PFT=           6  ICO2TYP =            2  RE_JMAX =    34918.800000000003     
 PFT=           7  ICO2TYP =            1  RVR0VT =    3.0199999999999999E-008
 PFT=           7  ICO2TYP =            1  RVCMAX25 =    40.299999999999997     
 PFT=           7  ICO2TYP =            1  RHUMREL =    3.5200000000000000     
 PFT=           7  ICO2TYP =            1  RA1 =   0.66800000000000004     
 PFT=           7  ICO2TYP =            1  RB1 =   0.20999999999999999     
 PFT=           7  ICO2TYP =            1  RG0 =    1.7000000000000001E-002
 PFT=           7  ICO2TYP =            1  RGM25 =   0.40000000000000002     
 PFT=           7  ICO2TYP =            1  E_VCMAX =    47110.000000000000     
 PFT=           7  ICO2TYP =            1  RE_JMAX =    54530.000000000000     
 PFT=           7  ICO2TYP =            2  RVR0VT =    3.0199999999999999E-008
 PFT=           7  ICO2TYP =            2  RVCMAX25 =    40.299999999999997     
 PFT=           7  ICO2TYP =            2  RHUMREL =    3.5200000000000000     
 PFT=           7  ICO2TYP =            2  RA1 =   0.66800000000000004     
 PFT=           7  ICO2TYP =            2  RB1 =   0.20999999999999999     
 PFT=           7  ICO2TYP =            2  RG0 =    1.7000000000000001E-002
 PFT=           7  ICO2TYP =            2  RGM25 =   0.40000000000000002     
 PFT=           7  ICO2TYP =            2  E_VCMAX =    47110.000000000000     
 PFT=           7  ICO2TYP =            2  RE_JMAX =    54530.000000000000     
 PFT=           8  ICO2TYP =            1  RVR0VT =    1.4499999999999999E-007
 PFT=           8  ICO2TYP =            1  RVCMAX25 =    50.000000000000000     
 PFT=           8  ICO2TYP =            1  RHUMREL =    1.0000000000000000     
 PFT=           8  ICO2TYP =            1  RA1 =   0.84999999999999998     
 PFT=           8  ICO2TYP =            1  RB1 =   0.14000000000000001     
 PFT=           8  ICO2TYP =            1  RG0 =    6.2500000000000003E-003
 PFT=           8  ICO2TYP =            1  RGM25 =   0.40000000000000002     
 PFT=           8  ICO2TYP =            1  E_VCMAX =    71513.000000000000     
 PFT=           8  ICO2TYP =            1  RE_JMAX =    49884.000000000000     
 PFT=           8  ICO2TYP =            2  RVR0VT =    1.4499999999999999E-007
 PFT=           8  ICO2TYP =            2  RVCMAX25 =    50.000000000000000     
 PFT=           8  ICO2TYP =            2  RHUMREL =    1.0000000000000000     
 PFT=           8  ICO2TYP =            2  RA1 =   0.84999999999999998     
 PFT=           8  ICO2TYP =            2  RB1 =   0.14000000000000001     
 PFT=           8  ICO2TYP =            2  RG0 =    6.2500000000000003E-003
 PFT=           8  ICO2TYP =            2  RGM25 =   0.40000000000000002     
 PFT=           8  ICO2TYP =            2  E_VCMAX =    71513.000000000000     
 PFT=           8  ICO2TYP =            2  RE_JMAX =    49884.000000000000     
 PFT=           9  ICO2TYP =            1  RVR0VT =    5.2300000000000001E-007
 PFT=           9  ICO2TYP =            1  RVCMAX25 =    70.000000000000000     
 PFT=           9  ICO2TYP =            1  RHUMREL =    4.0000000000000000     
 PFT=           9  ICO2TYP =            1  RA1 =   0.97750000000000004     
 PFT=           9  ICO2TYP =            1  RB1 =   0.11200000000000000     
 PFT=           9  ICO2TYP =            1  RG0 =    8.1250000000000003E-003
 PFT=           9  ICO2TYP =            1  RGM25 =   0.80000000000000004     
 PFT=           9  ICO2TYP =            1  E_VCMAX =    50059.099999999999     
 PFT=           9  ICO2TYP =            1  RE_JMAX =    34918.800000000003     
 PFT=           9  ICO2TYP =            2  RVR0VT =    5.2300000000000001E-007
 PFT=           9  ICO2TYP =            2  RVCMAX25 =    70.000000000000000     
 PFT=           9  ICO2TYP =            2  RHUMREL =    4.0000000000000000     
 PFT=           9  ICO2TYP =            2  RA1 =   0.97750000000000004     
 PFT=           9  ICO2TYP =            2  RB1 =   0.11200000000000000     
 PFT=           9  ICO2TYP =            2  RG0 =    8.1250000000000003E-003
 PFT=           9  ICO2TYP =            2  RGM25 =   0.80000000000000004     
 PFT=           9  ICO2TYP =            2  E_VCMAX =    50059.099999999999     
 PFT=           9  ICO2TYP =            2  RE_JMAX =    34918.800000000003     
 PFT=          10  ICO2TYP =            1  RVR0VT =    5.5700000000000002E-008
 PFT=          10  ICO2TYP =            1  RVCMAX25 =    60.000000000000000     
 PFT=          10  ICO2TYP =            1  RHUMREL =    1.0000000000000000     
 PFT=          10  ICO2TYP =            1  RA1 =   0.84999999999999998     
 PFT=          10  ICO2TYP =            1  RB1 =   0.14000000000000001     
 PFT=          10  ICO2TYP =            1  RG0 =    6.2500000000000003E-003
 PFT=          10  ICO2TYP =            1  RGM25 =   0.40000000000000002     
 PFT=          10  ICO2TYP =            1  E_VCMAX =    71513.000000000000     
 PFT=          10  ICO2TYP =            1  RE_JMAX =    49884.000000000000     
 PFT=          10  ICO2TYP =            2  RVR0VT =    5.5700000000000002E-008
 PFT=          10  ICO2TYP =            2  RVCMAX25 =    60.000000000000000     
 PFT=          10  ICO2TYP =            2  RHUMREL =    1.0000000000000000     
 PFT=          10  ICO2TYP =            2  RA1 =   0.84999999999999998     
 PFT=          10  ICO2TYP =            2  RB1 =   0.14000000000000001     
 PFT=          10  ICO2TYP =            2  RG0 =    6.2500000000000003E-003
 PFT=          10  ICO2TYP =            2  RGM25 =   0.40000000000000002     
 PFT=          10  ICO2TYP =            2  E_VCMAX =    71513.000000000000     
 PFT=          10  ICO2TYP =            2  RE_JMAX =    49884.000000000000     
 PFT=          11  ICO2TYP =            1  RVR0VT =    1.3000000000000001E-009
 PFT=          11  ICO2TYP =            1  RVCMAX25 =    50.000000000000000     
 PFT=          11  ICO2TYP =            1  RHUMREL =    1.0000000000000000     
 PFT=          11  ICO2TYP =            1  RA1 =   0.71999999999999997     
 PFT=          11  ICO2TYP =            1  RB1 =   0.20000000000000001     
 PFT=          11  ICO2TYP =            1  RG0 =    1.8749999999999999E-002
 PFT=          11  ICO2TYP =            1  RGM25 =   0.40000000000000002     
 PFT=          11  ICO2TYP =            1  E_VCMAX =    67300.000000000000     
 PFT=          11  ICO2TYP =            1  RE_JMAX =    77900.000000000000     
 PFT=          11  ICO2TYP =            2  RVR0VT =    1.3000000000000001E-009
 PFT=          11  ICO2TYP =            2  RVCMAX25 =    50.000000000000000     
 PFT=          11  ICO2TYP =            2  RHUMREL =    1.0000000000000000     
 PFT=          11  ICO2TYP =            2  RA1 =   0.71999999999999997     
 PFT=          11  ICO2TYP =            2  RB1 =   0.20000000000000001     
 PFT=          11  ICO2TYP =            2  RG0 =    1.8749999999999999E-002
 PFT=          11  ICO2TYP =            2  RGM25 =   0.40000000000000002     
 PFT=          11  ICO2TYP =            2  E_VCMAX =    67300.000000000000     
 PFT=          11  ICO2TYP =            2  RE_JMAX =    77900.000000000000     
 PFT=          12  ICO2TYP =            1  RVR0VT =    1.4499999999999999E-007
 PFT=          12  ICO2TYP =            1  RVCMAX25 =    50.000000000000000     
 PFT=          12  ICO2TYP =            1  RHUMREL =    1.0000000000000000     
 PFT=          12  ICO2TYP =            1  RA1 =   0.80000000000000004     
 PFT=          12  ICO2TYP =            1  RB1 =   0.14000000000000001     
 PFT=          12  ICO2TYP =            1  RG0 =    6.2500000000000003E-003
 PFT=          12  ICO2TYP =            1  RGM25 =   0.40000000000000002     
 PFT=          12  ICO2TYP =            1  E_VCMAX =    71513.000000000000     
 PFT=          12  ICO2TYP =            1  RE_JMAX =    49884.000000000000     
 PFT=          12  ICO2TYP =            2  RVR0VT =    1.4499999999999999E-007
 PFT=          12  ICO2TYP =            2  RVCMAX25 =    50.000000000000000     
 PFT=          12  ICO2TYP =            2  RHUMREL =    1.0000000000000000     
 PFT=          12  ICO2TYP =            2  RA1 =   0.80000000000000004     
 PFT=          12  ICO2TYP =            2  RB1 =   0.14000000000000001     
 PFT=          12  ICO2TYP =            2  RG0 =    6.2500000000000003E-003
 PFT=          12  ICO2TYP =            2  RGM25 =   0.40000000000000002     
 PFT=          12  ICO2TYP =            2  E_VCMAX =    71513.000000000000     
 PFT=          12  ICO2TYP =            2  RE_JMAX =    49884.000000000000     
 PFT=          13  ICO2TYP =            1  RVR0VT =    3.6920000000000000E-007
 PFT=          13  ICO2TYP =            1  RVCMAX25 =    48.600000000000001     
 PFT=          13  ICO2TYP =            1  RHUMREL =    4.0000000000000000     
 PFT=          13  ICO2TYP =            1  RA1 =   0.91900000000000004     
 PFT=          13  ICO2TYP =            1  RB1 =   0.12600000000000000     
 PFT=          13  ICO2TYP =            1  RG0 =    7.3899999999999999E-003
 PFT=          13  ICO2TYP =            1  RGM25 =   0.58999999999999997     
 PFT=          13  ICO2TYP =            1  E_VCMAX =    72906.600000000006     
 PFT=          13  ICO2TYP =            1  RE_JMAX =    34918.800000000003     
 PFT=          13  ICO2TYP =            2  RVR0VT =    3.6920000000000000E-007
 PFT=          13  ICO2TYP =            2  RVCMAX25 =    48.600000000000001     
 PFT=          13  ICO2TYP =            2  RHUMREL =    4.0000000000000000     
 PFT=          13  ICO2TYP =            2  RA1 =   0.91900000000000004     
 PFT=          13  ICO2TYP =            2  RB1 =   0.12600000000000000     
 PFT=          13  ICO2TYP =            2  RG0 =    7.3899999999999999E-003
 PFT=          13  ICO2TYP =            2  RGM25 =   0.58999999999999997     
 PFT=          13  ICO2TYP =            2  E_VCMAX =    72906.600000000006     
 PFT=          13  ICO2TYP =            2  RE_JMAX =    34918.800000000003     
 PFT=          14  ICO2TYP =            1  RVR0VT =    1.4499999999999999E-007
 PFT=          14  ICO2TYP =            1  RVCMAX25 =    50.000000000000000     
 PFT=          14  ICO2TYP =            1  RHUMREL =    1.0000000000000000     
 PFT=          14  ICO2TYP =            1  RA1 =   0.84999999999999998     
 PFT=          14  ICO2TYP =            1  RB1 =   0.14000000000000001     
 PFT=          14  ICO2TYP =            1  RG0 =    6.2500000000000003E-003
 PFT=          14  ICO2TYP =            1  RGM25 =   0.40000000000000002     
 PFT=          14  ICO2TYP =            1  E_VCMAX =    71513.000000000000     
 PFT=          14  ICO2TYP =            1  RE_JMAX =    49884.000000000000     
 PFT=          14  ICO2TYP =            2  RVR0VT =    1.4499999999999999E-007
 PFT=          14  ICO2TYP =            2  RVCMAX25 =    50.000000000000000     
 PFT=          14  ICO2TYP =            2  RHUMREL =    1.0000000000000000     
 PFT=          14  ICO2TYP =            2  RA1 =   0.84999999999999998     
 PFT=          14  ICO2TYP =            2  RB1 =   0.14000000000000001     
 PFT=          14  ICO2TYP =            2  RG0 =    6.2500000000000003E-003
 PFT=          14  ICO2TYP =            2  RGM25 =   0.40000000000000002     
 PFT=          14  ICO2TYP =            2  E_VCMAX =    71513.000000000000     
 PFT=          14  ICO2TYP =            2  RE_JMAX =    49884.000000000000     
 PFT=          15  ICO2TYP =            1  RVR0VT =    1.4499999999999999E-007
 PFT=          15  ICO2TYP =            1  RVCMAX25 =    50.000000000000000     
 PFT=          15  ICO2TYP =            1  RHUMREL =    1.0000000000000000     
 PFT=          15  ICO2TYP =            1  RA1 =   0.84999999999999998     
 PFT=          15  ICO2TYP =            1  RB1 =   0.14000000000000001     
 PFT=          15  ICO2TYP =            1  RG0 =    6.2500000000000003E-003
 PFT=          15  ICO2TYP =            1  RGM25 =   0.40000000000000002     
 PFT=          15  ICO2TYP =            1  E_VCMAX =    71513.000000000000     
 PFT=          15  ICO2TYP =            1  RE_JMAX =    49884.000000000000     
 PFT=          15  ICO2TYP =            2  RVR0VT =    1.4499999999999999E-007
 PFT=          15  ICO2TYP =            2  RVCMAX25 =    50.000000000000000     
 PFT=          15  ICO2TYP =            2  RHUMREL =    1.0000000000000000     
 PFT=          15  ICO2TYP =            2  RA1 =   0.84999999999999998     
 PFT=          15  ICO2TYP =            2  RB1 =   0.14000000000000001     
 PFT=          15  ICO2TYP =            2  RG0 =    6.2500000000000003E-003
 PFT=          15  ICO2TYP =            2  RGM25 =   0.40000000000000002     
 PFT=          15  ICO2TYP =            2  E_VCMAX =    71513.000000000000     
 PFT=          15  ICO2TYP =            2  RE_JMAX =    49884.000000000000     
 PFT=          16  ICO2TYP =            1  RVR0VT =    1.3280000000000000E-007
 PFT=          16  ICO2TYP =            1  RVCMAX25 =    58.399999999999999     
 PFT=          16  ICO2TYP =            1  RHUMREL =    2.6299999999999999     
 PFT=          16  ICO2TYP =            1  RA1 =   0.86399999999999999     
 PFT=          16  ICO2TYP =            1  RB1 =   0.20599999999999999     
 PFT=          16  ICO2TYP =            1  RG0 =    1.4200000000000001E-002
 PFT=          16  ICO2TYP =            1  RGM25 =   0.40000000000000002     
 PFT=          16  ICO2TYP =            1  E_VCMAX =    47110.000000000000     
 PFT=          16  ICO2TYP =            1  RE_JMAX =    54530.000000000000     
 PFT=          16  ICO2TYP =            2  RVR0VT =    1.3280000000000000E-007
 PFT=          16  ICO2TYP =            2  RVCMAX25 =    58.399999999999999     
 PFT=          16  ICO2TYP =            2  RHUMREL =    2.6299999999999999     
 PFT=          16  ICO2TYP =            2  RA1 =   0.86399999999999999     
 PFT=          16  ICO2TYP =            2  RB1 =   0.20599999999999999     
 PFT=          16  ICO2TYP =            2  RG0 =    1.4200000000000001E-002
 PFT=          16  ICO2TYP =            2  RGM25 =   0.40000000000000002     
 PFT=          16  ICO2TYP =            2  E_VCMAX =    47110.000000000000     
 PFT=          16  ICO2TYP =            2  RE_JMAX =    54530.000000000000     
 PFT=          17  ICO2TYP =            1  RVR0VT =    4.1600000000000002E-008
 PFT=          17  ICO2TYP =            1  RVCMAX25 =    44.500000000000000     
 PFT=          17  ICO2TYP =            1  RHUMREL =    4.0000000000000000     
 PFT=          17  ICO2TYP =            1  RA1 =   0.97750000000000004     
 PFT=          17  ICO2TYP =            1  RB1 =   0.11200000000000000     
 PFT=          17  ICO2TYP =            1  RG0 =    7.7299999999999999E-003
 PFT=          17  ICO2TYP =            1  RGM25 =   0.72399999999999998     
 PFT=          17  ICO2TYP =            1  E_VCMAX =    50059.099999999999     
 PFT=          17  ICO2TYP =            1  RE_JMAX =    52755.599999999999     
 PFT=          17  ICO2TYP =            2  RVR0VT =    4.1600000000000002E-008
 PFT=          17  ICO2TYP =            2  RVCMAX25 =    44.500000000000000     
 PFT=          17  ICO2TYP =            2  RHUMREL =    4.0000000000000000     
 PFT=          17  ICO2TYP =            2  RA1 =   0.97750000000000004     
 PFT=          17  ICO2TYP =            2  RB1 =   0.11200000000000000     
 PFT=          17  ICO2TYP =            2  RG0 =    7.7299999999999999E-003
 PFT=          17  ICO2TYP =            2  RGM25 =   0.72399999999999998     
 PFT=          17  ICO2TYP =            2  E_VCMAX =    50059.099999999999     
 PFT=          17  ICO2TYP =            2  RE_JMAX =    52755.599999999999     
 PFT=          18  ICO2TYP =            1  RVR0VT =    4.6979999999999998E-007
 PFT=          18  ICO2TYP =            1  RVCMAX25 =    42.200000000000003     
 PFT=          18  ICO2TYP =            1  RHUMREL =    1.7300000000000000     
 PFT=          18  ICO2TYP =            1  RA1 =   0.72199999999999998     
 PFT=          18  ICO2TYP =            1  RB1 =   0.15300000000000000     
 PFT=          18  ICO2TYP =            1  RG0 =    5.4299999999999999E-003
 PFT=          18  ICO2TYP =            1  RGM25 =   0.40400000000000003     
 PFT=          18  ICO2TYP =            1  E_VCMAX =    67899.300000000003     
 PFT=          18  ICO2TYP =            1  RE_JMAX =    34918.800000000003     
 PFT=          18  ICO2TYP =            2  RVR0VT =    4.6979999999999998E-007
 PFT=          18  ICO2TYP =            2  RVCMAX25 =    42.200000000000003     
 PFT=          18  ICO2TYP =            2  RHUMREL =    1.7300000000000000     
 PFT=          18  ICO2TYP =            2  RA1 =   0.72199999999999998     
 PFT=          18  ICO2TYP =            2  RB1 =   0.15300000000000000     
 PFT=          18  ICO2TYP =            2  RG0 =    5.4299999999999999E-003
 PFT=          18  ICO2TYP =            2  RGM25 =   0.40400000000000003     
 PFT=          18  ICO2TYP =            2  E_VCMAX =    67899.300000000003     
 PFT=          18  ICO2TYP =            2  RE_JMAX =    34918.800000000003     
 PFT=          19  ICO2TYP =            1  RVR0VT =    2.1070000000000000E-007
 PFT=          19  ICO2TYP =            1  RVCMAX25 =    50.000000000000000     
 PFT=          19  ICO2TYP =            1  RHUMREL =    1.0000000000000000     
 PFT=          19  ICO2TYP =            1  RA1 =   0.84999999999999998     
 PFT=          19  ICO2TYP =            1  RB1 =   0.14000000000000001     
 PFT=          19  ICO2TYP =            1  RG0 =    6.2500000000000003E-003
 PFT=          19  ICO2TYP =            1  RGM25 =   0.40000000000000002     
 PFT=          19  ICO2TYP =            1  E_VCMAX =    71513.000000000000     
 PFT=          19  ICO2TYP =            1  RE_JMAX =    49884.000000000000     
 PFT=          19  ICO2TYP =            2  RVR0VT =    2.1070000000000000E-007
 PFT=          19  ICO2TYP =            2  RVCMAX25 =    50.000000000000000     
 PFT=          19  ICO2TYP =            2  RHUMREL =    1.0000000000000000     
 PFT=          19  ICO2TYP =            2  RA1 =   0.84999999999999998     
 PFT=          19  ICO2TYP =            2  RB1 =   0.14000000000000001     
 PFT=          19  ICO2TYP =            2  RG0 =    6.2500000000000003E-003
 PFT=          19  ICO2TYP =            2  RGM25 =   0.40000000000000002     
 PFT=          19  ICO2TYP =            2  E_VCMAX =    71513.000000000000     
 PFT=          19  ICO2TYP =            2  RE_JMAX =    49884.000000000000     
 PFT=          20  ICO2TYP =            1  RVR0VT =    2.7000000000000001E-007
 PFT=          20  ICO2TYP =            1  RVCMAX25 =    50.000000000000000     
 PFT=          20  ICO2TYP =            1  RHUMREL =    1.0000000000000000     
 PFT=          20  ICO2TYP =            1  RA1 =   0.84999999999999998     
 PFT=          20  ICO2TYP =            1  RB1 =   0.14000000000000001     
 PFT=          20  ICO2TYP =            1  RG0 =    6.2500000000000003E-003
 PFT=          20  ICO2TYP =            1  RGM25 =   0.40000000000000002     
 PFT=          20  ICO2TYP =            1  E_VCMAX =    71513.000000000000     
 PFT=          20  ICO2TYP =            1  RE_JMAX =    49884.000000000000     
 PFT=          20  ICO2TYP =            2  RVR0VT =    2.7000000000000001E-007
 PFT=          20  ICO2TYP =            2  RVCMAX25 =    50.000000000000000     
 PFT=          20  ICO2TYP =            2  RHUMREL =    1.0000000000000000     
 PFT=          20  ICO2TYP =            2  RA1 =   0.84999999999999998     
 PFT=          20  ICO2TYP =            2  RB1 =   0.14000000000000001     
 PFT=          20  ICO2TYP =            2  RG0 =    6.2500000000000003E-003
 PFT=          20  ICO2TYP =            2  RGM25 =   0.40000000000000002     
 PFT=          20  ICO2TYP =            2  E_VCMAX =    71513.000000000000     
 PFT=          20  ICO2TYP =            2  RE_JMAX =    49884.000000000000     
 netcdf                                                                                              
 NETCDF-FILE restartout.nc OPENED ON UNIT        65536
 NETCDF-FILE o_gg.nc OPENED ON UNIT       131072
 PRDAW1   7.0000000000000007E-002  0.20999999999999999       0.71999999999999997        1.8899999999999999     
 PRDAW2   7.0000000000000007E-002  0.20999999999999999       0.71999999999999997        1.8899999999999999     
 YSURF%YSOIL%LEWBCHECK  =     F
 YSURF%YSOIL%LEWBCHECKAbort  =     F
 YSURF%YSOIL%LESNCHECK  =     F
 YSURF%YSOIL%LESNCHECKAbort  =     F
 YSURF%YSOIL%LESKTI5  =     F
 YSURF%YSOIL%LESKTI8  =     F
 YSURF%YSOIL%LEWBSOILFIX  =     T
 YSURF%YSOIL%LESOILCOND  =     T
 YSURF%YSOIL%LESNWBCON  =     F
 YSURF%YSOIL%LEROLAKE  =     T
 RVDIFTS =    1.0000000000000000     
 SUPHEC IS OVER 
 START CNT31S
 COMMON YOMDYN1S 
 TSTEP  = 0.10800000E+05 TDT    = 0.18000000E+04
 NACCTYPE  =     2
 LPREINT  =     F
 LSWINT  =     F
 LSWINT  =     F
 TCOUPFREQ  = 0.86400000E+05
 COMMON YOMCT01S 
 LNF    =  T LMPLOT =  F
 NFRPLT =      1 NCYCLE  =      1
 CNMEXP = CMFD_FULL_30D   
 NSTART =      0 NSTOP  =    240 NFRPOS =      8 NFRRES =    240 NFRHIS =    480
 NETCDF-FILE surfclim OPENED ON UNIT       196608
 DIMENSION ylat FOUND WITH LEN=           1
 DIMENSION xlon FOUND WITH LEN=       97709
 TOTAL NUMBER OF GRID POINTS:                   97709
 NUMBER OF GRID POINTS IN CATCHMENT:            97709
 NUMBER OF GRID POINTS IN CURRENT BATCH:        97709

 LATITUDE
 MEAN-VALUE:        36.426262     NUMBER:      97709
 MIN -VALUE:        36.426262     AT (X,Y) =     1    1
 MAX -VALUE:        36.426262     AT (X,Y) =     1    1

 LONGITUD
 MEAN-VALUE:        103.86946     NUMBER:      97709
 MIN -VALUE:        73.387158     AT (X,Y) = 60679    1
 MAX -VALUE:        135.11841     AT (X,Y) = 93296    1
 RDCOOR is over
SUGC1S: NPOIGLOB=     97709
SUGC1S: J=     1 NPOIOFF(1)=         0 NPOIOFF(2)=     97709 NPOIP=     97709
 NVHILO=           2
 pointer dimension finish
 pointer allocation finish
 climate pointer allocation finish
 Entring RDCLIM
 DIMENSION y lat FOUND WITH LEN=           1
 DIMENSION x lon FOUND WITH LEN=       97709
 DIMENSION month month FOUND WITH LEN=          12

 ALBEDO01
 MEAN-VALUE:       0.13175540     NUMBER:      97709
 MIN -VALUE:       0.13175540     AT (X,Y) =     1    1
 MAX -VALUE:       0.13175540     AT (X,Y) =     1    1

 ALBEDO02
 MEAN-VALUE:       0.13175540     NUMBER:      97709
 MIN -VALUE:       0.13175540     AT (X,Y) =     1    1
 MAX -VALUE:       0.13175540     AT (X,Y) =     1    1

 ALBEDO03
 MEAN-VALUE:       0.13175540     NUMBER:      97709
 MIN -VALUE:       0.13175540     AT (X,Y) =     1    1
 MAX -VALUE:       0.13175540     AT (X,Y) =     1    1

 ALBEDO04
 MEAN-VALUE:       0.13175540     NUMBER:      97709
 MIN -VALUE:       0.13175540     AT (X,Y) =     1    1
 MAX -VALUE:       0.13175540     AT (X,Y) =     1    1

 ALBEDO05
 MEAN-VALUE:       0.13175540     NUMBER:      97709
 MIN -VALUE:       0.13175540     AT (X,Y) =     1    1
 MAX -VALUE:       0.13175540     AT (X,Y) =     1    1

 ALBEDO06
 MEAN-VALUE:       0.13175540     NUMBER:      97709
 MIN -VALUE:       0.13175540     AT (X,Y) =     1    1
 MAX -VALUE:       0.13175540     AT (X,Y) =     1    1

 ALBEDO07
 MEAN-VALUE:       0.13175540     NUMBER:      97709
 MIN -VALUE:       0.13175540     AT (X,Y) =     1    1
 MAX -VALUE:       0.13175540     AT (X,Y) =     1    1

 ALBEDO08
 MEAN-VALUE:       0.13175540     NUMBER:      97709
 MIN -VALUE:       0.13175540     AT (X,Y) =     1    1
 MAX -VALUE:       0.13175540     AT (X,Y) =     1    1

 ALBEDO09
 MEAN-VALUE:       0.13175540     NUMBER:      97709
 MIN -VALUE:       0.13175540     AT (X,Y) =     1    1
 MAX -VALUE:       0.13175540     AT (X,Y) =     1    1

 ALBEDO10
 MEAN-VALUE:       0.13175540     NUMBER:      97709
 MIN -VALUE:       0.13175540     AT (X,Y) =     1    1
 MAX -VALUE:       0.13175540     AT (X,Y) =     1    1

 ALBEDO11
 MEAN-VALUE:       0.13175540     NUMBER:      97709
 MIN -VALUE:       0.13175540     AT (X,Y) =     1    1
 MAX -VALUE:       0.13175540     AT (X,Y) =     1    1

 ALBEDO12
 MEAN-VALUE:       0.13175540     NUMBER:      97709
 MIN -VALUE:       0.13175540     AT (X,Y) =     1    1
 MAX -VALUE:       0.13175540     AT (X,Y) =     1    1

   FWET01
 MEAN-VALUE:       0.12197570     NUMBER:      97709
 MIN -VALUE:       0.12197570     AT (X,Y) =     1    1
 MAX -VALUE:       0.12197570     AT (X,Y) =     1    1

   FWET02
 MEAN-VALUE:       0.12197570     NUMBER:      97709
 MIN -VALUE:       0.12197570     AT (X,Y) =     1    1
 MAX -VALUE:       0.12197570     AT (X,Y) =     1    1

   FWET03
 MEAN-VALUE:       0.12197570     NUMBER:      97709
 MIN -VALUE:       0.12197570     AT (X,Y) =     1    1
 MAX -VALUE:       0.12197570     AT (X,Y) =     1    1

   FWET04
 MEAN-VALUE:       0.12197570     NUMBER:      97709
 MIN -VALUE:       0.12197570     AT (X,Y) =     1    1
 MAX -VALUE:       0.12197570     AT (X,Y) =     1    1

   FWET05
 MEAN-VALUE:       0.12197570     NUMBER:      97709
 MIN -VALUE:       0.12197570     AT (X,Y) =     1    1
 MAX -VALUE:       0.12197570     AT (X,Y) =     1    1

   FWET06
 MEAN-VALUE:       0.12197570     NUMBER:      97709
 MIN -VALUE:       0.12197570     AT (X,Y) =     1    1
 MAX -VALUE:       0.12197570     AT (X,Y) =     1    1

   FWET07
 MEAN-VALUE:       0.12197570     NUMBER:      97709
 MIN -VALUE:       0.12197570     AT (X,Y) =     1    1
 MAX -VALUE:       0.12197570     AT (X,Y) =     1    1

   FWET08
 MEAN-VALUE:       0.12197570     NUMBER:      97709
 MIN -VALUE:       0.12197570     AT (X,Y) =     1    1
 MAX -VALUE:       0.12197570     AT (X,Y) =     1    1

   FWET09
 MEAN-VALUE:       0.12197570     NUMBER:      97709
 MIN -VALUE:       0.12197570     AT (X,Y) =     1    1
 MAX -VALUE:       0.12197570     AT (X,Y) =     1    1

   FWET10
 MEAN-VALUE:       0.12197570     NUMBER:      97709
 MIN -VALUE:       0.12197570     AT (X,Y) =     1    1
 MAX -VALUE:       0.12197570     AT (X,Y) =     1    1

   FWET11
 MEAN-VALUE:       0.12197570     NUMBER:      97709
 MIN -VALUE:       0.12197570     AT (X,Y) =     1    1
 MAX -VALUE:       0.12197570     AT (X,Y) =     1    1

   FWET12
 MEAN-VALUE:       0.12197570     NUMBER:      97709
 MIN -VALUE:       0.12197570     AT (X,Y) =     1    1
 MAX -VALUE:       0.12197570     AT (X,Y) =     1    1

 landsea 
 MEAN-VALUE:        1.0000000     NUMBER:      97709
 MIN -VALUE:        1.0000000     AT (X,Y) =     1    1
 MAX -VALUE:        1.0000000     AT (X,Y) =     1    1

 geopot  
 MEAN-VALUE:        20111.709     NUMBER:      97709
 MIN -VALUE:        9806.6500     AT (X,Y) =     1    1
 MAX -VALUE:        63743.225     AT (X,Y) = 12818    1

 cvl     
 MEAN-VALUE:       0.55000000     NUMBER:      97709
 MIN -VALUE:       0.55000000     AT (X,Y) =     1    1
 MAX -VALUE:       0.55000000     AT (X,Y) =     1    1

 cvh     
 MEAN-VALUE:       0.50000000E-01 NUMBER:      97709
 MIN -VALUE:       0.50000000E-01 AT (X,Y) =     1    1
 MAX -VALUE:       0.50000000E-01 AT (X,Y) =     1    1

 tvl     
 MEAN-VALUE:        3.0000000     NUMBER:      97709
 MIN -VALUE:        3.0000000     AT (X,Y) =     1    1
 MAX -VALUE:        3.0000000     AT (X,Y) =     1    1

 tvh     
 MEAN-VALUE:        5.0000000     NUMBER:      97709
 MIN -VALUE:        5.0000000     AT (X,Y) =     1    1
 MAX -VALUE:        5.0000000     AT (X,Y) =     1    1

 sotype  
 MEAN-VALUE:        3.0000000     NUMBER:      97709
 MIN -VALUE:        3.0000000     AT (X,Y) =     1    1
 MAX -VALUE:        3.0000000     AT (X,Y) =     1    1

 sdor    
 MEAN-VALUE:        100.00000     NUMBER:      97709
 MIN -VALUE:        100.00000     AT (X,Y) =     1    1
 MAX -VALUE:        100.00000     AT (X,Y) =     1    1

 sst     
 MEAN-VALUE:        280.00000     NUMBER:      97709
 MIN -VALUE:        280.00000     AT (X,Y) =     1    1
 MAX -VALUE:        280.00000     AT (X,Y) =     1    1

 seaice  
 MEAN-VALUE:        0.0000000     NUMBER:      97709
 MIN -VALUE:        0.0000000     AT (X,Y) =     1    1
 MAX -VALUE:        0.0000000     AT (X,Y) =     1    1

 LDEPTH  
 MEAN-VALUE:       0.10000000E+21 NUMBER:      97709
 MIN -VALUE:       0.10000000E+21 AT (X,Y) =     1    1
 MAX -VALUE:       0.10000000E+21 AT (X,Y) =     1    1

 CLAKE   
 MEAN-VALUE:       0.10000000E+21 NUMBER:      97709
 MIN -VALUE:       0.10000000E+21 AT (X,Y) =     1    1
 MAX -VALUE:       0.10000000E+21 AT (X,Y) =     1    1

 z0m     
 MEAN-VALUE:       0.50000000E-01 NUMBER:      97709
 MIN -VALUE:       0.50000000E-01 AT (X,Y) =     1    1
 MAX -VALUE:       0.50000000E-01 AT (X,Y) =     1    1

 lz0h    
 MEAN-VALUE:       0.10000000E-01 NUMBER:      97709
 MIN -VALUE:       0.10000000E-01 AT (X,Y) =     1    1
 MAX -VALUE:       0.10000000E-01 AT (X,Y) =     1    1

 x       
 MEAN-VALUE:       -1.0000000     NUMBER:      97709
 MIN -VALUE:       -1.0000000     AT (X,Y) =     1    1
 MAX -VALUE:       -1.0000000     AT (X,Y) =     1    1

 CLAKEF  
 MEAN-VALUE:       0.10000000E+21 NUMBER:      97709
 MIN -VALUE:       0.10000000E+21 AT (X,Y) =     1    1
 MAX -VALUE:       0.10000000E+21 AT (X,Y) =     1    1
 VFCO2TYP READ    3.0000000000000000     

 Ctype   
 MEAN-VALUE:        3.0000000     NUMBER:      97709
 MIN -VALUE:        3.0000000     AT (X,Y) =     1    1
 MAX -VALUE:        3.0000000     AT (X,Y) =     1    1

 R0VT01  
 MEAN-VALUE:       0.14500000E-06 NUMBER:      97709
 MIN -VALUE:       0.14500000E-06 AT (X,Y) =     1    1
 MAX -VALUE:       0.14500000E-06 AT (X,Y) =     1    1

 R0VT02  
 MEAN-VALUE:       0.14500000E-06 NUMBER:      97709
 MIN -VALUE:       0.14500000E-06 AT (X,Y) =     1    1
 MAX -VALUE:       0.14500000E-06 AT (X,Y) =     1    1
 RDCLIM CALLED, VFTRI, VFSWDK_SAVE, VFOCDEPTH... RESET
 RDCLIM is over
 NETCDF-FILE soilinit OPENED ON UNIT       196608
 DIMENSION y lat FOUND WITH LEN=           1
 DIMENSION x lon FOUND WITH LEN=       97709
 DIMENSION nlevs nlevs FOUND WITH LEN=           4
 DIMENSION vtype vtype FOUND WITH LEN=           2
 DIMENSION vtype nlevsn FOUND WITH LEN=           1
 Input contains:           1  snow layer, while running with:           5  layers
 Input initialized from total fields

 SoilTemp
 MEAN-VALUE:        264.57497     NUMBER:      97709
 MIN -VALUE:        241.83631     AT (X,Y) = 95078    1
 MAX -VALUE:        296.15815     AT (X,Y) =   807    1

 SoilTemp
 MEAN-VALUE:        267.27477     NUMBER:      97709
 MIN -VALUE:        243.91847     AT (X,Y) = 74222    1
 MAX -VALUE:        297.34410     AT (X,Y) =    24    1

 SoilTemp
 MEAN-VALUE:        272.12749     NUMBER:      97709
 MIN -VALUE:        245.58843     AT (X,Y) = 74224    1
 MAX -VALUE:        299.89130     AT (X,Y) =   807    1

 SoilTemp
 MEAN-VALUE:        279.70557     NUMBER:      97709
 MIN -VALUE:        247.96497     AT (X,Y) = 44859    1
 MAX -VALUE:        304.53466     AT (X,Y) =   807    1

  icetemp
 MEAN-VALUE:        271.46000     NUMBER:      97709
 MIN -VALUE:        271.46000     AT (X,Y) =     1    1
 MAX -VALUE:        271.46000     AT (X,Y) =     1    1

  icetemp
 MEAN-VALUE:        271.46000     NUMBER:      97709
 MIN -VALUE:        271.46000     AT (X,Y) =     1    1
 MAX -VALUE:        271.46000     AT (X,Y) =     1    1

  icetemp
 MEAN-VALUE:        271.46000     NUMBER:      97709
 MIN -VALUE:        271.46000     AT (X,Y) =     1    1
 MAX -VALUE:        271.46000     AT (X,Y) =     1    1

  icetemp
 MEAN-VALUE:        271.46000     NUMBER:      97709
 MIN -VALUE:        271.46000     AT (X,Y) =     1    1
 MAX -VALUE:        271.46000     AT (X,Y) =     1    1
 RDSUPR: INPUT SOIL MOISTURE CONVERTED TO M3 M-3

 SoilMois
 MEAN-VALUE:       0.21615074     NUMBER:      97709
 MIN -VALUE:        0.0000000     AT (X,Y) = 12364    1
 MAX -VALUE:       0.43000000     AT (X,Y) = 12526    1
 RDSUPR: INPUT SOIL MOISTURE CONVERTED TO M3 M-3

 SoilMois
 MEAN-VALUE:       0.22781044     NUMBER:      97709
 MIN -VALUE:       0.90036122E-02 AT (X,Y) = 78122    1
 MAX -VALUE:       0.42929155     AT (X,Y) = 73761    1
 RDSUPR: INPUT SOIL MOISTURE CONVERTED TO M3 M-3

 SoilMois
 MEAN-VALUE:       0.23810078     NUMBER:      97709
 MIN -VALUE:        0.0000000     AT (X,Y) = 53677    1
 MAX -VALUE:       0.42983882     AT (X,Y) = 46331    1
 RDSUPR: INPUT SOIL MOISTURE CONVERTED TO M3 M-3

 SoilMois
 MEAN-VALUE:       0.26202797     NUMBER:      97709
 MIN -VALUE:        0.0000000     AT (X,Y) = 58976    1
 MAX -VALUE:       0.42999547     AT (X,Y) = 12526    1

  SWE    
 MEAN-VALUE:        15.289514     NUMBER:      97709
 MIN -VALUE:        0.0000000     AT (X,Y) =     1    1
 MAX -VALUE:        10000.000     AT (X,Y) = 12817    1

  snowden
 MEAN-VALUE:        135.74987     NUMBER:      97709
 MIN -VALUE:        100.00000     AT (X,Y) =     1    1
 MAX -VALUE:        450.00000     AT (X,Y) = 12526    1

  SAlbedo
 MEAN-VALUE:       0.60082859     NUMBER:      97709
 MIN -VALUE:       0.50000000     AT (X,Y) =  7106    1
 MAX -VALUE:       0.85000000     AT (X,Y) =     1    1

  SnowT  
 MEAN-VALUE:        255.51786     NUMBER:      97709
 MIN -VALUE:        221.87232     AT (X,Y) = 96835    1
 MAX -VALUE:        273.16000     AT (X,Y) =     1    1

  CanopIn
 MEAN-VALUE:        0.0000000     NUMBER:      97709
 MIN -VALUE:        0.0000000     AT (X,Y) =     1    1
 MAX -VALUE:        0.0000000     AT (X,Y) =     1    1

  AvgSurf
 MEAN-VALUE:        257.39942     NUMBER:      97709
 MIN -VALUE:        219.71364     AT (X,Y) = 96835    1
 MAX -VALUE:        297.18935     AT (X,Y) =   807    1

  TLICE  
 MEAN-VALUE:       0.10000000E+21 NUMBER:      97709
 MIN -VALUE:       0.10000000E+21 AT (X,Y) =     1    1
 MAX -VALUE:       0.10000000E+21 AT (X,Y) =     1    1

  TLMNW  
 MEAN-VALUE:       0.10000000E+21 NUMBER:      97709
 MIN -VALUE:       0.10000000E+21 AT (X,Y) =     1    1
 MAX -VALUE:       0.10000000E+21 AT (X,Y) =     1    1

  TLWML  
 MEAN-VALUE:       0.10000000E+21 NUMBER:      97709
 MIN -VALUE:       0.10000000E+21 AT (X,Y) =     1    1
 MAX -VALUE:       0.10000000E+21 AT (X,Y) =     1    1

  TLBOT  
 MEAN-VALUE:       0.10000000E+21 NUMBER:      97709
 MIN -VALUE:       0.10000000E+21 AT (X,Y) =     1    1
 MAX -VALUE:       0.10000000E+21 AT (X,Y) =     1    1

  TLSF   
 MEAN-VALUE:       0.10000000E+21 NUMBER:      97709
 MIN -VALUE:       0.10000000E+21 AT (X,Y) =     1    1
 MAX -VALUE:       0.10000000E+21 AT (X,Y) =     1    1

  HLICE  
 MEAN-VALUE:       0.10000000E+21 NUMBER:      97709
 MIN -VALUE:       0.10000000E+21 AT (X,Y) =     1    1
 MAX -VALUE:       0.10000000E+21 AT (X,Y) =     1    1

  HLML   
 MEAN-VALUE:       0.10000000E+21 NUMBER:      97709
 MIN -VALUE:       0.10000000E+21 AT (X,Y) =     1    1
 MAX -VALUE:       0.10000000E+21 AT (X,Y) =     1    1
slw                  NOT PRESENT IN INPUT FILE
slw                  Set to Zero

  slw    
 MEAN-VALUE:        0.0000000     NUMBER:      97709
 MIN -VALUE:        0.0000000     AT (X,Y) =     1    1
 MAX -VALUE:        0.0000000     AT (X,Y) =     1    1
Filling Snow 3D fields with 2D information

    laivt
 MEAN-VALUE:       0.30000000     NUMBER:      97709
 MIN -VALUE:       0.30000000     AT (X,Y) =     1    1
 MAX -VALUE:       0.30000000     AT (X,Y) =     1    1

    laivt
 MEAN-VALUE:       0.30000000     NUMBER:      97709
 MIN -VALUE:       0.30000000     AT (X,Y) =     1    1
 MAX -VALUE:       0.30000000     AT (X,Y) =     1    1

  Biomstr
 MEAN-VALUE:        0.0000000     NUMBER:      97709
 MIN -VALUE:        0.0000000     AT (X,Y) =     1    1
 MAX -VALUE:        0.0000000     AT (X,Y) =     1    1

  Biomstr
 MEAN-VALUE:        0.0000000     NUMBER:      97709
 MIN -VALUE:        0.0000000     AT (X,Y) =     1    1
 MAX -VALUE:        0.0000000     AT (X,Y) =     1    1

 Biomstr2
 MEAN-VALUE:        0.0000000     NUMBER:      97709
 MIN -VALUE:        0.0000000     AT (X,Y) =     1    1
 MAX -VALUE:        0.0000000     AT (X,Y) =     1    1

 Biomstr2
 MEAN-VALUE:        0.0000000     NUMBER:      97709
 MIN -VALUE:        0.0000000     AT (X,Y) =     1    1
 MAX -VALUE:        0.0000000     AT (X,Y) =     1    1
 RALT =    10.000000000000000     
 RZUV =    10.000000000000000     
 DTIMFC  =    10800.000000000000     
 DIMFORC  =            2
 NETCDF-FILE forcing OPENED ON UNIT       196608
 seconds since 2018 01 01 00 00 00                                                                   
 Forcing start-model start,Forcing end - model start,model end - model start (seconds since..):
   0.0000000000000000        2602800.0000000000        2602800.0000000000     
  FORCING READ BETWEEN FORCING TIME STEPS            1  AND          242

 Wind    
 MEAN-VALUE:        1.7571449     NUMBER:      97709
 MIN -VALUE:       0.51998138E-01 AT (X,Y) =  3338    1
 MAX -VALUE:        14.575996     AT (X,Y) = 79917    1
  FORCING DATA Wind READ FOR          242  FORCING STEPS
 NETCDF-FILE forcing OPENED ON UNIT       196608
 seconds since 2018 01 01 00 00 00                                                                   
 Forcing start-model start,Forcing end - model start,model end - model start (seconds since..):
   0.0000000000000000        2602800.0000000000        2602800.0000000000     
  FORCING READ BETWEEN FORCING TIME STEPS            1  AND          242

 Tair    
 MEAN-VALUE:        261.57160     NUMBER:      97709
 MIN -VALUE:        229.56000     AT (X,Y) = 80553    1
 MAX -VALUE:        302.69000     AT (X,Y) =   807    1
  FORCING DATA Tair READ FOR          242  FORCING STEPS
 NETCDF-FILE forcing OPENED ON UNIT       196608
 seconds since 2018 01 01 00 00 00                                                                   
 Forcing start-model start,Forcing end - model start,model end - model start (seconds since..):
   0.0000000000000000        2602800.0000000000        2602800.0000000000     
  FORCING READ BETWEEN FORCING TIME STEPS            1  AND          242

 Qair    
 MEAN-VALUE:       0.18780239E-02 NUMBER:      97709
 MIN -VALUE:       0.20004809E-05 AT (X,Y) = 80553    1
 MAX -VALUE:       0.13615000E-01 AT (X,Y) =  1094    1
  FORCING DATA Qair READ FOR          242  FORCING STEPS
 NETCDF-FILE forcing OPENED ON UNIT       196608
 seconds since 2018 01 01 00 00 00                                                                   
 Forcing start-model start,Forcing end - model start,model end - model start (seconds since..):
   0.0000000000000000        2602800.0000000000        2602800.0000000000     
  FORCING READ BETWEEN FORCING TIME STEPS            1  AND          242

 PSurf   
 MEAN-VALUE:        83974.006     NUMBER:      97709
 MIN -VALUE:        39432.000     AT (X,Y) = 44859    1
 MAX -VALUE:        116960.00     AT (X,Y) =   807    1
  FORCING DATA PSurf READ FOR          242  FORCING STEPS
 NETCDF-FILE forcing OPENED ON UNIT       196608
 seconds since 2018 01 01 00 00 00                                                                   
 Forcing start-model start,Forcing end - model start,model end - model start (seconds since..):
   0.0000000000000000        2602800.0000000000        2602800.0000000000     
  FORCING READ BETWEEN FORCING TIME STEPS            1  AND          242

 SWdown  
 MEAN-VALUE:        20.826776     NUMBER:      97709
 MIN -VALUE:        0.0000000     AT (X,Y) = 14080    1
 MAX -VALUE:        196.50000     AT (X,Y) =  5971    1
  FORCING DATA SWdown READ FOR          242  FORCING STEPS
 NETCDF-FILE forcing OPENED ON UNIT       196608
 seconds since 2018 01 01 00 00 00                                                                   
 Forcing start-model start,Forcing end - model start,model end - model start (seconds since..):
   0.0000000000000000        2602800.0000000000        2602800.0000000000     
  FORCING READ BETWEEN FORCING TIME STEPS            1  AND          242

 LWdown  
 MEAN-VALUE:        205.58503     NUMBER:      97709
 MIN -VALUE:        103.00000     AT (X,Y) = 47638    1
 MAX -VALUE:        420.00000     AT (X,Y) =  4865    1
  FORCING DATA LWdown READ FOR          242  FORCING STEPS
 NETCDF-FILE forcing OPENED ON UNIT       196608
 seconds since 2018 01 01 00 00 00                                                                   
 Forcing start-model start,Forcing end - model start,model end - model start (seconds since..):
   0.0000000000000000        2602800.0000000000        2602800.0000000000     
  FORCING READ BETWEEN FORCING TIME STEPS            1  AND          242

 Rainf   
 MEAN-VALUE:       0.10845558E-05 NUMBER:      97709
 MIN -VALUE:        0.0000000     AT (X,Y) =     1    1
 MAX -VALUE:       0.21895831E-02 AT (X,Y) =   727    1
  FORCING DATA Rainf READ FOR          242  FORCING STEPS
 NETCDF-FILE forcing OPENED ON UNIT       196608
 seconds since 2018 01 01 00 00 00                                                                   
 Forcing start-model start,Forcing end - model start,model end - model start (seconds since..):
   0.0000000000000000        2602800.0000000000        2602800.0000000000     
  FORCING READ BETWEEN FORCING TIME STEPS            1  AND          242

 Snowf   
 MEAN-VALUE:       0.72050445E-06 NUMBER:      97709
 MIN -VALUE:        0.0000000     AT (X,Y) =     1    1
 MAX -VALUE:       0.39722232E-03 AT (X,Y) = 14449    1
  FORCING DATA Snowf READ FOR          242  FORCING STEPS
  CONVECTIVE TP NOT PRESENT, SET TO 0. 
  FORCING DATA READ FOR          242  FORCING STEPS
STEP=         0 DATE= 20180101    0
  ***** ATMOSPHERIC CO2:   408.83199999999999     
 WRTPCDF
 WRTDRES
 RESTART FILE WRITTEN FOR TIMESTEP:            0
 CPG1S slab closure: lambda=   0.0000000000000000       beta=   0.0000000000000000       tau_day_s=   0.0000000000000000       tau_night_s=   0.0000000000000000       asym= F
STEP=         0 WALs   0.579
STEP=         1 DATE= 20180101  300
  ***** ATMOSPHERIC CO2:   408.83199999999999     
 WRTCLIM
STEP=         1 WALs   0.304
STEP=         2 DATE= 20180101  600
  ***** ATMOSPHERIC CO2:   408.83199999999999     
STEP=         2 WALs   0.292
STEP=         3 DATE= 20180101  900
  ***** ATMOSPHERIC CO2:   408.83199999999999     
STEP=         3 WALs   0.277
STEP=         4 DATE= 20180101 1200
  ***** ATMOSPHERIC CO2:   408.83199999999999     
STEP=         4 WALs   0.301
STEP=         5 DATE= 20180101 1500
  ***** ATMOSPHERIC CO2:   408.83199999999999     
STEP=         5 WALs   0.265
STEP=         6 DATE= 20180101 1800
  ***** ATMOSPHERIC CO2:   408.83199999999999     
STEP=         6 WALs   0.271
STEP=         7 DATE= 20180101 2100
  ***** ATMOSPHERIC CO2:   408.83199999999999     
STEP=         7 WALs   0.271
STEP=         8 DATE= 20180102    0
  ***** ATMOSPHERIC CO2:   408.83199999999999     
 WRTPCDF
 WRTDCDF
 WRTD2CDF
STEP=         8 WALs   0.388
STEP=         9 DATE= 20180102  300
  ***** ATMOSPHERIC CO2:   408.83199999999999     
STEP=         9 WALs   0.281
STEP=        10 DATE= 20180102  600
  ***** ATMOSPHERIC CO2:   408.83199999999999     
STEP=        10 WALs   0.275
STEP=        11 DATE= 20180102  900
  ***** ATMOSPHERIC CO2:   408.83199999999999     
STEP=        11 WALs   0.279
STEP=        12 DATE= 20180102 1200
  ***** ATMOSPHERIC CO2:   408.83199999999999     
STEP=        12 WALs   0.303
STEP=        13 DATE= 20180102 1500
  ***** ATMOSPHERIC CO2:   408.83199999999999     
STEP=        13 WALs   0.294
STEP=        14 DATE= 20180102 1800
  ***** ATMOSPHERIC CO2:   408.83199999999999     
STEP=        14 WALs   0.277
STEP=        15 DATE= 20180102 2100
  ***** ATMOSPHERIC CO2:   408.83199999999999     
STEP=        15 WALs   0.278
STEP=        16 DATE= 20180103    0
  ***** ATMOSPHERIC CO2:   408.83199999999999     
 WRTPCDF
 WRTDCDF
 WRTD2CDF
STEP=        16 WALs   0.386
STEP=        17 DATE= 20180103  300
  ***** ATMOSPHERIC CO2:   408.83199999999999     
STEP=        17 WALs   0.298
STEP=        18 DATE= 20180103  600
  ***** ATMOSPHERIC CO2:   408.83199999999999     
STEP=        18 WALs   0.285
STEP=        19 DATE= 20180103  900
  ***** ATMOSPHERIC CO2:   408.83199999999999     
STEP=        19 WALs   0.285
STEP=        20 DATE= 20180103 1200
  ***** ATMOSPHERIC CO2:   408.83199999999999     
STEP=        20 WALs   0.280
STEP=        21 DATE= 20180103 1500
  ***** ATMOSPHERIC CO2:   408.83199999999999     
STEP=        21 WALs   0.285
STEP=        22 DATE= 20180103 1800
  ***** ATMOSPHERIC CO2:   408.83199999999999     
STEP=        22 WALs   0.282
STEP=        23 DATE= 20180103 2100
  ***** ATMOSPHERIC CO2:   408.83199999999999     
STEP=        23 WALs   0.280
STEP=        24 DATE= 20180104    0
  ***** ATMOSPHERIC CO2:   408.83199999999999     
 WRTPCDF
 WRTDCDF
 WRTD2CDF
STEP=        24 WALs   0.405
STEP=        25 DATE= 20180104  300
  ***** ATMOSPHERIC CO2:   408.83199999999999     
STEP=        25 WALs   0.279
STEP=        26 DATE= 20180104  600
  ***** ATMOSPHERIC CO2:   408.83199999999999     
STEP=        26 WALs   0.275
STEP=        27 DATE= 20180104  900
  ***** ATMOSPHERIC CO2:   408.83199999999999     
STEP=        27 WALs   0.300
STEP=        28 DATE= 20180104 1200
  ***** ATMOSPHERIC CO2:   408.83199999999999     
STEP=        28 WALs   0.267
STEP=        29 DATE= 20180104 1500
  ***** ATMOSPHERIC CO2:   408.83199999999999     
STEP=        29 WALs   0.282
STEP=        30 DATE= 20180104 1800
  ***** ATMOSPHERIC CO2:   408.83199999999999     
STEP=        30 WALs   0.282
STEP=        31 DATE= 20180104 2100
  ***** ATMOSPHERIC CO2:   408.83199999999999     
STEP=        31 WALs   0.268
STEP=        32 DATE= 20180105    0
  ***** ATMOSPHERIC CO2:   408.83199999999999     
 WRTPCDF
 WRTDCDF
 WRTD2CDF
STEP=        32 WALs   0.405
STEP=        33 DATE= 20180105  300
  ***** ATMOSPHERIC CO2:   408.83199999999999     
STEP=        33 WALs   0.267
STEP=        34 DATE= 20180105  600
  ***** ATMOSPHERIC CO2:   408.83199999999999     
STEP=        34 WALs   0.275
STEP=        35 DATE= 20180105  900
  ***** ATMOSPHERIC CO2:   408.83199999999999     
STEP=        35 WALs   0.272
STEP=        36 DATE= 20180105 1200
  ***** ATMOSPHERIC CO2:   408.83199999999999     
STEP=        36 WALs   0.269
STEP=        37 DATE= 20180105 1500
  ***** ATMOSPHERIC CO2:   408.83199999999999     
STEP=        37 WALs   0.282
STEP=        38 DATE= 20180105 1800
  ***** ATMOSPHERIC CO2:   408.83199999999999     
STEP=        38 WALs   0.284
STEP=        39 DATE= 20180105 2100
  ***** ATMOSPHERIC CO2:   408.83199999999999     
STEP=        39 WALs   0.282
STEP=        40 DATE= 20180106    0
  ***** ATMOSPHERIC CO2:   408.83199999999999     
 WRTPCDF
 WRTDCDF
 WRTD2CDF
STEP=        40 WALs   0.390
STEP=        41 DATE= 20180106  300
  ***** ATMOSPHERIC CO2:   408.83199999999999     
STEP=        41 WALs   0.283
STEP=        42 DATE= 20180106  600
  ***** ATMOSPHERIC CO2:   408.83199999999999     
STEP=        42 WALs   0.279
STEP=        43 DATE= 20180106  900
  ***** ATMOSPHERIC CO2:   408.83199999999999     
STEP=        43 WALs   0.274
STEP=        44 DATE= 20180106 1200
  ***** ATMOSPHERIC CO2:   408.83199999999999     
STEP=        44 WALs   0.276
STEP=        45 DATE= 20180106 1500
  ***** ATMOSPHERIC CO2:   408.83199999999999     
STEP=        45 WALs   0.281
STEP=        46 DATE= 20180106 1800
  ***** ATMOSPHERIC CO2:   408.83199999999999     
STEP=        46 WALs   0.281
STEP=        47 DATE= 20180106 2100
  ***** ATMOSPHERIC CO2:   408.83199999999999     
STEP=        47 WALs   0.291
STEP=        48 DATE= 20180107    0
  ***** ATMOSPHERIC CO2:   408.83199999999999     
 WRTPCDF
 WRTDCDF
 WRTD2CDF
STEP=        48 WALs   0.384
STEP=        49 DATE= 20180107  300
  ***** ATMOSPHERIC CO2:   408.83199999999999     
STEP=        49 WALs   0.285
STEP=        50 DATE= 20180107  600
  ***** ATMOSPHERIC CO2:   408.83199999999999     
STEP=        50 WALs   0.285
STEP=        51 DATE= 20180107  900
  ***** ATMOSPHERIC CO2:   408.83199999999999     
STEP=        51 WALs   0.275
STEP=        52 DATE= 20180107 1200
  ***** ATMOSPHERIC CO2:   408.83199999999999     
STEP=        52 WALs   0.268
STEP=        53 DATE= 20180107 1500
  ***** ATMOSPHERIC CO2:   408.83199999999999     
STEP=        53 WALs   0.289
STEP=        54 DATE= 20180107 1800
  ***** ATMOSPHERIC CO2:   408.83199999999999     
STEP=        54 WALs   0.275
STEP=        55 DATE= 20180107 2100
  ***** ATMOSPHERIC CO2:   408.83199999999999     
STEP=        55 WALs   0.273
STEP=        56 DATE= 20180108    0
  ***** ATMOSPHERIC CO2:   408.83199999999999     
 WRTPCDF
 WRTDCDF
 WRTD2CDF
STEP=        56 WALs   0.395
STEP=        57 DATE= 20180108  300
  ***** ATMOSPHERIC CO2:   408.83199999999999     
STEP=        57 WALs   0.265
STEP=        58 DATE= 20180108  600
  ***** ATMOSPHERIC CO2:   408.83199999999999     
STEP=        58 WALs   0.282
STEP=        59 DATE= 20180108  900
  ***** ATMOSPHERIC CO2:   408.83199999999999     
STEP=        59 WALs   0.277
STEP=        60 DATE= 20180108 1200
  ***** ATMOSPHERIC CO2:   408.83199999999999     
STEP=        60 WALs   0.278
STEP=        61 DATE= 20180108 1500
  ***** ATMOSPHERIC CO2:   408.83199999999999     
STEP=        61 WALs   0.271
STEP=        62 DATE= 20180108 1800
  ***** ATMOSPHERIC CO2:   408.83199999999999     
STEP=        62 WALs   0.268
STEP=        63 DATE= 20180108 2100
  ***** ATMOSPHERIC CO2:   408.83199999999999     
STEP=        63 WALs   0.261
STEP=        64 DATE= 20180109    0
  ***** ATMOSPHERIC CO2:   408.83199999999999     
 WRTPCDF
 WRTDCDF
 WRTD2CDF
STEP=        64 WALs   0.390
STEP=        65 DATE= 20180109  300
  ***** ATMOSPHERIC CO2:   408.83199999999999     
STEP=        65 WALs   0.275
STEP=        66 DATE= 20180109  600
  ***** ATMOSPHERIC CO2:   408.83199999999999     
STEP=        66 WALs   0.262
STEP=        67 DATE= 20180109  900
  ***** ATMOSPHERIC CO2:   408.83199999999999     
STEP=        67 WALs   0.276
STEP=        68 DATE= 20180109 1200
  ***** ATMOSPHERIC CO2:   408.83199999999999     
STEP=        68 WALs   0.265
STEP=        69 DATE= 20180109 1500
  ***** ATMOSPHERIC CO2:   408.83199999999999     
STEP=        69 WALs   0.268
STEP=        70 DATE= 20180109 1800
  ***** ATMOSPHERIC CO2:   408.83199999999999     
STEP=        70 WALs   0.263
STEP=        71 DATE= 20180109 2100
  ***** ATMOSPHERIC CO2:   408.83199999999999     
STEP=        71 WALs   0.266
STEP=        72 DATE= 20180110    0
  ***** ATMOSPHERIC CO2:   408.83199999999999     
 WRTPCDF
 WRTDCDF
 WRTD2CDF
STEP=        72 WALs   0.396
STEP=        73 DATE= 20180110  300
  ***** ATMOSPHERIC CO2:   408.83199999999999     
STEP=        73 WALs   0.275
STEP=        74 DATE= 20180110  600
  ***** ATMOSPHERIC CO2:   408.83199999999999     
STEP=        74 WALs   0.285
STEP=        75 DATE= 20180110  900
  ***** ATMOSPHERIC CO2:   408.83199999999999     
STEP=        75 WALs   0.268
STEP=        76 DATE= 20180110 1200
  ***** ATMOSPHERIC CO2:   408.83199999999999     
STEP=        76 WALs   0.269
STEP=        77 DATE= 20180110 1500
  ***** ATMOSPHERIC CO2:   408.83199999999999     
STEP=        77 WALs   0.283
STEP=        78 DATE= 20180110 1800
  ***** ATMOSPHERIC CO2:   408.83199999999999     
STEP=        78 WALs   0.272
STEP=        79 DATE= 20180110 2100
  ***** ATMOSPHERIC CO2:   408.83199999999999     
STEP=        79 WALs   0.265
STEP=        80 DATE= 20180111    0
  ***** ATMOSPHERIC CO2:   408.83199999999999     
 WRTPCDF
 WRTDCDF
 WRTD2CDF
STEP=        80 WALs   0.387
STEP=        81 DATE= 20180111  300
  ***** ATMOSPHERIC CO2:   408.83199999999999     
STEP=        81 WALs   0.272
STEP=        82 DATE= 20180111  600
  ***** ATMOSPHERIC CO2:   408.83199999999999     
STEP=        82 WALs   0.270
STEP=        83 DATE= 20180111  900
  ***** ATMOSPHERIC CO2:   408.83199999999999     
STEP=        83 WALs   0.263
STEP=        84 DATE= 20180111 1200
  ***** ATMOSPHERIC CO2:   408.83199999999999     
STEP=        84 WALs   0.278
STEP=        85 DATE= 20180111 1500
  ***** ATMOSPHERIC CO2:   408.83199999999999     
STEP=        85 WALs   0.277
STEP=        86 DATE= 20180111 1800
  ***** ATMOSPHERIC CO2:   408.83199999999999     
STEP=        86 WALs   0.274
STEP=        87 DATE= 20180111 2100
  ***** ATMOSPHERIC CO2:   408.83199999999999     
STEP=        87 WALs   0.268
STEP=        88 DATE= 20180112    0
  ***** ATMOSPHERIC CO2:   408.83199999999999     
 WRTPCDF
 WRTDCDF
 WRTD2CDF
STEP=        88 WALs   0.385
STEP=        89 DATE= 20180112  300
  ***** ATMOSPHERIC CO2:   408.83199999999999     
STEP=        89 WALs   0.269
STEP=        90 DATE= 20180112  600
  ***** ATMOSPHERIC CO2:   408.83199999999999     
STEP=        90 WALs   0.279
STEP=        91 DATE= 20180112  900
  ***** ATMOSPHERIC CO2:   408.83199999999999     
STEP=        91 WALs   0.267
STEP=        92 DATE= 20180112 1200
  ***** ATMOSPHERIC CO2:   408.83199999999999     
STEP=        92 WALs   0.270
STEP=        93 DATE= 20180112 1500
  ***** ATMOSPHERIC CO2:   408.83199999999999     
STEP=        93 WALs   0.273
STEP=        94 DATE= 20180112 1800
  ***** ATMOSPHERIC CO2:   408.83199999999999     
STEP=        94 WALs   0.269
STEP=        95 DATE= 20180112 2100
  ***** ATMOSPHERIC CO2:   408.83199999999999     
STEP=        95 WALs   0.270
STEP=        96 DATE= 20180113    0
  ***** ATMOSPHERIC CO2:   408.83199999999999     
 WRTPCDF
 WRTDCDF
 WRTD2CDF
STEP=        96 WALs   0.387
STEP=        97 DATE= 20180113  300
  ***** ATMOSPHERIC CO2:   408.83199999999999     
STEP=        97 WALs   0.283
STEP=        98 DATE= 20180113  600
  ***** ATMOSPHERIC CO2:   408.83199999999999     
STEP=        98 WALs   0.285
STEP=        99 DATE= 20180113  900
  ***** ATMOSPHERIC CO2:   408.83199999999999     
STEP=        99 WALs   0.269
STEP=       100 DATE= 20180113 1200
  ***** ATMOSPHERIC CO2:   408.83199999999999     
STEP=       100 WALs   0.282
STEP=       101 DATE= 20180113 1500
  ***** ATMOSPHERIC CO2:   408.83199999999999     
STEP=       101 WALs   0.261
STEP=       102 DATE= 20180113 1800
  ***** ATMOSPHERIC CO2:   408.83199999999999     
STEP=       102 WALs   0.273
STEP=       103 DATE= 20180113 2100
  ***** ATMOSPHERIC CO2:   408.83199999999999     
STEP=       103 WALs   0.276
STEP=       104 DATE= 20180114    0
  ***** ATMOSPHERIC CO2:   408.83199999999999     
 WRTPCDF
 WRTDCDF
 WRTD2CDF
STEP=       104 WALs   0.393
STEP=       105 DATE= 20180114  300
  ***** ATMOSPHERIC CO2:   408.83199999999999     
STEP=       105 WALs   0.270
STEP=       106 DATE= 20180114  600
  ***** ATMOSPHERIC CO2:   408.83199999999999     
STEP=       106 WALs   0.272
STEP=       107 DATE= 20180114  900
  ***** ATMOSPHERIC CO2:   408.83199999999999     
STEP=       107 WALs   0.272
STEP=       108 DATE= 20180114 1200
  ***** ATMOSPHERIC CO2:   408.83199999999999     
STEP=       108 WALs   0.268
STEP=       109 DATE= 20180114 1500
  ***** ATMOSPHERIC CO2:   408.83199999999999     
STEP=       109 WALs   0.260
STEP=       110 DATE= 20180114 1800
  ***** ATMOSPHERIC CO2:   408.83199999999999     
STEP=       110 WALs   0.259
STEP=       111 DATE= 20180114 2100
  ***** ATMOSPHERIC CO2:   408.83199999999999     
STEP=       111 WALs   0.277
STEP=       112 DATE= 20180115    0
  ***** ATMOSPHERIC CO2:   408.83199999999999     
 WRTPCDF
 WRTDCDF
 WRTD2CDF
STEP=       112 WALs   0.419
STEP=       113 DATE= 20180115  300
  ***** ATMOSPHERIC CO2:   408.83199999999999     
STEP=       113 WALs   0.308
STEP=       114 DATE= 20180115  600
  ***** ATMOSPHERIC CO2:   408.83199999999999     
STEP=       114 WALs   0.296
STEP=       115 DATE= 20180115  900
  ***** ATMOSPHERIC CO2:   408.83199999999999     
STEP=       115 WALs   0.268
STEP=       116 DATE= 20180115 1200
  ***** ATMOSPHERIC CO2:   408.83199999999999     
STEP=       116 WALs   0.262
STEP=       117 DATE= 20180115 1500
  ***** ATMOSPHERIC CO2:   408.83199999999999     
STEP=       117 WALs   0.267
STEP=       118 DATE= 20180115 1800
  ***** ATMOSPHERIC CO2:   408.83199999999999     
STEP=       118 WALs   0.271
STEP=       119 DATE= 20180115 2100
  ***** ATMOSPHERIC CO2:   408.83199999999999     
STEP=       119 WALs   0.274
STEP=       120 DATE= 20180116    0
  ***** ATMOSPHERIC CO2:   408.83199999999999     
 WRTPCDF
 WRTDCDF
 WRTD2CDF
STEP=       120 WALs   0.390
STEP=       121 DATE= 20180116  300
  ***** ATMOSPHERIC CO2:   408.83199999999999     
STEP=       121 WALs   0.263
STEP=       122 DATE= 20180116  600
  ***** ATMOSPHERIC CO2:   408.83199999999999     
STEP=       122 WALs   0.267
STEP=       123 DATE= 20180116  900
  ***** ATMOSPHERIC CO2:   408.83199999999999     
STEP=       123 WALs   0.268
STEP=       124 DATE= 20180116 1200
  ***** ATMOSPHERIC CO2:   408.83199999999999     
STEP=       124 WALs   0.265
STEP=       125 DATE= 20180116 1500
  ***** ATMOSPHERIC CO2:   408.83199999999999     
STEP=       125 WALs   0.269
STEP=       126 DATE= 20180116 1800
  ***** ATMOSPHERIC CO2:   408.83199999999999     
STEP=       126 WALs   0.271
STEP=       127 DATE= 20180116 2100
  ***** ATMOSPHERIC CO2:   408.83199999999999     
STEP=       127 WALs   0.266
STEP=       128 DATE= 20180117    0
  ***** ATMOSPHERIC CO2:   408.83199999999999     
 WRTPCDF
 WRTDCDF
 WRTD2CDF
STEP=       128 WALs   0.376
STEP=       129 DATE= 20180117  300
  ***** ATMOSPHERIC CO2:   408.83199999999999     
STEP=       129 WALs   0.268
STEP=       130 DATE= 20180117  600
  ***** ATMOSPHERIC CO2:   408.83199999999999     
STEP=       130 WALs   0.266
STEP=       131 DATE= 20180117  900
  ***** ATMOSPHERIC CO2:   408.83199999999999     
STEP=       131 WALs   0.274
STEP=       132 DATE= 20180117 1200
  ***** ATMOSPHERIC CO2:   408.83199999999999     
STEP=       132 WALs   0.273
STEP=       133 DATE= 20180117 1500
  ***** ATMOSPHERIC CO2:   408.83199999999999     
STEP=       133 WALs   0.273
STEP=       134 DATE= 20180117 1800
  ***** ATMOSPHERIC CO2:   408.83199999999999     
STEP=       134 WALs   0.280
STEP=       135 DATE= 20180117 2100
  ***** ATMOSPHERIC CO2:   408.83199999999999     
STEP=       135 WALs   0.266
STEP=       136 DATE= 20180118    0
  ***** ATMOSPHERIC CO2:   408.83199999999999     
 WRTPCDF
 WRTDCDF
 WRTD2CDF
STEP=       136 WALs   0.383
STEP=       137 DATE= 20180118  300
  ***** ATMOSPHERIC CO2:   408.83199999999999     
STEP=       137 WALs   0.274
STEP=       138 DATE= 20180118  600
  ***** ATMOSPHERIC CO2:   408.83199999999999     
STEP=       138 WALs   0.280
STEP=       139 DATE= 20180118  900
  ***** ATMOSPHERIC CO2:   408.83199999999999     
STEP=       139 WALs   0.264
STEP=       140 DATE= 20180118 1200
  ***** ATMOSPHERIC CO2:   408.83199999999999     
STEP=       140 WALs   0.276
STEP=       141 DATE= 20180118 1500
  ***** ATMOSPHERIC CO2:   408.83199999999999     
STEP=       141 WALs   0.265
STEP=       142 DATE= 20180118 1800
  ***** ATMOSPHERIC CO2:   408.83199999999999     
STEP=       142 WALs   0.271
STEP=       143 DATE= 20180118 2100
  ***** ATMOSPHERIC CO2:   408.83199999999999     
STEP=       143 WALs   0.265
STEP=       144 DATE= 20180119    0
  ***** ATMOSPHERIC CO2:   408.83199999999999     
 WRTPCDF
 WRTDCDF
 WRTD2CDF
STEP=       144 WALs   0.407
STEP=       145 DATE= 20180119  300
  ***** ATMOSPHERIC CO2:   408.83199999999999     
STEP=       145 WALs   0.273
STEP=       146 DATE= 20180119  600
  ***** ATMOSPHERIC CO2:   408.83199999999999     
STEP=       146 WALs   0.267
STEP=       147 DATE= 20180119  900
  ***** ATMOSPHERIC CO2:   408.83199999999999     
STEP=       147 WALs   0.287
STEP=       148 DATE= 20180119 1200
  ***** ATMOSPHERIC CO2:   408.83199999999999     
STEP=       148 WALs   0.267
STEP=       149 DATE= 20180119 1500
  ***** ATMOSPHERIC CO2:   408.83199999999999     
STEP=       149 WALs   0.272
STEP=       150 DATE= 20180119 1800
  ***** ATMOSPHERIC CO2:   408.83199999999999     
STEP=       150 WALs   0.261
STEP=       151 DATE= 20180119 2100
  ***** ATMOSPHERIC CO2:   408.83199999999999     
STEP=       151 WALs   0.259
STEP=       152 DATE= 20180120    0
  ***** ATMOSPHERIC CO2:   408.83199999999999     
 WRTPCDF
 WRTDCDF
 WRTD2CDF
STEP=       152 WALs   0.377
STEP=       153 DATE= 20180120  300
  ***** ATMOSPHERIC CO2:   408.83199999999999     
STEP=       153 WALs   0.271
STEP=       154 DATE= 20180120  600
  ***** ATMOSPHERIC CO2:   408.83199999999999     
STEP=       154 WALs   0.265
STEP=       155 DATE= 20180120  900
  ***** ATMOSPHERIC CO2:   408.83199999999999     
STEP=       155 WALs   0.262
STEP=       156 DATE= 20180120 1200
  ***** ATMOSPHERIC CO2:   408.83199999999999     
STEP=       156 WALs   0.262
STEP=       157 DATE= 20180120 1500
  ***** ATMOSPHERIC CO2:   408.83199999999999     
STEP=       157 WALs   0.266
STEP=       158 DATE= 20180120 1800
  ***** ATMOSPHERIC CO2:   408.83199999999999     
STEP=       158 WALs   0.258
STEP=       159 DATE= 20180120 2100
  ***** ATMOSPHERIC CO2:   408.83199999999999     
STEP=       159 WALs   0.261
STEP=       160 DATE= 20180121    0
  ***** ATMOSPHERIC CO2:   408.83199999999999     
 WRTPCDF
 WRTDCDF
 WRTD2CDF
STEP=       160 WALs   0.389
STEP=       161 DATE= 20180121  300
  ***** ATMOSPHERIC CO2:   408.83199999999999     
STEP=       161 WALs   0.269
STEP=       162 DATE= 20180121  600
  ***** ATMOSPHERIC CO2:   408.83199999999999     
STEP=       162 WALs   0.278
STEP=       163 DATE= 20180121  900
  ***** ATMOSPHERIC CO2:   408.83199999999999     
STEP=       163 WALs   0.275
STEP=       164 DATE= 20180121 1200
  ***** ATMOSPHERIC CO2:   408.83199999999999     
STEP=       164 WALs   0.268
STEP=       165 DATE= 20180121 1500
  ***** ATMOSPHERIC CO2:   408.83199999999999     
STEP=       165 WALs   0.269
STEP=       166 DATE= 20180121 1800
  ***** ATMOSPHERIC CO2:   408.83199999999999     
STEP=       166 WALs   0.279
STEP=       167 DATE= 20180121 2100
  ***** ATMOSPHERIC CO2:   408.83199999999999     
STEP=       167 WALs   0.261
STEP=       168 DATE= 20180122    0
  ***** ATMOSPHERIC CO2:   408.83199999999999     
 WRTPCDF
 WRTDCDF
 WRTD2CDF
STEP=       168 WALs   0.402
STEP=       169 DATE= 20180122  300
  ***** ATMOSPHERIC CO2:   408.83199999999999     
STEP=       169 WALs   0.283
STEP=       170 DATE= 20180122  600
  ***** ATMOSPHERIC CO2:   408.83199999999999     
STEP=       170 WALs   0.265
STEP=       171 DATE= 20180122  900
  ***** ATMOSPHERIC CO2:   408.83199999999999     
STEP=       171 WALs   0.268
STEP=       172 DATE= 20180122 1200
  ***** ATMOSPHERIC CO2:   408.83199999999999     
STEP=       172 WALs   0.265
STEP=       173 DATE= 20180122 1500
  ***** ATMOSPHERIC CO2:   408.83199999999999     
STEP=       173 WALs   0.264
STEP=       174 DATE= 20180122 1800
  ***** ATMOSPHERIC CO2:   408.83199999999999     
STEP=       174 WALs   0.291
STEP=       175 DATE= 20180122 2100
  ***** ATMOSPHERIC CO2:   408.83199999999999     
STEP=       175 WALs   0.266
STEP=       176 DATE= 20180123    0
  ***** ATMOSPHERIC CO2:   408.83199999999999     
 WRTPCDF
 WRTDCDF
 WRTD2CDF
STEP=       176 WALs   0.379
STEP=       177 DATE= 20180123  300
  ***** ATMOSPHERIC CO2:   408.83199999999999     
STEP=       177 WALs   0.269
STEP=       178 DATE= 20180123  600
  ***** ATMOSPHERIC CO2:   408.83199999999999     
STEP=       178 WALs   0.259
STEP=       179 DATE= 20180123  900
  ***** ATMOSPHERIC CO2:   408.83199999999999     
STEP=       179 WALs   0.269
STEP=       180 DATE= 20180123 1200
  ***** ATMOSPHERIC CO2:   408.83199999999999     
STEP=       180 WALs   0.260
STEP=       181 DATE= 20180123 1500
  ***** ATMOSPHERIC CO2:   408.83199999999999     
STEP=       181 WALs   0.264
STEP=       182 DATE= 20180123 1800
  ***** ATMOSPHERIC CO2:   408.83199999999999     
STEP=       182 WALs   0.260
STEP=       183 DATE= 20180123 2100
  ***** ATMOSPHERIC CO2:   408.83199999999999     
STEP=       183 WALs   0.260
STEP=       184 DATE= 20180124    0
  ***** ATMOSPHERIC CO2:   408.83199999999999     
 WRTPCDF
 WRTDCDF
 WRTD2CDF
STEP=       184 WALs   0.392
STEP=       185 DATE= 20180124  300
  ***** ATMOSPHERIC CO2:   408.83199999999999     
STEP=       185 WALs   0.270
STEP=       186 DATE= 20180124  600
  ***** ATMOSPHERIC CO2:   408.83199999999999     
STEP=       186 WALs   0.269
STEP=       187 DATE= 20180124  900
  ***** ATMOSPHERIC CO2:   408.83199999999999     
STEP=       187 WALs   0.274
STEP=       188 DATE= 20180124 1200
  ***** ATMOSPHERIC CO2:   408.83199999999999     
STEP=       188 WALs   0.267
STEP=       189 DATE= 20180124 1500
  ***** ATMOSPHERIC CO2:   408.83199999999999     
STEP=       189 WALs   0.269
STEP=       190 DATE= 20180124 1800
  ***** ATMOSPHERIC CO2:   408.83199999999999     
STEP=       190 WALs   0.263
STEP=       191 DATE= 20180124 2100
  ***** ATMOSPHERIC CO2:   408.83199999999999     
STEP=       191 WALs   0.257
STEP=       192 DATE= 20180125    0
  ***** ATMOSPHERIC CO2:   408.83199999999999     
 WRTPCDF
 WRTDCDF
 WRTD2CDF
STEP=       192 WALs   0.392
STEP=       193 DATE= 20180125  300
  ***** ATMOSPHERIC CO2:   408.83199999999999     
STEP=       193 WALs   0.263
STEP=       194 DATE= 20180125  600
  ***** ATMOSPHERIC CO2:   408.83199999999999     
STEP=       194 WALs   0.261
STEP=       195 DATE= 20180125  900
  ***** ATMOSPHERIC CO2:   408.83199999999999     
STEP=       195 WALs   0.268
STEP=       196 DATE= 20180125 1200
  ***** ATMOSPHERIC CO2:   408.83199999999999     
STEP=       196 WALs   0.275
STEP=       197 DATE= 20180125 1500
  ***** ATMOSPHERIC CO2:   408.83199999999999     
STEP=       197 WALs   0.278
STEP=       198 DATE= 20180125 1800
  ***** ATMOSPHERIC CO2:   408.83199999999999     
STEP=       198 WALs   0.260
STEP=       199 DATE= 20180125 2100
  ***** ATMOSPHERIC CO2:   408.83199999999999     
STEP=       199 WALs   0.267
STEP=       200 DATE= 20180126    0
  ***** ATMOSPHERIC CO2:   408.83199999999999     
 WRTPCDF
 WRTDCDF
 WRTD2CDF
STEP=       200 WALs   0.376
STEP=       201 DATE= 20180126  300
  ***** ATMOSPHERIC CO2:   408.83199999999999     
STEP=       201 WALs   0.265
STEP=       202 DATE= 20180126  600
  ***** ATMOSPHERIC CO2:   408.83199999999999     
STEP=       202 WALs   0.261
STEP=       203 DATE= 20180126  900
  ***** ATMOSPHERIC CO2:   408.83199999999999     
STEP=       203 WALs   0.259
STEP=       204 DATE= 20180126 1200
  ***** ATMOSPHERIC CO2:   408.83199999999999     
STEP=       204 WALs   0.259
STEP=       205 DATE= 20180126 1500
  ***** ATMOSPHERIC CO2:   408.83199999999999     
STEP=       205 WALs   0.264
STEP=       206 DATE= 20180126 1800
  ***** ATMOSPHERIC CO2:   408.83199999999999     
STEP=       206 WALs   0.257
STEP=       207 DATE= 20180126 2100
  ***** ATMOSPHERIC CO2:   408.83199999999999     
STEP=       207 WALs   0.261
STEP=       208 DATE= 20180127    0
  ***** ATMOSPHERIC CO2:   408.83199999999999     
 WRTPCDF
 WRTDCDF
 WRTD2CDF
STEP=       208 WALs   0.380
STEP=       209 DATE= 20180127  300
  ***** ATMOSPHERIC CO2:   408.83199999999999     
STEP=       209 WALs   0.268
STEP=       210 DATE= 20180127  600
  ***** ATMOSPHERIC CO2:   408.83199999999999     
STEP=       210 WALs   0.259
STEP=       211 DATE= 20180127  900
  ***** ATMOSPHERIC CO2:   408.83199999999999     
STEP=       211 WALs   0.266
STEP=       212 DATE= 20180127 1200
  ***** ATMOSPHERIC CO2:   408.83199999999999     
STEP=       212 WALs   0.263
STEP=       213 DATE= 20180127 1500
  ***** ATMOSPHERIC CO2:   408.83199999999999     
STEP=       213 WALs   0.257
STEP=       214 DATE= 20180127 1800
  ***** ATMOSPHERIC CO2:   408.83199999999999     
STEP=       214 WALs   0.265
STEP=       215 DATE= 20180127 2100
  ***** ATMOSPHERIC CO2:   408.83199999999999     
STEP=       215 WALs   0.266
STEP=       216 DATE= 20180128    0
  ***** ATMOSPHERIC CO2:   408.83199999999999     
 WRTPCDF
 WRTDCDF
 WRTD2CDF
STEP=       216 WALs   0.376
STEP=       217 DATE= 20180128  300
  ***** ATMOSPHERIC CO2:   408.83199999999999     
STEP=       217 WALs   0.259
STEP=       218 DATE= 20180128  600
  ***** ATMOSPHERIC CO2:   408.83199999999999     
STEP=       218 WALs   0.262
STEP=       219 DATE= 20180128  900
  ***** ATMOSPHERIC CO2:   408.83199999999999     
STEP=       219 WALs   0.270
STEP=       220 DATE= 20180128 1200
  ***** ATMOSPHERIC CO2:   408.83199999999999     
STEP=       220 WALs   0.302
STEP=       221 DATE= 20180128 1500
  ***** ATMOSPHERIC CO2:   408.83199999999999     
STEP=       221 WALs   0.268
STEP=       222 DATE= 20180128 1800
  ***** ATMOSPHERIC CO2:   408.83199999999999     
STEP=       222 WALs   0.261
STEP=       223 DATE= 20180128 2100
  ***** ATMOSPHERIC CO2:   408.83199999999999     
STEP=       223 WALs   0.268
STEP=       224 DATE= 20180129    0
  ***** ATMOSPHERIC CO2:   408.83199999999999     
 WRTPCDF
 WRTDCDF
 WRTD2CDF
STEP=       224 WALs   0.377
STEP=       225 DATE= 20180129  300
  ***** ATMOSPHERIC CO2:   408.83199999999999     
STEP=       225 WALs   0.266
STEP=       226 DATE= 20180129  600
  ***** ATMOSPHERIC CO2:   408.83199999999999     
STEP=       226 WALs   0.260
STEP=       227 DATE= 20180129  900
  ***** ATMOSPHERIC CO2:   408.83199999999999     
STEP=       227 WALs   0.258
STEP=       228 DATE= 20180129 1200
  ***** ATMOSPHERIC CO2:   408.83199999999999     
STEP=       228 WALs   0.257
STEP=       229 DATE= 20180129 1500
  ***** ATMOSPHERIC CO2:   408.83199999999999     
STEP=       229 WALs   0.260
STEP=       230 DATE= 20180129 1800
  ***** ATMOSPHERIC CO2:   408.83199999999999     
STEP=       230 WALs   0.255
STEP=       231 DATE= 20180129 2100
  ***** ATMOSPHERIC CO2:   408.83199999999999     
STEP=       231 WALs   0.254
STEP=       232 DATE= 20180130    0
  ***** ATMOSPHERIC CO2:   408.83199999999999     
 WRTPCDF
 WRTDCDF
 WRTD2CDF
STEP=       232 WALs   0.377
STEP=       233 DATE= 20180130  300
  ***** ATMOSPHERIC CO2:   408.83199999999999     
STEP=       233 WALs   0.265
STEP=       234 DATE= 20180130  600
  ***** ATMOSPHERIC CO2:   408.83199999999999     
STEP=       234 WALs   0.258
STEP=       235 DATE= 20180130  900
  ***** ATMOSPHERIC CO2:   408.83199999999999     
STEP=       235 WALs   0.261
STEP=       236 DATE= 20180130 1200
  ***** ATMOSPHERIC CO2:   408.83199999999999     
STEP=       236 WALs   0.271
STEP=       237 DATE= 20180130 1500
  ***** ATMOSPHERIC CO2:   408.83199999999999     
STEP=       237 WALs   0.261
STEP=       238 DATE= 20180130 1800
  ***** ATMOSPHERIC CO2:   408.83199999999999     
STEP=       238 WALs   0.280
STEP=       239 DATE= 20180130 2100
  ***** ATMOSPHERIC CO2:   408.83199999999999     
STEP=       239 WALs   0.269
STEP=       240 DATE= 20180131    0
  ***** ATMOSPHERIC CO2:   408.83199999999999     
 WRTPCDF
 WRTDCDF
 WRTDRES
 RESTART FILE WRITTEN FOR TIMESTEP:          240
SLABSEQ   240   721  0.000000E+00  0.000000E+00
SLABSEQ   240   441  0.000000E+00  0.000000E+00
SLABSEQ   240  1201  0.000000E+00  0.000000E+00
SLABSEQ   240  1241  0.000000E+00  0.000000E+00
SLABSEQ   240   801  0.000000E+00  0.000000E+00
SLABSEQ   240  1801  0.000000E+00  0.000000E+00
SLABSEQ   240  2001  0.000000E+00  0.000000E+00
SLABSEQ   240  2361  0.000000E+00  0.000000E+00
SLABSEQ   240   561  0.000000E+00  0.000000E+00
SLABSEQ   240   321  0.000000E+00  0.000000E+00
SLABSEQ   240   521  0.000000E+00  0.000000E+00
SLABSEQ   240   121  0.000000E+00  0.000000E+00
SLABSEQ   240   241  0.000000E+00  0.000000E+00
SLABSEQ   240   641  0.000000E+00  0.000000E+00
SLABSEQ   240   161  0.000000E+00  0.000000E+00
SLABSEQ   240    81  0.000000E+00  0.000000E+00
SLABSEQ   240   481  0.000000E+00  0.000000E+00
SLABSEQ   240   281  0.000000E+00  0.000000E+00
SLABSEQ   240     1  0.000000E+00  0.000000E+00
SLABSEQ   240   201  0.000000E+00  0.000000E+00
SLABSEQ   240    41  0.000000E+00  0.000000E+00
SLABSEQ   240   921  0.000000E+00  0.000000E+00
SLABSEQ   240   961  0.000000E+00  0.000000E+00
SLABSEQ   240  1001  0.000000E+00  0.000000E+00
SLABSEQ   240   841  0.000000E+00  0.000000E+00
SLABSEQ   240  1041  0.000000E+00  0.000000E+00
SLABSEQ   240   881  0.000000E+00  0.000000E+00
SLABSEQ   240  1121  0.000000E+00  0.000000E+00
SLABSEQ   240  1081  0.000000E+00  0.000000E+00
SLABSEQ   240  1161  0.000000E+00  0.000000E+00
SLABSEQ   240   401  0.000000E+00  0.000000E+00
SLABSEQ   240   361  0.000000E+00  0.000000E+00
SLABSEQ   240  1321  0.000000E+00  0.000000E+00
SLABSEQ   240  1281  0.000000E+00  0.000000E+00
SLABSEQ   240  1561  0.000000E+00  0.000000E+00
SLABSEQ   240  1361  0.000000E+00  0.000000E+00
SLABSEQ   240  1401  0.000000E+00  0.000000E+00
SLABSEQ   240  1601  0.000000E+00  0.000000E+00
SLABSEQ   240  1721  0.000000E+00  0.000000E+00
SLABSEQ   240  1441  0.000000E+00  0.000000E+00
SLABSEQ   240  1521  0.000000E+00  0.000000E+00
SLABSEQ   240  1481  0.000000E+00  0.000000E+00
SLABSEQ   240  1681  0.000000E+00  0.000000E+00
SLABSEQ   240  1641  0.000000E+00  0.000000E+00
SLABSEQ   240   761  0.000000E+00  0.000000E+00
SLABSEQ   240  1761  0.000000E+00  0.000000E+00
SLABSEQ   240  1841  0.000000E+00  0.000000E+00
SLABSEQ   240   681  0.000000E+00  0.000000E+00
SLABSEQ   240  2081  0.000000E+00  0.000000E+00
SLABSEQ   240  1921  0.000000E+00  0.000000E+00
SLABSEQ   240  2121  0.000000E+00  0.000000E+00
SLABSEQ   240  2041  0.000000E+00  0.000000E+00
SLABSEQ   240  1881  0.000000E+00  0.000000E+00
SLABSEQ   240  1961  0.000000E+00  0.000000E+00
SLABSEQ   240  2201  0.000000E+00  0.000000E+00
SLABSEQ   240  2281  0.000000E+00  0.000000E+00
SLABSEQ   240  2321  0.000000E+00  0.000000E+00
SLABSEQ   240  2161  0.000000E+00  0.000000E+00
SLABSEQ   240  2241  0.000000E+00  0.000000E+00
SLABSEQ   240  2401  0.000000E+00  0.000000E+00
SLABSEQ   240  2481  0.000000E+00  0.000000E+00
SLABSEQ   240  2441  0.000000E+00  0.000000E+00
SLABSEQ   240  2521  0.000000E+00  0.000000E+00
SLABSEQ   240   601  0.000000E+00  0.000000E+00
SLABSEQ   240  2561  0.000000E+00  0.000000E+00
SLABSEQ   240  2641  0.000000E+00  0.000000E+00
SLABSEQ   240  2681  0.000000E+00  0.000000E+00
SLABSEQ   240  2761  0.000000E+00  0.000000E+00
SLABSEQ   240  2721  0.000000E+00  0.000000E+00
SLABSEQ   240  2601  0.000000E+00  0.000000E+00
SLABSEQ   240  2801  0.000000E+00  0.000000E+00
SLABSEQ   240  2841  0.000000E+00  0.000000E+00
SLABSEQ   240  2881  0.000000E+00  0.000000E+00
SLABSEQ   240  2921  0.000000E+00  0.000000E+00
SLABSEQ   240  3001  0.000000E+00  0.000000E+00
SLABSEQ   240  2961  0.000000E+00  0.000000E+00
SLABSEQ   240  3041  0.000000E+00  0.000000E+00
SLABSEQ   240  3081  0.000000E+00  0.000000E+00
SLABSEQ   240  3121  0.000000E+00  0.000000E+00
SLABSEQ   240  3161  0.000000E+00  0.000000E+00
SLABSEQ   240  3201  0.000000E+00  0.000000E+00
SLABSEQ   240  3241  0.000000E+00  0.000000E+00
SLABSEQ   240  3281  0.000000E+00  0.000000E+00
SLABSEQ   240  3361  0.000000E+00  0.000000E+00
SLABSEQ   240  3321  0.000000E+00  0.000000E+00
SLABSEQ   240  3401  0.000000E+00  0.000000E+00
SLABSEQ   240  3481  0.000000E+00  0.000000E+00
SLABSEQ   240  3441  0.000000E+00  0.000000E+00
SLABSEQ   240  3521  0.000000E+00  0.000000E+00
SLABSEQ   240  3561  0.000000E+00  0.000000E+00
SLABSEQ   240  3601  0.000000E+00  0.000000E+00
SLABSEQ   240  3641  0.000000E+00  0.000000E+00
SLABSEQ   240  3681  0.000000E+00  0.000000E+00
SLABSEQ   240  3721  0.000000E+00  0.000000E+00
SLABSEQ   240  3761  0.000000E+00  0.000000E+00
SLABSEQ   240  3801  0.000000E+00  0.000000E+00
SLABSEQ   240  3841  0.000000E+00  0.000000E+00
SLABSEQ   240  3881  0.000000E+00  0.000000E+00
SLABSEQ   240  3921  0.000000E+00  0.000000E+00
SLABSEQ   240  3961  0.000000E+00  0.000000E+00
SLABSEQ   240  4001  0.000000E+00  0.000000E+00
SLABSEQ   240  4041  0.000000E+00  0.000000E+00
SLABSEQ   240  4081  0.000000E+00  0.000000E+00
SLABSEQ   240  4161  0.000000E+00  0.000000E+00
SLABSEQ   240  4121  0.000000E+00  0.000000E+00
SLABSEQ   240  4201  0.000000E+00  0.000000E+00
SLABSEQ   240  4241  0.000000E+00  0.000000E+00
SLABSEQ   240  4281  0.000000E+00  0.000000E+00
SLABSEQ   240  4321  0.000000E+00  0.000000E+00
SLABSEQ   240  4361  0.000000E+00  0.000000E+00
SLABSEQ   240  4481  0.000000E+00  0.000000E+00
SLABSEQ   240  4441  0.000000E+00  0.000000E+00
SLABSEQ   240  4601  0.000000E+00  0.000000E+00
SLABSEQ   240  4561  0.000000E+00  0.000000E+00
SLABSEQ   240  4521  0.000000E+00  0.000000E+00
SLABSEQ   240  4401  0.000000E+00  0.000000E+00
SLABSEQ   240  4641  0.000000E+00  0.000000E+00
SLABSEQ   240  4681  0.000000E+00  0.000000E+00
SLABSEQ   240  4721  0.000000E+00  0.000000E+00
SLABSEQ   240  4761  0.000000E+00  0.000000E+00
SLABSEQ   240  4801  0.000000E+00  0.000000E+00
SLABSEQ   240  4841  0.000000E+00  0.000000E+00
SLABSEQ   240  4881  0.000000E+00  0.000000E+00
SLABSEQ   240  4921  0.000000E+00  0.000000E+00
SLABSEQ   240  4961  0.000000E+00  0.000000E+00
SLABSEQ   240  5001  0.000000E+00  0.000000E+00
SLABSEQ   240  5081  0.000000E+00  0.000000E+00
SLABSEQ   240  5121  0.000000E+00  0.000000E+00
SLABSEQ   240  5161  0.000000E+00  0.000000E+00
SLABSEQ   240  5041  0.000000E+00  0.000000E+00
SLABSEQ   240  5201  0.000000E+00  0.000000E+00
SLABSEQ   240  5241  0.000000E+00  0.000000E+00
SLABSEQ   240  5281  0.000000E+00  0.000000E+00
SLABSEQ   240  5321  0.000000E+00  0.000000E+00
SLABSEQ   240  5401  0.000000E+00  0.000000E+00
SLABSEQ   240  5361  0.000000E+00  0.000000E+00
SLABSEQ   240  5441  0.000000E+00  0.000000E+00
SLABSEQ   240  5481  0.000000E+00  0.000000E+00
SLABSEQ   240  5521  0.000000E+00  0.000000E+00
SLABSEQ   240  5561  0.000000E+00  0.000000E+00
SLABSEQ   240  5601  0.000000E+00  0.000000E+00
SLABSEQ   240  5641  0.000000E+00  0.000000E+00
SLABSEQ   240  5681  0.000000E+00  0.000000E+00
SLABSEQ   240  5721  0.000000E+00  0.000000E+00
SLABSEQ   240  5761  0.000000E+00  0.000000E+00
SLABSEQ   240  5841  0.000000E+00  0.000000E+00
SLABSEQ   240  5801  0.000000E+00  0.000000E+00
SLABSEQ   240  5881  0.000000E+00  0.000000E+00
SLABSEQ   240  5921  0.000000E+00  0.000000E+00
SLABSEQ   240  5961  0.000000E+00  0.000000E+00
SLABSEQ   240  6041  0.000000E+00  0.000000E+00
SLABSEQ   240  6001  0.000000E+00  0.000000E+00
SLABSEQ   240  6081  0.000000E+00  0.000000E+00
SLABSEQ   240  6121  0.000000E+00  0.000000E+00
SLABSEQ   240  6161  0.000000E+00  0.000000E+00
SLABSEQ   240  6201  0.000000E+00  0.000000E+00
SLABSEQ   240  6241  0.000000E+00  0.000000E+00
SLABSEQ   240  6281  0.000000E+00  0.000000E+00
SLABSEQ   240  6321  0.000000E+00  0.000000E+00
SLABSEQ   240  6401  0.000000E+00  0.000000E+00
SLABSEQ   240  6361  0.000000E+00  0.000000E+00
SLABSEQ   240  6441  0.000000E+00  0.000000E+00
SLABSEQ   240  6481  0.000000E+00  0.000000E+00
SLABSEQ   240  6561  0.000000E+00  0.000000E+00
SLABSEQ   240  6521  0.000000E+00  0.000000E+00
SLABSEQ   240  6601  0.000000E+00  0.000000E+00
SLABSEQ   240  6641  0.000000E+00  0.000000E+00
SLABSEQ   240  6681  0.000000E+00  0.000000E+00
SLABSEQ   240  6721  0.000000E+00  0.000000E+00
SLABSEQ   240  6761  0.000000E+00  0.000000E+00
SLABSEQ   240  6801  0.000000E+00  0.000000E+00
SLABSEQ   240  6841  0.000000E+00  0.000000E+00
SLABSEQ   240  6921  0.000000E+00  0.000000E+00
SLABSEQ   240  6881  0.000000E+00  0.000000E+00
SLABSEQ   240  6961  0.000000E+00  0.000000E+00
SLABSEQ   240  7001  0.000000E+00  0.000000E+00
SLABSEQ   240  7041  0.000000E+00  0.000000E+00
SLABSEQ   240  7121  0.000000E+00  0.000000E+00
SLABSEQ   240  7081  0.000000E+00  0.000000E+00
SLABSEQ   240  7161  0.000000E+00  0.000000E+00
SLABSEQ   240  7201  0.000000E+00  0.000000E+00
SLABSEQ   240  7281  0.000000E+00  0.000000E+00
SLABSEQ   240  7241  0.000000E+00  0.000000E+00
SLABSEQ   240  7321  0.000000E+00  0.000000E+00
SLABSEQ   240  7361  0.000000E+00  0.000000E+00
SLABSEQ   240  7441  0.000000E+00  0.000000E+00
SLABSEQ   240  7401  0.000000E+00  0.000000E+00
SLABSEQ   240  7481  0.000000E+00  0.000000E+00
SLABSEQ   240  7561  0.000000E+00  0.000000E+00
SLABSEQ   240  7521  0.000000E+00  0.000000E+00
SLABSEQ   240  7601  0.000000E+00  0.000000E+00
SLABSEQ   240  7641  0.000000E+00  0.000000E+00
SLABSEQ   240  7681  0.000000E+00  0.000000E+00
SLABSEQ   240  7721  0.000000E+00  0.000000E+00
SLABSEQ   240  7761  0.000000E+00  0.000000E+00
SLABSEQ   240  7801  0.000000E+00  0.000000E+00
SLABSEQ   240  7881  0.000000E+00  0.000000E+00
SLABSEQ   240  7921  0.000000E+00  0.000000E+00
SLABSEQ   240  7961  0.000000E+00  0.000000E+00
SLABSEQ   240  7841  0.000000E+00  0.000000E+00
SLABSEQ   240  8041  0.000000E+00  0.000000E+00
SLABSEQ   240  8001  0.000000E+00  0.000000E+00
SLABSEQ   240  8081  0.000000E+00  0.000000E+00
SLABSEQ   240  8121  0.000000E+00  0.000000E+00
SLABSEQ   240  8161  0.000000E+00  0.000000E+00
SLABSEQ   240  8201  0.000000E+00  0.000000E+00
SLABSEQ   240  8241  0.000000E+00  0.000000E+00
SLABSEQ   240  8281  0.000000E+00  0.000000E+00
SLABSEQ   240  8321  0.000000E+00  0.000000E+00
SLABSEQ   240  8361  0.000000E+00  0.000000E+00
SLABSEQ   240  8401  0.000000E+00  0.000000E+00
SLABSEQ   240  8441  0.000000E+00  0.000000E+00
SLABSEQ   240  8481  0.000000E+00  0.000000E+00
SLABSEQ   240  8521  0.000000E+00  0.000000E+00
SLABSEQ   240  8561  0.000000E+00  0.000000E+00
SLABSEQ   240  8601  0.000000E+00  0.000000E+00
SLABSEQ   240  8641  0.000000E+00  0.000000E+00
SLABSEQ   240  8681  0.000000E+00  0.000000E+00
SLABSEQ   240  8721  0.000000E+00  0.000000E+00
SLABSEQ   240  8761  0.000000E+00  0.000000E+00
SLABSEQ   240  8801  0.000000E+00  0.000000E+00
SLABSEQ   240  8841  0.000000E+00  0.000000E+00
SLABSEQ   240  8881  0.000000E+00  0.000000E+00
SLABSEQ   240  8921  0.000000E+00  0.000000E+00
SLABSEQ   240  8961  0.000000E+00  0.000000E+00
SLABSEQ   240  9001  0.000000E+00  0.000000E+00
SLABSEQ   240  9081  0.000000E+00  0.000000E+00
SLABSEQ   240  9041  0.000000E+00  0.000000E+00
SLABSEQ   240  9121  0.000000E+00  0.000000E+00
SLABSEQ   240  9161  0.000000E+00  0.000000E+00
SLABSEQ   240  9201  0.000000E+00  0.000000E+00
SLABSEQ   240  9241  0.000000E+00  0.000000E+00
SLABSEQ   240  9281  0.000000E+00  0.000000E+00
SLABSEQ   240  9321  0.000000E+00  0.000000E+00
SLABSEQ   240  9361  0.000000E+00  0.000000E+00
SLABSEQ   240  9401  0.000000E+00  0.000000E+00
SLABSEQ   240  9441  0.000000E+00  0.000000E+00
SLABSEQ   240  9481  0.000000E+00  0.000000E+00
SLABSEQ   240  9521  0.000000E+00  0.000000E+00
SLABSEQ   240  9601  0.000000E+00  0.000000E+00
SLABSEQ   240  9561  0.000000E+00  0.000000E+00
SLABSEQ   240  9641  0.000000E+00  0.000000E+00
SLABSEQ   240  9681  0.000000E+00  0.000000E+00
SLABSEQ   240  9721  0.000000E+00  0.000000E+00
SLABSEQ   240  9761  0.000000E+00  0.000000E+00
SLABSEQ   240  9801  0.000000E+00  0.000000E+00
SLABSEQ   240  9841  0.000000E+00  0.000000E+00
SLABSEQ   240  9881  0.000000E+00  0.000000E+00
SLABSEQ   240  9921  0.000000E+00  0.000000E+00
SLABSEQ   240  9961  0.000000E+00  0.000000E+00
SLABSEQ   240 10001  0.000000E+00  0.000000E+00
SLABSEQ   240 10041  0.000000E+00  0.000000E+00
SLABSEQ   240 10081  0.000000E+00  0.000000E+00
SLABSEQ   240 10121  0.000000E+00  0.000000E+00
SLABSEQ   240 10201  0.000000E+00  0.000000E+00
SLABSEQ   240 10161  0.000000E+00  0.000000E+00
SLABSEQ   240 10281  0.000000E+00  0.000000E+00
SLABSEQ   240 10241  0.000000E+00  0.000000E+00
SLABSEQ   240 10361  0.000000E+00  0.000000E+00
SLABSEQ   240 10321  0.000000E+00  0.000000E+00
SLABSEQ   240 10401  0.000000E+00  0.000000E+00
SLABSEQ   240 10441  0.000000E+00  0.000000E+00
SLABSEQ   240 10481  0.000000E+00  0.000000E+00
SLABSEQ   240 10521  0.000000E+00  0.000000E+00
SLABSEQ   240 10561  0.000000E+00  0.000000E+00
SLABSEQ   240 10641  0.000000E+00  0.000000E+00
SLABSEQ   240 10681  0.000000E+00  0.000000E+00
SLABSEQ   240 10601  0.000000E+00  0.000000E+00
SLABSEQ   240 10721  0.000000E+00  0.000000E+00
SLABSEQ   240 10801  0.000000E+00  0.000000E+00
SLABSEQ   240 10761  0.000000E+00  0.000000E+00
SLABSEQ   240 10881  0.000000E+00  0.000000E+00
SLABSEQ   240 10841  0.000000E+00  0.000000E+00
SLABSEQ   240 10921  0.000000E+00  0.000000E+00
SLABSEQ   240 10961  0.000000E+00  0.000000E+00
SLABSEQ   240 11041  0.000000E+00  0.000000E+00
SLABSEQ   240 11081  0.000000E+00  0.000000E+00
SLABSEQ   240 11121  0.000000E+00  0.000000E+00
SLABSEQ   240 11001  0.000000E+00  0.000000E+00
SLABSEQ   240 11161  0.000000E+00  0.000000E+00
SLABSEQ   240 11201  0.000000E+00  0.000000E+00
SLABSEQ   240 11241  0.000000E+00  0.000000E+00
SLABSEQ   240 11281  0.000000E+00  0.000000E+00
SLABSEQ   240 11321  0.000000E+00  0.000000E+00
SLABSEQ   240 11361  0.000000E+00  0.000000E+00
SLABSEQ   240 11401  0.000000E+00  0.000000E+00
SLABSEQ   240 11441  0.000000E+00  0.000000E+00
SLABSEQ   240 11481  0.000000E+00  0.000000E+00
SLABSEQ   240 11521  0.000000E+00  0.000000E+00
SLABSEQ   240 11561  0.000000E+00  0.000000E+00
SLABSEQ   240 11601  0.000000E+00  0.000000E+00
SLABSEQ   240 11641  0.000000E+00  0.000000E+00
SLABSEQ   240 11681  0.000000E+00  0.000000E+00
SLABSEQ   240 11721  0.000000E+00  0.000000E+00
SLABSEQ   240 11761  0.000000E+00  0.000000E+00
SLABSEQ   240 11801  0.000000E+00  0.000000E+00
SLABSEQ   240 11841  0.000000E+00  0.000000E+00
SLABSEQ   240 11881  0.000000E+00  0.000000E+00
SLABSEQ   240 11921  0.000000E+00  0.000000E+00
SLABSEQ   240 11961  0.000000E+00  0.000000E+00
SLABSEQ   240 12001  0.000000E+00  0.000000E+00
SLABSEQ   240 12041  0.000000E+00  0.000000E+00
SLABSEQ   240 12081  0.000000E+00  0.000000E+00
SLABSEQ   240 12161  0.000000E+00  0.000000E+00
SLABSEQ   240 12121  0.000000E+00  0.000000E+00
SLABSEQ   240 12241  0.000000E+00  0.000000E+00
SLABSEQ   240 12201  0.000000E+00  0.000000E+00
SLABSEQ   240 12281  0.000000E+00  0.000000E+00
SLABSEQ   240 12321  0.000000E+00  0.000000E+00
SLABSEQ   240 12361  0.000000E+00  0.000000E+00
SLABSEQ   240 12401  0.000000E+00  0.000000E+00
SLABSEQ   240 12441  0.000000E+00  0.000000E+00
SLABSEQ   240 12481  0.000000E+00  0.000000E+00
SLABSEQ   240 12521  0.000000E+00  0.000000E+00
SLABSEQ   240 12561  0.000000E+00  0.000000E+00
SLABSEQ   240 12601  0.000000E+00  0.000000E+00
SLABSEQ   240 12641  0.000000E+00  0.000000E+00
SLABSEQ   240 12681  0.000000E+00  0.000000E+00
SLABSEQ   240 12761  0.000000E+00  0.000000E+00
SLABSEQ   240 12721  0.000000E+00  0.000000E+00
SLABSEQ   240 12801  0.000000E+00  0.000000E+00
SLABSEQ   240 12841  0.000000E+00  0.000000E+00
SLABSEQ   240 12881  0.000000E+00  0.000000E+00
SLABSEQ   240 12921  0.000000E+00  0.000000E+00
SLABSEQ   240 12961  0.000000E+00  0.000000E+00
SLABSEQ   240 13001  0.000000E+00  0.000000E+00
SLABSEQ   240 13041  0.000000E+00  0.000000E+00
SLABSEQ   240 13081  0.000000E+00  0.000000E+00
SLABSEQ   240 13121  0.000000E+00  0.000000E+00
SLABSEQ   240 13241  0.000000E+00  0.000000E+00
SLABSEQ   240 13201  0.000000E+00  0.000000E+00
SLABSEQ   240 13161  0.000000E+00  0.000000E+00
SLABSEQ   240 13281  0.000000E+00  0.000000E+00
SLABSEQ   240 13321  0.000000E+00  0.000000E+00
SLABSEQ   240 13361  0.000000E+00  0.000000E+00
SLABSEQ   240 13441  0.000000E+00  0.000000E+00
SLABSEQ   240 13401  0.000000E+00  0.000000E+00
SLABSEQ   240 13521  0.000000E+00  0.000000E+00
SLABSEQ   240 13561  0.000000E+00  0.000000E+00
SLABSEQ   240 13481  0.000000E+00  0.000000E+00
SLABSEQ   240 13601  0.000000E+00  0.000000E+00
SLABSEQ   240 13761  0.000000E+00  0.000000E+00
SLABSEQ   240 13801  0.000000E+00  0.000000E+00
SLABSEQ   240 13681  0.000000E+00  0.000000E+00
SLABSEQ   240 13721  0.000000E+00  0.000000E+00
SLABSEQ   240 13641  0.000000E+00  0.000000E+00
SLABSEQ   240 13841  0.000000E+00  0.000000E+00
SLABSEQ   240 13881  0.000000E+00  0.000000E+00
SLABSEQ   240 13921  0.000000E+00  0.000000E+00
SLABSEQ   240 13961  0.000000E+00  0.000000E+00
SLABSEQ   240 14001  0.000000E+00  0.000000E+00
SLABSEQ   240 14081  0.000000E+00  0.000000E+00
SLABSEQ   240 14041  0.000000E+00  0.000000E+00
SLABSEQ   240 14121  0.000000E+00  0.000000E+00
SLABSEQ   240 14201  0.000000E+00  0.000000E+00
SLABSEQ   240 14161  0.000000E+00  0.000000E+00
SLABSEQ   240 14241  0.000000E+00  0.000000E+00
SLABSEQ   240 14361  0.000000E+00  0.000000E+00
SLABSEQ   240 14321  0.000000E+00  0.000000E+00
SLABSEQ   240 14401  0.000000E+00  0.000000E+00
SLABSEQ   240 14281  0.000000E+00  0.000000E+00
SLABSEQ   240 14441  0.000000E+00  0.000000E+00
SLABSEQ   240 14481  0.000000E+00  0.000000E+00
SLABSEQ   240 14521  0.000000E+00  0.000000E+00
SLABSEQ   240 14561  0.000000E+00  0.000000E+00
SLABSEQ   240 14601  0.000000E+00  0.000000E+00
SLABSEQ   240 14641  0.000000E+00  0.000000E+00
SLABSEQ   240 14721  0.000000E+00  0.000000E+00
SLABSEQ   240 14681  0.000000E+00  0.000000E+00
SLABSEQ   240 14881  0.000000E+00  0.000000E+00
SLABSEQ   240 14801  0.000000E+00  0.000000E+00
SLABSEQ   240 14921  0.000000E+00  0.000000E+00
SLABSEQ   240 14761  0.000000E+00  0.000000E+00
SLABSEQ   240 14841  0.000000E+00  0.000000E+00
SLABSEQ   240 14961  0.000000E+00  0.000000E+00
SLABSEQ   240 15001  0.000000E+00  0.000000E+00
SLABSEQ   240 15041  0.000000E+00  0.000000E+00
SLABSEQ   240 15081  0.000000E+00  0.000000E+00
SLABSEQ   240 15121  0.000000E+00  0.000000E+00
SLABSEQ   240 15161  0.000000E+00  0.000000E+00
SLABSEQ   240 15201  0.000000E+00  0.000000E+00
SLABSEQ   240 15241  0.000000E+00  0.000000E+00
SLABSEQ   240 15321  0.000000E+00  0.000000E+00
SLABSEQ   240 15281  0.000000E+00  0.000000E+00
SLABSEQ   240 15361  0.000000E+00  0.000000E+00
SLABSEQ   240 15401  0.000000E+00  0.000000E+00
SLABSEQ   240 15441  0.000000E+00  0.000000E+00
SLABSEQ   240 15481  0.000000E+00  0.000000E+00
SLABSEQ   240 15521  0.000000E+00  0.000000E+00
SLABSEQ   240 15561  0.000000E+00  0.000000E+00
SLABSEQ   240 15601  0.000000E+00  0.000000E+00
SLABSEQ   240 15641  0.000000E+00  0.000000E+00
SLABSEQ   240 15681  0.000000E+00  0.000000E+00
SLABSEQ   240 15721  0.000000E+00  0.000000E+00
SLABSEQ   240 15761  0.000000E+00  0.000000E+00
SLABSEQ   240 15801  0.000000E+00  0.000000E+00
SLABSEQ   240 15841  0.000000E+00  0.000000E+00
SLABSEQ   240 15881  0.000000E+00  0.000000E+00
SLABSEQ   240 15921  0.000000E+00  0.000000E+00
SLABSEQ   240 15961  0.000000E+00  0.000000E+00
SLABSEQ   240 16001  0.000000E+00  0.000000E+00
SLABSEQ   240 16041  0.000000E+00  0.000000E+00
SLABSEQ   240 16081  0.000000E+00  0.000000E+00
SLABSEQ   240 16121  0.000000E+00  0.000000E+00
SLABSEQ   240 16161  0.000000E+00  0.000000E+00
SLABSEQ   240 16201  0.000000E+00  0.000000E+00
SLABSEQ   240 16321  0.000000E+00  0.000000E+00
SLABSEQ   240 16361  0.000000E+00  0.000000E+00
SLABSEQ   240 16241  0.000000E+00  0.000000E+00
SLABSEQ   240 16401  0.000000E+00  0.000000E+00
SLABSEQ   240 16281  0.000000E+00  0.000000E+00
SLABSEQ   240 16441  0.000000E+00  0.000000E+00
SLABSEQ   240 16481  0.000000E+00  0.000000E+00
SLABSEQ   240 16521  0.000000E+00  0.000000E+00
SLABSEQ   240 16561  0.000000E+00  0.000000E+00
SLABSEQ   240 16601  0.000000E+00  0.000000E+00
SLABSEQ   240 16641  0.000000E+00  0.000000E+00
SLABSEQ   240 16681  0.000000E+00  0.000000E+00
SLABSEQ   240 16761  0.000000E+00  0.000000E+00
SLABSEQ   240 16721  0.000000E+00  0.000000E+00
SLABSEQ   240 16801  0.000000E+00  0.000000E+00
SLABSEQ   240 16841  0.000000E+00  0.000000E+00
SLABSEQ   240 16881  0.000000E+00  0.000000E+00
SLABSEQ   240 16921  0.000000E+00  0.000000E+00
SLABSEQ   240 16961  0.000000E+00  0.000000E+00
SLABSEQ   240 17001  0.000000E+00  0.000000E+00
SLABSEQ   240 17041  0.000000E+00  0.000000E+00
SLABSEQ   240 17081  0.000000E+00  0.000000E+00
SLABSEQ   240 17121  0.000000E+00  0.000000E+00
SLABSEQ   240 17161  0.000000E+00  0.000000E+00
SLABSEQ   240 17201  0.000000E+00  0.000000E+00
SLABSEQ   240 17241  0.000000E+00  0.000000E+00
SLABSEQ   240 17281  0.000000E+00  0.000000E+00
SLABSEQ   240 17321  0.000000E+00  0.000000E+00
SLABSEQ   240 17361  0.000000E+00  0.000000E+00
SLABSEQ   240 17401  0.000000E+00  0.000000E+00
SLABSEQ   240 17441  0.000000E+00  0.000000E+00
SLABSEQ   240 17481  0.000000E+00  0.000000E+00
SLABSEQ   240 17521  0.000000E+00  0.000000E+00
SLABSEQ   240 17561  0.000000E+00  0.000000E+00
SLABSEQ   240 17601  0.000000E+00  0.000000E+00
SLABSEQ   240 17641  0.000000E+00  0.000000E+00
SLABSEQ   240 17681  0.000000E+00  0.000000E+00
SLABSEQ   240 17721  0.000000E+00  0.000000E+00
SLABSEQ   240 17761  0.000000E+00  0.000000E+00
SLABSEQ   240 17801  0.000000E+00  0.000000E+00
SLABSEQ   240 17841  0.000000E+00  0.000000E+00
SLABSEQ   240 17881  0.000000E+00  0.000000E+00
SLABSEQ   240 17921  0.000000E+00  0.000000E+00
SLABSEQ   240 17961  0.000000E+00  0.000000E+00
SLABSEQ   240 18041  0.000000E+00  0.000000E+00
SLABSEQ   240 18001  0.000000E+00  0.000000E+00
SLABSEQ   240 18081  0.000000E+00  0.000000E+00
SLABSEQ   240 18121  0.000000E+00  0.000000E+00
SLABSEQ   240 18201  0.000000E+00  0.000000E+00
SLABSEQ   240 18161  0.000000E+00  0.000000E+00
SLABSEQ   240 18241  0.000000E+00  0.000000E+00
SLABSEQ   240 18281  0.000000E+00  0.000000E+00
SLABSEQ   240 18321  0.000000E+00  0.000000E+00
SLABSEQ   240 18361  0.000000E+00  0.000000E+00
SLABSEQ   240 18401  0.000000E+00  0.000000E+00
SLABSEQ   240 18481  0.000000E+00  0.000000E+00
SLABSEQ   240 18441  0.000000E+00  0.000000E+00
SLABSEQ   240 18561  0.000000E+00  0.000000E+00
SLABSEQ   240 18521  0.000000E+00  0.000000E+00
SLABSEQ   240 18601  0.000000E+00  0.000000E+00
SLABSEQ   240 18641  0.000000E+00  0.000000E+00
SLABSEQ   240 18681  0.000000E+00  0.000000E+00
SLABSEQ   240 18721  0.000000E+00  0.000000E+00
SLABSEQ   240 18761  0.000000E+00  0.000000E+00
SLABSEQ   240 18801  0.000000E+00  0.000000E+00
SLABSEQ   240 18841  0.000000E+00  0.000000E+00
SLABSEQ   240 18881  0.000000E+00  0.000000E+00
SLABSEQ   240 18921  0.000000E+00  0.000000E+00
SLABSEQ   240 18961  0.000000E+00  0.000000E+00
SLABSEQ   240 19001  0.000000E+00  0.000000E+00
SLABSEQ   240 19041  0.000000E+00  0.000000E+00
SLABSEQ   240 19081  0.000000E+00  0.000000E+00
SLABSEQ   240 19121  0.000000E+00  0.000000E+00
SLABSEQ   240 19201  0.000000E+00  0.000000E+00
SLABSEQ   240 19161  0.000000E+00  0.000000E+00
SLABSEQ   240 19241  0.000000E+00  0.000000E+00
SLABSEQ   240 19401  0.000000E+00  0.000000E+00
SLABSEQ   240 19281  0.000000E+00  0.000000E+00
SLABSEQ   240 19361  0.000000E+00  0.000000E+00
SLABSEQ   240 19321  0.000000E+00  0.000000E+00
SLABSEQ   240 19441  0.000000E+00  0.000000E+00
SLABSEQ   240 19481  0.000000E+00  0.000000E+00
SLABSEQ   240 19521  0.000000E+00  0.000000E+00
SLABSEQ   240 19561  0.000000E+00  0.000000E+00
SLABSEQ   240 19601  0.000000E+00  0.000000E+00
SLABSEQ   240 19641  0.000000E+00  0.000000E+00
SLABSEQ   240 19761  0.000000E+00  0.000000E+00
SLABSEQ   240 19681  0.000000E+00  0.000000E+00
SLABSEQ   240 19721  0.000000E+00  0.000000E+00
SLABSEQ   240 19801  0.000000E+00  0.000000E+00
SLABSEQ   240 19841  0.000000E+00  0.000000E+00
SLABSEQ   240 19881  0.000000E+00  0.000000E+00
SLABSEQ   240 19921  0.000000E+00  0.000000E+00
SLABSEQ   240 19961  0.000000E+00  0.000000E+00
SLABSEQ   240 20001  0.000000E+00  0.000000E+00
SLABSEQ   240 20041  0.000000E+00  0.000000E+00
SLABSEQ   240 20081  0.000000E+00  0.000000E+00
SLABSEQ   240 20121  0.000000E+00  0.000000E+00
SLABSEQ   240 20161  0.000000E+00  0.000000E+00
SLABSEQ   240 20201  0.000000E+00  0.000000E+00
SLABSEQ   240 20241  0.000000E+00  0.000000E+00
SLABSEQ   240 20281  0.000000E+00  0.000000E+00
SLABSEQ   240 20321  0.000000E+00  0.000000E+00
SLABSEQ   240 20361  0.000000E+00  0.000000E+00
SLABSEQ   240 20441  0.000000E+00  0.000000E+00
SLABSEQ   240 20401  0.000000E+00  0.000000E+00
SLABSEQ   240 20481  0.000000E+00  0.000000E+00
SLABSEQ   240 20521  0.000000E+00  0.000000E+00
SLABSEQ   240 20561  0.000000E+00  0.000000E+00
SLABSEQ   240 20601  0.000000E+00  0.000000E+00
SLABSEQ   240 20681  0.000000E+00  0.000000E+00
SLABSEQ   240 20641  0.000000E+00  0.000000E+00
SLABSEQ   240 20721  0.000000E+00  0.000000E+00
SLABSEQ   240 20761  0.000000E+00  0.000000E+00
SLABSEQ   240 20801  0.000000E+00  0.000000E+00
SLABSEQ   240 20841  0.000000E+00  0.000000E+00
SLABSEQ   240 20881  0.000000E+00  0.000000E+00
SLABSEQ   240 20921  0.000000E+00  0.000000E+00
SLABSEQ   240 20961  0.000000E+00  0.000000E+00
SLABSEQ   240 21001  0.000000E+00  0.000000E+00
SLABSEQ   240 21041  0.000000E+00  0.000000E+00
SLABSEQ   240 21081  0.000000E+00  0.000000E+00
SLABSEQ   240 21121  0.000000E+00  0.000000E+00
SLABSEQ   240 21161  0.000000E+00  0.000000E+00
SLABSEQ   240 21201  0.000000E+00  0.000000E+00
SLABSEQ   240 21241  0.000000E+00  0.000000E+00
SLABSEQ   240 21281  0.000000E+00  0.000000E+00
SLABSEQ   240 21361  0.000000E+00  0.000000E+00
SLABSEQ   240 21441  0.000000E+00  0.000000E+00
SLABSEQ   240 21321  0.000000E+00  0.000000E+00
SLABSEQ   240 21401  0.000000E+00  0.000000E+00
SLABSEQ   240 21521  0.000000E+00  0.000000E+00
SLABSEQ   240 21561  0.000000E+00  0.000000E+00
SLABSEQ   240 21601  0.000000E+00  0.000000E+00
SLABSEQ   240 21481  0.000000E+00  0.000000E+00
SLABSEQ   240 21641  0.000000E+00  0.000000E+00
SLABSEQ   240 21721  0.000000E+00  0.000000E+00
SLABSEQ   240 21761  0.000000E+00  0.000000E+00
SLABSEQ   240 21801  0.000000E+00  0.000000E+00
SLABSEQ   240 21681  0.000000E+00  0.000000E+00
SLABSEQ   240 21961  0.000000E+00  0.000000E+00
SLABSEQ   240 21841  0.000000E+00  0.000000E+00
SLABSEQ   240 21921  0.000000E+00  0.000000E+00
SLABSEQ   240 21881  0.000000E+00  0.000000E+00
SLABSEQ   240 22081  0.000000E+00  0.000000E+00
SLABSEQ   240 22161  0.000000E+00  0.000000E+00
SLABSEQ   240 22201  0.000000E+00  0.000000E+00
SLABSEQ   240 22041  0.000000E+00  0.000000E+00
SLABSEQ   240 22001  0.000000E+00  0.000000E+00
SLABSEQ   240 22121  0.000000E+00  0.000000E+00
SLABSEQ   240 22241  0.000000E+00  0.000000E+00
SLABSEQ   240 22281  0.000000E+00  0.000000E+00
SLABSEQ   240 22321  0.000000E+00  0.000000E+00
SLABSEQ   240 22361  0.000000E+00  0.000000E+00
SLABSEQ   240 22401  0.000000E+00  0.000000E+00
SLABSEQ   240 22441  0.000000E+00  0.000000E+00
SLABSEQ   240 22521  0.000000E+00  0.000000E+00
SLABSEQ   240 22481  0.000000E+00  0.000000E+00
SLABSEQ   240 22561  0.000000E+00  0.000000E+00
SLABSEQ   240 22601  0.000000E+00  0.000000E+00
SLABSEQ   240 22641  0.000000E+00  0.000000E+00
SLABSEQ   240 22681  0.000000E+00  0.000000E+00
SLABSEQ   240 22721  0.000000E+00  0.000000E+00
SLABSEQ   240 22761  0.000000E+00  0.000000E+00
SLABSEQ   240 22801  0.000000E+00  0.000000E+00
SLABSEQ   240 22841  0.000000E+00  0.000000E+00
SLABSEQ   240 22881  0.000000E+00  0.000000E+00
SLABSEQ   240 22921  0.000000E+00  0.000000E+00
SLABSEQ   240 22961  0.000000E+00  0.000000E+00
SLABSEQ   240 23001  0.000000E+00  0.000000E+00
SLABSEQ   240 23041  0.000000E+00  0.000000E+00
SLABSEQ   240 23081  0.000000E+00  0.000000E+00
SLABSEQ   240 23161  0.000000E+00  0.000000E+00
SLABSEQ   240 23121  0.000000E+00  0.000000E+00
SLABSEQ   240 23241  0.000000E+00  0.000000E+00
SLABSEQ   240 23201  0.000000E+00  0.000000E+00
SLABSEQ   240 23281  0.000000E+00  0.000000E+00
SLABSEQ   240 23321  0.000000E+00  0.000000E+00
SLABSEQ   240 23361  0.000000E+00  0.000000E+00
SLABSEQ   240 23401  0.000000E+00  0.000000E+00
SLABSEQ   240 23481  0.000000E+00  0.000000E+00
SLABSEQ   240 23441  0.000000E+00  0.000000E+00
SLABSEQ   240 23521  0.000000E+00  0.000000E+00
SLABSEQ   240 23561  0.000000E+00  0.000000E+00
SLABSEQ   240 23601  0.000000E+00  0.000000E+00
SLABSEQ   240 23681  0.000000E+00  0.000000E+00
SLABSEQ   240 23641  0.000000E+00  0.000000E+00
SLABSEQ   240 23761  0.000000E+00  0.000000E+00
SLABSEQ   240 23721  0.000000E+00  0.000000E+00
SLABSEQ   240 23841  0.000000E+00  0.000000E+00
SLABSEQ   240 23801  0.000000E+00  0.000000E+00
SLABSEQ   240 23881  0.000000E+00  0.000000E+00
SLABSEQ   240 24001  0.000000E+00  0.000000E+00
SLABSEQ   240 23921  0.000000E+00  0.000000E+00
SLABSEQ   240 23961  0.000000E+00  0.000000E+00
SLABSEQ   240 24041  0.000000E+00  0.000000E+00
SLABSEQ   240 24081  0.000000E+00  0.000000E+00
SLABSEQ   240 24121  0.000000E+00  0.000000E+00
SLABSEQ   240 24161  0.000000E+00  0.000000E+00
SLABSEQ   240 24201  0.000000E+00  0.000000E+00
SLABSEQ   240 24241  0.000000E+00  0.000000E+00
SLABSEQ   240 24281  0.000000E+00  0.000000E+00
SLABSEQ   240 24361  0.000000E+00  0.000000E+00
SLABSEQ   240 24321  0.000000E+00  0.000000E+00
SLABSEQ   240 24401  0.000000E+00  0.000000E+00
SLABSEQ   240 24441  0.000000E+00  0.000000E+00
SLABSEQ   240 24521  0.000000E+00  0.000000E+00
SLABSEQ   240 24481  0.000000E+00  0.000000E+00
SLABSEQ   240 24561  0.000000E+00  0.000000E+00
SLABSEQ   240 24601  0.000000E+00  0.000000E+00
SLABSEQ   240 24681  0.000000E+00  0.000000E+00
SLABSEQ   240 24641  0.000000E+00  0.000000E+00
SLABSEQ   240 24721  0.000000E+00  0.000000E+00
SLABSEQ   240 24761  0.000000E+00  0.000000E+00
SLABSEQ   240 24801  0.000000E+00  0.000000E+00
SLABSEQ   240 24841  0.000000E+00  0.000000E+00
SLABSEQ   240 24881  0.000000E+00  0.000000E+00
SLABSEQ   240 24961  0.000000E+00  0.000000E+00
SLABSEQ   240 24921  0.000000E+00  0.000000E+00
SLABSEQ   240 25001  0.000000E+00  0.000000E+00
SLABSEQ   240 25041  0.000000E+00  0.000000E+00
SLABSEQ   240 25081  0.000000E+00  0.000000E+00
SLABSEQ   240 25121  0.000000E+00  0.000000E+00
SLABSEQ   240 25161  0.000000E+00  0.000000E+00
SLABSEQ   240 25201  0.000000E+00  0.000000E+00
SLABSEQ   240 25281  0.000000E+00  0.000000E+00
SLABSEQ   240 25241  0.000000E+00  0.000000E+00
SLABSEQ   240 25321  0.000000E+00  0.000000E+00
SLABSEQ   240 25361  0.000000E+00  0.000000E+00
SLABSEQ   240 25401  0.000000E+00  0.000000E+00
SLABSEQ   240 25441  0.000000E+00  0.000000E+00
SLABSEQ   240 25481  0.000000E+00  0.000000E+00
SLABSEQ   240 25521  0.000000E+00  0.000000E+00
SLABSEQ   240 25561  0.000000E+00  0.000000E+00
SLABSEQ   240 25601  0.000000E+00  0.000000E+00
SLABSEQ   240 25641  0.000000E+00  0.000000E+00
SLABSEQ   240 25721  0.000000E+00  0.000000E+00
SLABSEQ   240 25681  0.000000E+00  0.000000E+00
SLABSEQ   240 25761  0.000000E+00  0.000000E+00
SLABSEQ   240 25801  0.000000E+00  0.000000E+00
SLABSEQ   240 25841  0.000000E+00  0.000000E+00
SLABSEQ   240 25881  0.000000E+00  0.000000E+00
SLABSEQ   240 25921  0.000000E+00  0.000000E+00
SLABSEQ   240 25961  0.000000E+00  0.000000E+00
SLABSEQ   240 26001  0.000000E+00  0.000000E+00
SLABSEQ   240 26041  0.000000E+00  0.000000E+00
SLABSEQ   240 26081  0.000000E+00  0.000000E+00
SLABSEQ   240 26121  0.000000E+00  0.000000E+00
SLABSEQ   240 26161  0.000000E+00  0.000000E+00
SLABSEQ   240 26201  0.000000E+00  0.000000E+00
SLABSEQ   240 26241  0.000000E+00  0.000000E+00
SLABSEQ   240 26281  0.000000E+00  0.000000E+00
SLABSEQ   240 26321  0.000000E+00  0.000000E+00
SLABSEQ   240 26401  0.000000E+00  0.000000E+00
SLABSEQ   240 26361  0.000000E+00  0.000000E+00
SLABSEQ   240 26441  0.000000E+00  0.000000E+00
SLABSEQ   240 26481  0.000000E+00  0.000000E+00
SLABSEQ   240 26521  0.000000E+00  0.000000E+00
SLABSEQ   240 26561  0.000000E+00  0.000000E+00
SLABSEQ   240 26601  0.000000E+00  0.000000E+00
SLABSEQ   240 26641  0.000000E+00  0.000000E+00
SLABSEQ   240 26681  0.000000E+00  0.000000E+00
SLABSEQ   240 26721  0.000000E+00  0.000000E+00
SLABSEQ   240 26761  0.000000E+00  0.000000E+00
SLABSEQ   240 26801  0.000000E+00  0.000000E+00
SLABSEQ   240 26841  0.000000E+00  0.000000E+00
SLABSEQ   240 26921  0.000000E+00  0.000000E+00
SLABSEQ   240 26881  0.000000E+00  0.000000E+00
SLABSEQ   240 26961  0.000000E+00  0.000000E+00
SLABSEQ   240 27041  0.000000E+00  0.000000E+00
SLABSEQ   240 27001  0.000000E+00  0.000000E+00
SLABSEQ   240 27081  0.000000E+00  0.000000E+00
SLABSEQ   240 27121  0.000000E+00  0.000000E+00
SLABSEQ   240 27161  0.000000E+00  0.000000E+00
SLABSEQ   240 27241  0.000000E+00  0.000000E+00
SLABSEQ   240 27201  0.000000E+00  0.000000E+00
SLABSEQ   240 27281  0.000000E+00  0.000000E+00
SLABSEQ   240 27321  0.000000E+00  0.000000E+00
SLABSEQ   240 27361  0.000000E+00  0.000000E+00
SLABSEQ   240 27401  0.000000E+00  0.000000E+00
SLABSEQ   240 27481  0.000000E+00  0.000000E+00
SLABSEQ   240 27441  0.000000E+00  0.000000E+00
SLABSEQ   240 27521  0.000000E+00  0.000000E+00
SLABSEQ   240 27601  0.000000E+00  0.000000E+00
SLABSEQ   240 27641  0.000000E+00  0.000000E+00
SLABSEQ   240 27561  0.000000E+00  0.000000E+00
SLABSEQ   240 27681  0.000000E+00  0.000000E+00
SLABSEQ   240 27721  0.000000E+00  0.000000E+00
SLABSEQ   240 27761  0.000000E+00  0.000000E+00
SLABSEQ   240 27841  0.000000E+00  0.000000E+00
SLABSEQ   240 27881  0.000000E+00  0.000000E+00
SLABSEQ   240 27801  0.000000E+00  0.000000E+00
SLABSEQ   240 27921  0.000000E+00  0.000000E+00
SLABSEQ   240 28001  0.000000E+00  0.000000E+00
SLABSEQ   240 27961  0.000000E+00  0.000000E+00
SLABSEQ   240 28041  0.000000E+00  0.000000E+00
SLABSEQ   240 28081  0.000000E+00  0.000000E+00
SLABSEQ   240 28161  0.000000E+00  0.000000E+00
SLABSEQ   240 28121  0.000000E+00  0.000000E+00
SLABSEQ   240 28201  0.000000E+00  0.000000E+00
SLABSEQ   240 28241  0.000000E+00  0.000000E+00
SLABSEQ   240 28281  0.000000E+00  0.000000E+00
SLABSEQ   240 28321  0.000000E+00  0.000000E+00
SLABSEQ   240 28361  0.000000E+00  0.000000E+00
SLABSEQ   240 28441  0.000000E+00  0.000000E+00
SLABSEQ   240 28401  0.000000E+00  0.000000E+00
SLABSEQ   240 28561  0.000000E+00  0.000000E+00
SLABSEQ   240 28601  0.000000E+00  0.000000E+00
SLABSEQ   240 28521  0.000000E+00  0.000000E+00
SLABSEQ   240 28481  0.000000E+00  0.000000E+00
SLABSEQ   240 28641  0.000000E+00  0.000000E+00
SLABSEQ   240 28681  0.000000E+00  0.000000E+00
SLABSEQ   240 28721  0.000000E+00  0.000000E+00
SLABSEQ   240 28761  0.000000E+00  0.000000E+00
SLABSEQ   240 28801  0.000000E+00  0.000000E+00
SLABSEQ   240 28841  0.000000E+00  0.000000E+00
SLABSEQ   240 28881  0.000000E+00  0.000000E+00
SLABSEQ   240 28961  0.000000E+00  0.000000E+00
SLABSEQ   240 29001  0.000000E+00  0.000000E+00
SLABSEQ   240 29041  0.000000E+00  0.000000E+00
SLABSEQ   240 28921  0.000000E+00  0.000000E+00
SLABSEQ   240 29081  0.000000E+00  0.000000E+00
SLABSEQ   240 29121  0.000000E+00  0.000000E+00
SLABSEQ   240 29161  0.000000E+00  0.000000E+00
SLABSEQ   240 29201  0.000000E+00  0.000000E+00
SLABSEQ   240 29241  0.000000E+00  0.000000E+00
SLABSEQ   240 29281  0.000000E+00  0.000000E+00
SLABSEQ   240 29321  0.000000E+00  0.000000E+00
SLABSEQ   240 29361  0.000000E+00  0.000000E+00
SLABSEQ   240 29401  0.000000E+00  0.000000E+00
SLABSEQ   240 29441  0.000000E+00  0.000000E+00
SLABSEQ   240 29481  0.000000E+00  0.000000E+00
SLABSEQ   240 29561  0.000000E+00  0.000000E+00
SLABSEQ   240 29521  0.000000E+00  0.000000E+00
SLABSEQ   240 29601  0.000000E+00  0.000000E+00
SLABSEQ   240 29641  0.000000E+00  0.000000E+00
SLABSEQ   240 29681  0.000000E+00  0.000000E+00
SLABSEQ   240 29721  0.000000E+00  0.000000E+00
SLABSEQ   240 29761  0.000000E+00  0.000000E+00
SLABSEQ   240 29801  0.000000E+00  0.000000E+00
SLABSEQ   240 29841  0.000000E+00  0.000000E+00
SLABSEQ   240 29881  0.000000E+00  0.000000E+00
SLABSEQ   240 29921  0.000000E+00  0.000000E+00
SLABSEQ   240 29961  0.000000E+00  0.000000E+00
SLABSEQ   240 30001  0.000000E+00  0.000000E+00
SLABSEQ   240 30041  0.000000E+00  0.000000E+00
SLABSEQ   240 30081  0.000000E+00  0.000000E+00
SLABSEQ   240 30161  0.000000E+00  0.000000E+00
SLABSEQ   240 30121  0.000000E+00  0.000000E+00
SLABSEQ   240 30201  0.000000E+00  0.000000E+00
SLABSEQ   240 30241  0.000000E+00  0.000000E+00
SLABSEQ   240 30281  0.000000E+00  0.000000E+00
SLABSEQ   240 30321  0.000000E+00  0.000000E+00
SLABSEQ   240 30361  0.000000E+00  0.000000E+00
SLABSEQ   240 30401  0.000000E+00  0.000000E+00
SLABSEQ   240 30481  0.000000E+00  0.000000E+00
SLABSEQ   240 30441  0.000000E+00  0.000000E+00
SLABSEQ   240 30521  0.000000E+00  0.000000E+00
SLABSEQ   240 30561  0.000000E+00  0.000000E+00
SLABSEQ   240 30601  0.000000E+00  0.000000E+00
SLABSEQ   240 30681  0.000000E+00  0.000000E+00
SLABSEQ   240 30641  0.000000E+00  0.000000E+00
SLABSEQ   240 30721  0.000000E+00  0.000000E+00
SLABSEQ   240 30761  0.000000E+00  0.000000E+00
SLABSEQ   240 30841  0.000000E+00  0.000000E+00
SLABSEQ   240 30801  0.000000E+00  0.000000E+00
SLABSEQ   240 30881  0.000000E+00  0.000000E+00
SLABSEQ   240 30921  0.000000E+00  0.000000E+00
SLABSEQ   240 30961  0.000000E+00  0.000000E+00
SLABSEQ   240 31001  0.000000E+00  0.000000E+00
SLABSEQ   240 31041  0.000000E+00  0.000000E+00
SLABSEQ   240 31121  0.000000E+00  0.000000E+00
SLABSEQ   240 31201  0.000000E+00  0.000000E+00
SLABSEQ   240 31161  0.000000E+00  0.000000E+00
SLABSEQ   240 31081  0.000000E+00  0.000000E+00
SLABSEQ   240 31241  0.000000E+00  0.000000E+00
SLABSEQ   240 31281  0.000000E+00  0.000000E+00
SLABSEQ   240 31321  0.000000E+00  0.000000E+00
SLABSEQ   240 31361  0.000000E+00  0.000000E+00
SLABSEQ   240 31401  0.000000E+00  0.000000E+00
SLABSEQ   240 31441  0.000000E+00  0.000000E+00
SLABSEQ   240 31481  0.000000E+00  0.000000E+00
SLABSEQ   240 31521  0.000000E+00  0.000000E+00
SLABSEQ   240 31561  0.000000E+00  0.000000E+00
SLABSEQ   240 31641  0.000000E+00  0.000000E+00
SLABSEQ   240 31721  0.000000E+00  0.000000E+00
SLABSEQ   240 31601  0.000000E+00  0.000000E+00
SLABSEQ   240 31681  0.000000E+00  0.000000E+00
SLABSEQ   240 31761  0.000000E+00  0.000000E+00
SLABSEQ   240 31801  0.000000E+00  0.000000E+00
SLABSEQ   240 31841  0.000000E+00  0.000000E+00
SLABSEQ   240 31881  0.000000E+00  0.000000E+00
SLABSEQ   240 31921  0.000000E+00  0.000000E+00
SLABSEQ   240 31961  0.000000E+00  0.000000E+00
SLABSEQ   240 32001  0.000000E+00  0.000000E+00
SLABSEQ   240 32041  0.000000E+00  0.000000E+00
SLABSEQ   240 32081  0.000000E+00  0.000000E+00
SLABSEQ   240 32121  0.000000E+00  0.000000E+00
SLABSEQ   240 32161  0.000000E+00  0.000000E+00
SLABSEQ   240 32201  0.000000E+00  0.000000E+00
SLABSEQ   240 32241  0.000000E+00  0.000000E+00
SLABSEQ   240 32281  0.000000E+00  0.000000E+00
SLABSEQ   240 32321  0.000000E+00  0.000000E+00
SLABSEQ   240 32361  0.000000E+00  0.000000E+00
SLABSEQ   240 32401  0.000000E+00  0.000000E+00
SLABSEQ   240 32441  0.000000E+00  0.000000E+00
SLABSEQ   240 32481  0.000000E+00  0.000000E+00
SLABSEQ   240 32521  0.000000E+00  0.000000E+00
SLABSEQ   240 32561  0.000000E+00  0.000000E+00
SLABSEQ   240 32601  0.000000E+00  0.000000E+00
SLABSEQ   240 32641  0.000000E+00  0.000000E+00
SLABSEQ   240 32681  0.000000E+00  0.000000E+00
SLABSEQ   240 32761  0.000000E+00  0.000000E+00
SLABSEQ   240 32801  0.000000E+00  0.000000E+00
SLABSEQ   240 32881  0.000000E+00  0.000000E+00
SLABSEQ   240 32921  0.000000E+00  0.000000E+00
SLABSEQ   240 32721  0.000000E+00  0.000000E+00
SLABSEQ   240 33001  0.000000E+00  0.000000E+00
SLABSEQ   240 33041  0.000000E+00  0.000000E+00
SLABSEQ   240 33081  0.000000E+00  0.000000E+00
SLABSEQ   240 33161  0.000000E+00  0.000000E+00
SLABSEQ   240 33121  0.000000E+00  0.000000E+00
SLABSEQ   240 33201  0.000000E+00  0.000000E+00
SLABSEQ   240 33241  0.000000E+00  0.000000E+00
SLABSEQ   240 33281  0.000000E+00  0.000000E+00
SLABSEQ   240 33321  0.000000E+00  0.000000E+00
SLABSEQ   240 33401  0.000000E+00  0.000000E+00
SLABSEQ   240 33361  0.000000E+00  0.000000E+00
SLABSEQ   240 33441  0.000000E+00  0.000000E+00
SLABSEQ   240 32961  0.000000E+00  0.000000E+00
SLABSEQ   240 33521  0.000000E+00  0.000000E+00
SLABSEQ   240 33561  0.000000E+00  0.000000E+00
SLABSEQ   240 33601  0.000000E+00  0.000000E+00
SLABSEQ   240 33721  0.000000E+00  0.000000E+00
SLABSEQ   240 33761  0.000000E+00  0.000000E+00
SLABSEQ   240 33641  0.000000E+00  0.000000E+00
SLABSEQ   240 33801  0.000000E+00  0.000000E+00
SLABSEQ   240 33841  0.000000E+00  0.000000E+00
SLABSEQ   240 33681  0.000000E+00  0.000000E+00
SLABSEQ   240 33881  0.000000E+00  0.000000E+00
SLABSEQ   240 33921  0.000000E+00  0.000000E+00
SLABSEQ   240 33961  0.000000E+00  0.000000E+00
SLABSEQ   240 34001  0.000000E+00  0.000000E+00
SLABSEQ   240 34041  0.000000E+00  0.000000E+00
SLABSEQ   240 33481  0.000000E+00  0.000000E+00
SLABSEQ   240 34241  0.000000E+00  0.000000E+00
SLABSEQ   240 34121  0.000000E+00  0.000000E+00
SLABSEQ   240 34161  0.000000E+00  0.000000E+00
SLABSEQ   240 34201  0.000000E+00  0.000000E+00
SLABSEQ   240 34281  0.000000E+00  0.000000E+00
SLABSEQ   240 34321  0.000000E+00  0.000000E+00
SLABSEQ   240 34361  0.000000E+00  0.000000E+00
SLABSEQ   240 34401  0.000000E+00  0.000000E+00
SLABSEQ   240 34441  0.000000E+00  0.000000E+00
SLABSEQ   240 34481  0.000000E+00  0.000000E+00
SLABSEQ   240 34521  0.000000E+00  0.000000E+00
SLABSEQ   240 34561  0.000000E+00  0.000000E+00
SLABSEQ   240 34601  0.000000E+00  0.000000E+00
SLABSEQ   240 34641  0.000000E+00  0.000000E+00
SLABSEQ   240 34081  0.000000E+00  0.000000E+00
SLABSEQ   240 34721  0.000000E+00  0.000000E+00
SLABSEQ   240 34761  0.000000E+00  0.000000E+00
SLABSEQ   240 34841  0.000000E+00  0.000000E+00
SLABSEQ   240 34921  0.000000E+00  0.000000E+00
SLABSEQ   240 34961  0.000000E+00  0.000000E+00
SLABSEQ   240 35041  0.000000E+00  0.000000E+00
SLABSEQ   240 34881  0.000000E+00  0.000000E+00
SLABSEQ   240 35001  0.000000E+00  0.000000E+00
SLABSEQ   240 32841  0.000000E+00  0.000000E+00
SLABSEQ   240 35121  0.000000E+00  0.000000E+00
SLABSEQ   240 35281  0.000000E+00  0.000000E+00
SLABSEQ   240 35201  0.000000E+00  0.000000E+00
SLABSEQ   240 35241  0.000000E+00  0.000000E+00
SLABSEQ   240 35161  0.000000E+00  0.000000E+00
SLABSEQ   240 34801  0.000000E+00  0.000000E+00
SLABSEQ   240 35321  0.000000E+00  0.000000E+00
SLABSEQ   240 35361  0.000000E+00  0.000000E+00
SLABSEQ   240 35401  0.000000E+00  0.000000E+00
SLABSEQ   240 35441  0.000000E+00  0.000000E+00
SLABSEQ   240 35481  0.000000E+00  0.000000E+00
SLABSEQ   240 35521  0.000000E+00  0.000000E+00
SLABSEQ   240 35601  0.000000E+00  0.000000E+00
SLABSEQ   240 35561  0.000000E+00  0.000000E+00
SLABSEQ   240 35721  0.000000E+00  0.000000E+00
SLABSEQ   240 35681  0.000000E+00  0.000000E+00
SLABSEQ   240 35641  0.000000E+00  0.000000E+00
SLABSEQ   240 35761  0.000000E+00  0.000000E+00
SLABSEQ   240 35801  0.000000E+00  0.000000E+00
SLABSEQ   240 35841  0.000000E+00  0.000000E+00
SLABSEQ   240 35881  0.000000E+00  0.000000E+00
SLABSEQ   240 35921  0.000000E+00  0.000000E+00
SLABSEQ   240 35961  0.000000E+00  0.000000E+00
SLABSEQ   240 36001  0.000000E+00  0.000000E+00
SLABSEQ   240 36041  0.000000E+00  0.000000E+00
SLABSEQ   240 35081  0.000000E+00  0.000000E+00
SLABSEQ   240 36081  0.000000E+00  0.000000E+00
SLABSEQ   240 36161  0.000000E+00  0.000000E+00
SLABSEQ   240 36201  0.000000E+00  0.000000E+00
SLABSEQ   240 36401  0.000000E+00  0.000000E+00
SLABSEQ   240 36241  0.000000E+00  0.000000E+00
SLABSEQ   240 36281  0.000000E+00  0.000000E+00
SLABSEQ   240 36321  0.000000E+00  0.000000E+00
SLABSEQ   240 36481  0.000000E+00  0.000000E+00
SLABSEQ   240 36121  0.000000E+00  0.000000E+00
SLABSEQ   240 36561  0.000000E+00  0.000000E+00
SLABSEQ   240 36441  0.000000E+00  0.000000E+00
SLABSEQ   240 36521  0.000000E+00  0.000000E+00
SLABSEQ   240 36361  0.000000E+00  0.000000E+00
SLABSEQ   240 36641  0.000000E+00  0.000000E+00
SLABSEQ   240 36601  0.000000E+00  0.000000E+00
SLABSEQ   240 36681  0.000000E+00  0.000000E+00
SLABSEQ   240 36761  0.000000E+00  0.000000E+00
SLABSEQ   240 36721  0.000000E+00  0.000000E+00
SLABSEQ   240 36801  0.000000E+00  0.000000E+00
SLABSEQ   240 36841  0.000000E+00  0.000000E+00
SLABSEQ   240 36881  0.000000E+00  0.000000E+00
SLABSEQ   240 36961  0.000000E+00  0.000000E+00
SLABSEQ   240 37001  0.000000E+00  0.000000E+00
SLABSEQ   240 36921  0.000000E+00  0.000000E+00
SLABSEQ   240 37041  0.000000E+00  0.000000E+00
SLABSEQ   240 37081  0.000000E+00  0.000000E+00
SLABSEQ   240 37121  0.000000E+00  0.000000E+00
SLABSEQ   240 37161  0.000000E+00  0.000000E+00
SLABSEQ   240 37201  0.000000E+00  0.000000E+00
SLABSEQ   240 37241  0.000000E+00  0.000000E+00
SLABSEQ   240 37281  0.000000E+00  0.000000E+00
SLABSEQ   240 37321  0.000000E+00  0.000000E+00
SLABSEQ   240 37361  0.000000E+00  0.000000E+00
SLABSEQ   240 37401  0.000000E+00  0.000000E+00
SLABSEQ   240 37441  0.000000E+00  0.000000E+00
SLABSEQ   240 37481  0.000000E+00  0.000000E+00
SLABSEQ   240 37521  0.000000E+00  0.000000E+00
SLABSEQ   240 37561  0.000000E+00  0.000000E+00
SLABSEQ   240 37601  0.000000E+00  0.000000E+00
SLABSEQ   240 37641  0.000000E+00  0.000000E+00
SLABSEQ   240 37681  0.000000E+00  0.000000E+00
SLABSEQ   240 37721  0.000000E+00  0.000000E+00
SLABSEQ   240 37761  0.000000E+00  0.000000E+00
SLABSEQ   240 34681  0.000000E+00  0.000000E+00
SLABSEQ   240 37841  0.000000E+00  0.000000E+00
SLABSEQ   240 37801  0.000000E+00  0.000000E+00
SLABSEQ   240 37881  0.000000E+00  0.000000E+00
SLABSEQ   240 37921  0.000000E+00  0.000000E+00
SLABSEQ   240 37961  0.000000E+00  0.000000E+00
SLABSEQ   240 38001  0.000000E+00  0.000000E+00
SLABSEQ   240 38041  0.000000E+00  0.000000E+00
SLABSEQ   240 38081  0.000000E+00  0.000000E+00
SLABSEQ   240 38121  0.000000E+00  0.000000E+00
SLABSEQ   240 38161  0.000000E+00  0.000000E+00
SLABSEQ   240 38201  0.000000E+00  0.000000E+00
SLABSEQ   240 38241  0.000000E+00  0.000000E+00
SLABSEQ   240 38281  0.000000E+00  0.000000E+00
SLABSEQ   240 38321  0.000000E+00  0.000000E+00
SLABSEQ   240 38361  0.000000E+00  0.000000E+00
SLABSEQ   240 38401  0.000000E+00  0.000000E+00
SLABSEQ   240 38441  0.000000E+00  0.000000E+00
SLABSEQ   240 38521  0.000000E+00  0.000000E+00
SLABSEQ   240 38481  0.000000E+00  0.000000E+00
SLABSEQ   240 38561  0.000000E+00  0.000000E+00
SLABSEQ   240 38601  0.000000E+00  0.000000E+00
SLABSEQ   240 38761  0.000000E+00  0.000000E+00
SLABSEQ   240 38801  0.000000E+00  0.000000E+00
SLABSEQ   240 38681  0.000000E+00  0.000000E+00
SLABSEQ   240 38721  0.000000E+00  0.000000E+00
SLABSEQ   240 38641  0.000000E+00  0.000000E+00
SLABSEQ   240 38841  0.000000E+00  0.000000E+00
SLABSEQ   240 38881  0.000000E+00  0.000000E+00
SLABSEQ   240 38921  0.000000E+00  0.000000E+00
SLABSEQ   240 38961  0.000000E+00  0.000000E+00
SLABSEQ   240 39001  0.000000E+00  0.000000E+00
SLABSEQ   240 39041  0.000000E+00  0.000000E+00
SLABSEQ   240 39081  0.000000E+00  0.000000E+00
SLABSEQ   240 39121  0.000000E+00  0.000000E+00
SLABSEQ   240 39161  0.000000E+00  0.000000E+00
SLABSEQ   240 39321  0.000000E+00  0.000000E+00
SLABSEQ   240 39361  0.000000E+00  0.000000E+00
SLABSEQ   240 39201  0.000000E+00  0.000000E+00
SLABSEQ   240 39241  0.000000E+00  0.000000E+00
SLABSEQ   240 39281  0.000000E+00  0.000000E+00
SLABSEQ   240 39401  0.000000E+00  0.000000E+00
SLABSEQ   240 39441  0.000000E+00  0.000000E+00
SLABSEQ   240 39481  0.000000E+00  0.000000E+00
SLABSEQ   240 39521  0.000000E+00  0.000000E+00
SLABSEQ   240 39561  0.000000E+00  0.000000E+00
SLABSEQ   240 39601  0.000000E+00  0.000000E+00
SLABSEQ   240 39721  0.000000E+00  0.000000E+00
SLABSEQ   240 39641  0.000000E+00  0.000000E+00
SLABSEQ   240 39681  0.000000E+00  0.000000E+00
SLABSEQ   240 39841  0.000000E+00  0.000000E+00
SLABSEQ   240 39761  0.000000E+00  0.000000E+00
SLABSEQ   240 39921  0.000000E+00  0.000000E+00
SLABSEQ   240 39801  0.000000E+00  0.000000E+00
SLABSEQ   240 39881  0.000000E+00  0.000000E+00
SLABSEQ   240 39961  0.000000E+00  0.000000E+00
SLABSEQ   240 40001  0.000000E+00  0.000000E+00
SLABSEQ   240 40041  0.000000E+00  0.000000E+00
SLABSEQ   240 40081  0.000000E+00  0.000000E+00
SLABSEQ   240 40121  0.000000E+00  0.000000E+00
SLABSEQ   240 40161  0.000000E+00  0.000000E+00
SLABSEQ   240 40201  0.000000E+00  0.000000E+00
SLABSEQ   240 40241  0.000000E+00  0.000000E+00
SLABSEQ   240 40321  0.000000E+00  0.000000E+00
SLABSEQ   240 40281  0.000000E+00  0.000000E+00
SLABSEQ   240 40361  0.000000E+00  0.000000E+00
SLABSEQ   240 40401  0.000000E+00  0.000000E+00
SLABSEQ   240 40441  0.000000E+00  0.000000E+00
SLABSEQ   240 40481  0.000000E+00  0.000000E+00
SLABSEQ   240 40521  0.000000E+00  0.000000E+00
SLABSEQ   240 40561  0.000000E+00  0.000000E+00
SLABSEQ   240 40601  0.000000E+00  0.000000E+00
SLABSEQ   240 40641  0.000000E+00  0.000000E+00
SLABSEQ   240 40681  0.000000E+00  0.000000E+00
SLABSEQ   240 40721  0.000000E+00  0.000000E+00
SLABSEQ   240 40801  0.000000E+00  0.000000E+00
SLABSEQ   240 40841  0.000000E+00  0.000000E+00
SLABSEQ   240 40881  0.000000E+00  0.000000E+00
SLABSEQ   240 40761  0.000000E+00  0.000000E+00
SLABSEQ   240 40961  0.000000E+00  0.000000E+00
SLABSEQ   240 41001  0.000000E+00  0.000000E+00
SLABSEQ   240 40921  0.000000E+00  0.000000E+00
SLABSEQ   240 41041  0.000000E+00  0.000000E+00
SLABSEQ   240 41081  0.000000E+00  0.000000E+00
SLABSEQ   240 41121  0.000000E+00  0.000000E+00
SLABSEQ   240 41161  0.000000E+00  0.000000E+00
SLABSEQ   240 41201  0.000000E+00  0.000000E+00
SLABSEQ   240 41241  0.000000E+00  0.000000E+00
SLABSEQ   240 41281  0.000000E+00  0.000000E+00
SLABSEQ   240 41321  0.000000E+00  0.000000E+00
SLABSEQ   240 41361  0.000000E+00  0.000000E+00
SLABSEQ   240 41401  0.000000E+00  0.000000E+00
SLABSEQ   240 41441  0.000000E+00  0.000000E+00
SLABSEQ   240 41481  0.000000E+00  0.000000E+00
SLABSEQ   240 41521  0.000000E+00  0.000000E+00
SLABSEQ   240 41561  0.000000E+00  0.000000E+00
SLABSEQ   240 41601  0.000000E+00  0.000000E+00
SLABSEQ   240 41641  0.000000E+00  0.000000E+00
SLABSEQ   240 41681  0.000000E+00  0.000000E+00
SLABSEQ   240 41721  0.000000E+00  0.000000E+00
SLABSEQ   240 41761  0.000000E+00  0.000000E+00
SLABSEQ   240 41801  0.000000E+00  0.000000E+00
SLABSEQ   240 41921  0.000000E+00  0.000000E+00
SLABSEQ   240 41881  0.000000E+00  0.000000E+00
SLABSEQ   240 41841  0.000000E+00  0.000000E+00
SLABSEQ   240 41961  0.000000E+00  0.000000E+00
SLABSEQ   240 42001  0.000000E+00  0.000000E+00
SLABSEQ   240 42041  0.000000E+00  0.000000E+00
SLABSEQ   240 42081  0.000000E+00  0.000000E+00
SLABSEQ   240 42121  0.000000E+00  0.000000E+00
SLABSEQ   240 42161  0.000000E+00  0.000000E+00
SLABSEQ   240 42201  0.000000E+00  0.000000E+00
SLABSEQ   240 42241  0.000000E+00  0.000000E+00
SLABSEQ   240 42281  0.000000E+00  0.000000E+00
SLABSEQ   240 42321  0.000000E+00  0.000000E+00
SLABSEQ   240 42361  0.000000E+00  0.000000E+00
SLABSEQ   240 42401  0.000000E+00  0.000000E+00
SLABSEQ   240 42481  0.000000E+00  0.000000E+00
SLABSEQ   240 42441  0.000000E+00  0.000000E+00
SLABSEQ   240 42561  0.000000E+00  0.000000E+00
SLABSEQ   240 42601  0.000000E+00  0.000000E+00
SLABSEQ   240 42641  0.000000E+00  0.000000E+00
SLABSEQ   240 42521  0.000000E+00  0.000000E+00
SLABSEQ   240 42681  0.000000E+00  0.000000E+00
SLABSEQ   240 42721  0.000000E+00  0.000000E+00
SLABSEQ   240 42761  0.000000E+00  0.000000E+00
SLABSEQ   240 42801  0.000000E+00  0.000000E+00
SLABSEQ   240 42841  0.000000E+00  0.000000E+00
SLABSEQ   240 42881  0.000000E+00  0.000000E+00
SLABSEQ   240 42961  0.000000E+00  0.000000E+00
SLABSEQ   240 42921  0.000000E+00  0.000000E+00
SLABSEQ   240 43001  0.000000E+00  0.000000E+00
SLABSEQ   240 43041  0.000000E+00  0.000000E+00
SLABSEQ   240 43081  0.000000E+00  0.000000E+00
SLABSEQ   240 43121  0.000000E+00  0.000000E+00
SLABSEQ   240 43161  0.000000E+00  0.000000E+00
SLABSEQ   240 43201  0.000000E+00  0.000000E+00
SLABSEQ   240 43281  0.000000E+00  0.000000E+00
SLABSEQ   240 43241  0.000000E+00  0.000000E+00
SLABSEQ   240 43361  0.000000E+00  0.000000E+00
SLABSEQ   240 43321  0.000000E+00  0.000000E+00
SLABSEQ   240 43401  0.000000E+00  0.000000E+00
SLABSEQ   240 43441  0.000000E+00  0.000000E+00
SLABSEQ   240 43481  0.000000E+00  0.000000E+00
SLABSEQ   240 43521  0.000000E+00  0.000000E+00
SLABSEQ   240 43561  0.000000E+00  0.000000E+00
SLABSEQ   240 43601  0.000000E+00  0.000000E+00
SLABSEQ   240 43641  0.000000E+00  0.000000E+00
SLABSEQ   240 43681  0.000000E+00  0.000000E+00
SLABSEQ   240 43721  0.000000E+00  0.000000E+00
SLABSEQ   240 43761  0.000000E+00  0.000000E+00
SLABSEQ   240 43801  0.000000E+00  0.000000E+00
SLABSEQ   240 43841  0.000000E+00  0.000000E+00
SLABSEQ   240 43881  0.000000E+00  0.000000E+00
SLABSEQ   240 43961  0.000000E+00  0.000000E+00
SLABSEQ   240 43921  0.000000E+00  0.000000E+00
SLABSEQ   240 44001  0.000000E+00  0.000000E+00
SLABSEQ   240 44041  0.000000E+00  0.000000E+00
SLABSEQ   240 44081  0.000000E+00  0.000000E+00
SLABSEQ   240 44161  0.000000E+00  0.000000E+00
SLABSEQ   240 44121  0.000000E+00  0.000000E+00
SLABSEQ   240 44201  0.000000E+00  0.000000E+00
SLABSEQ   240 44241  0.000000E+00  0.000000E+00
SLABSEQ   240 44321  0.000000E+00  0.000000E+00
SLABSEQ   240 44281  0.000000E+00  0.000000E+00
SLABSEQ   240 44401  0.000000E+00  0.000000E+00
SLABSEQ   240 44361  0.000000E+00  0.000000E+00
SLABSEQ   240 44441  0.000000E+00  0.000000E+00
SLABSEQ   240 44481  0.000000E+00  0.000000E+00
SLABSEQ   240 44561  0.000000E+00  0.000000E+00
SLABSEQ   240 44521  0.000000E+00  0.000000E+00
SLABSEQ   240 44601  0.000000E+00  0.000000E+00
SLABSEQ   240 44641  0.000000E+00  0.000000E+00
SLABSEQ   240 44681  0.000000E+00  0.000000E+00
SLABSEQ   240 44721  0.000000E+00  0.000000E+00
SLABSEQ   240 44761  0.000000E+00  0.000000E+00
SLABSEQ   240 44801  0.000000E+00  0.000000E+00
SLABSEQ   240 44841  0.000000E+00  0.000000E+00
SLABSEQ   240 44881  0.000000E+00  0.000000E+00
SLABSEQ   240 44921  0.000000E+00  0.000000E+00
SLABSEQ   240 44961  0.000000E+00  0.000000E+00
SLABSEQ   240 45001  0.000000E+00  0.000000E+00
SLABSEQ   240 45041  0.000000E+00  0.000000E+00
SLABSEQ   240 45081  0.000000E+00  0.000000E+00
SLABSEQ   240 45121  0.000000E+00  0.000000E+00
SLABSEQ   240 45161  0.000000E+00  0.000000E+00
SLABSEQ   240 45201  0.000000E+00  0.000000E+00
SLABSEQ   240 45241  0.000000E+00  0.000000E+00
SLABSEQ   240 45281  0.000000E+00  0.000000E+00
SLABSEQ   240 45321  0.000000E+00  0.000000E+00
SLABSEQ   240 45361  0.000000E+00  0.000000E+00
SLABSEQ   240 45481  0.000000E+00  0.000000E+00
SLABSEQ   240 45441  0.000000E+00  0.000000E+00
SLABSEQ   240 45401  0.000000E+00  0.000000E+00
SLABSEQ   240 45521  0.000000E+00  0.000000E+00
SLABSEQ   240 45561  0.000000E+00  0.000000E+00
SLABSEQ   240 45601  0.000000E+00  0.000000E+00
SLABSEQ   240 45641  0.000000E+00  0.000000E+00
SLABSEQ   240 45681  0.000000E+00  0.000000E+00
SLABSEQ   240 45721  0.000000E+00  0.000000E+00
SLABSEQ   240 45761  0.000000E+00  0.000000E+00
SLABSEQ   240 45801  0.000000E+00  0.000000E+00
SLABSEQ   240 45841  0.000000E+00  0.000000E+00
SLABSEQ   240 45881  0.000000E+00  0.000000E+00
SLABSEQ   240 45921  0.000000E+00  0.000000E+00
SLABSEQ   240 45961  0.000000E+00  0.000000E+00
SLABSEQ   240 46041  0.000000E+00  0.000000E+00
SLABSEQ   240 46001  0.000000E+00  0.000000E+00
SLABSEQ   240 46081  0.000000E+00  0.000000E+00
SLABSEQ   240 46121  0.000000E+00  0.000000E+00
SLABSEQ   240 46201  0.000000E+00  0.000000E+00
SLABSEQ   240 46161  0.000000E+00  0.000000E+00
SLABSEQ   240 46241  0.000000E+00  0.000000E+00
SLABSEQ   240 46281  0.000000E+00  0.000000E+00
SLABSEQ   240 46321  0.000000E+00  0.000000E+00
SLABSEQ   240 46361  0.000000E+00  0.000000E+00
SLABSEQ   240 46401  0.000000E+00  0.000000E+00
SLABSEQ   240 46441  0.000000E+00  0.000000E+00
SLABSEQ   240 46481  0.000000E+00  0.000000E+00
SLABSEQ   240 46521  0.000000E+00  0.000000E+00
SLABSEQ   240 46561  0.000000E+00  0.000000E+00
SLABSEQ   240 46601  0.000000E+00  0.000000E+00
SLABSEQ   240 46641  0.000000E+00  0.000000E+00
SLABSEQ   240 46681  0.000000E+00  0.000000E+00
SLABSEQ   240 46721  0.000000E+00  0.000000E+00
SLABSEQ   240 46801  0.000000E+00  0.000000E+00
SLABSEQ   240 46761  0.000000E+00  0.000000E+00
SLABSEQ   240 46881  0.000000E+00  0.000000E+00
SLABSEQ   240 46841  0.000000E+00  0.000000E+00
SLABSEQ   240 46921  0.000000E+00  0.000000E+00
SLABSEQ   240 46961  0.000000E+00  0.000000E+00
SLABSEQ   240 47041  0.000000E+00  0.000000E+00
SLABSEQ   240 47001  0.000000E+00  0.000000E+00
SLABSEQ   240 47081  0.000000E+00  0.000000E+00
SLABSEQ   240 47121  0.000000E+00  0.000000E+00
SLABSEQ   240 47161  0.000000E+00  0.000000E+00
SLABSEQ   240 47201  0.000000E+00  0.000000E+00
SLABSEQ   240 47241  0.000000E+00  0.000000E+00
SLABSEQ   240 47281  0.000000E+00  0.000000E+00
SLABSEQ   240 47321  0.000000E+00  0.000000E+00
SLABSEQ   240 47361  0.000000E+00  0.000000E+00
SLABSEQ   240 47401  0.000000E+00  0.000000E+00
SLABSEQ   240 47441  0.000000E+00  0.000000E+00
SLABSEQ   240 47481  0.000000E+00  0.000000E+00
SLABSEQ   240 47521  0.000000E+00  0.000000E+00
SLABSEQ   240 47561  0.000000E+00  0.000000E+00
SLABSEQ   240 47601  0.000000E+00  0.000000E+00
SLABSEQ   240 47641  0.000000E+00  0.000000E+00
SLABSEQ   240 47681  0.000000E+00  0.000000E+00
SLABSEQ   240 47761  0.000000E+00  0.000000E+00
SLABSEQ   240 47721  0.000000E+00  0.000000E+00
SLABSEQ   240 47801  0.000000E+00  0.000000E+00
SLABSEQ   240 47841  0.000000E+00  0.000000E+00
SLABSEQ   240 47881  0.000000E+00  0.000000E+00
SLABSEQ   240 47921  0.000000E+00  0.000000E+00
SLABSEQ   240 47961  0.000000E+00  0.000000E+00
SLABSEQ   240 48001  0.000000E+00  0.000000E+00
SLABSEQ   240 48081  0.000000E+00  0.000000E+00
SLABSEQ   240 48041  0.000000E+00  0.000000E+00
SLABSEQ   240 48161  0.000000E+00  0.000000E+00
SLABSEQ   240 48121  0.000000E+00  0.000000E+00
SLABSEQ   240 48201  0.000000E+00  0.000000E+00
SLABSEQ   240 48241  0.000000E+00  0.000000E+00
SLABSEQ   240 48281  0.000000E+00  0.000000E+00
SLABSEQ   240 48321  0.000000E+00  0.000000E+00
SLABSEQ   240 48361  0.000000E+00  0.000000E+00
SLABSEQ   240 48441  0.000000E+00  0.000000E+00
SLABSEQ   240 48401  0.000000E+00  0.000000E+00
SLABSEQ   240 48521  0.000000E+00  0.000000E+00
SLABSEQ   240 48481  0.000000E+00  0.000000E+00
SLABSEQ   240 48561  0.000000E+00  0.000000E+00
SLABSEQ   240 48601  0.000000E+00  0.000000E+00
SLABSEQ   240 48641  0.000000E+00  0.000000E+00
SLABSEQ   240 48681  0.000000E+00  0.000000E+00
SLABSEQ   240 48721  0.000000E+00  0.000000E+00
SLABSEQ   240 48761  0.000000E+00  0.000000E+00
SLABSEQ   240 48841  0.000000E+00  0.000000E+00
SLABSEQ   240 48801  0.000000E+00  0.000000E+00
SLABSEQ   240 48881  0.000000E+00  0.000000E+00
SLABSEQ   240 48921  0.000000E+00  0.000000E+00
SLABSEQ   240 48961  0.000000E+00  0.000000E+00
SLABSEQ   240 49041  0.000000E+00  0.000000E+00
SLABSEQ   240 49001  0.000000E+00  0.000000E+00
SLABSEQ   240 49081  0.000000E+00  0.000000E+00
SLABSEQ   240 49121  0.000000E+00  0.000000E+00
SLABSEQ   240 49161  0.000000E+00  0.000000E+00
SLABSEQ   240 49201  0.000000E+00  0.000000E+00
SLABSEQ   240 49241  0.000000E+00  0.000000E+00
SLABSEQ   240 49281  0.000000E+00  0.000000E+00
SLABSEQ   240 49321  0.000000E+00  0.000000E+00
SLABSEQ   240 49361  0.000000E+00  0.000000E+00
SLABSEQ   240 49401  0.000000E+00  0.000000E+00
SLABSEQ   240 49441  0.000000E+00  0.000000E+00
SLABSEQ   240 49481  0.000000E+00  0.000000E+00
SLABSEQ   240 49521  0.000000E+00  0.000000E+00
SLABSEQ   240 49561  0.000000E+00  0.000000E+00
SLABSEQ   240 49601  0.000000E+00  0.000000E+00
SLABSEQ   240 49641  0.000000E+00  0.000000E+00
SLABSEQ   240 49681  0.000000E+00  0.000000E+00
SLABSEQ   240 49721  0.000000E+00  0.000000E+00
SLABSEQ   240 49761  0.000000E+00  0.000000E+00
SLABSEQ   240 49801  0.000000E+00  0.000000E+00
SLABSEQ   240 49841  0.000000E+00  0.000000E+00
SLABSEQ   240 49881  0.000000E+00  0.000000E+00
SLABSEQ   240 49921  0.000000E+00  0.000000E+00
SLABSEQ   240 49961  0.000000E+00  0.000000E+00
SLABSEQ   240 50001  0.000000E+00  0.000000E+00
SLABSEQ   240 50041  0.000000E+00  0.000000E+00
SLABSEQ   240 50121  0.000000E+00  0.000000E+00
SLABSEQ   240 50081  0.000000E+00  0.000000E+00
SLABSEQ   240 50201  0.000000E+00  0.000000E+00
SLABSEQ   240 50161  0.000000E+00  0.000000E+00
SLABSEQ   240 50241  0.000000E+00  0.000000E+00
SLABSEQ   240 50281  0.000000E+00  0.000000E+00
SLABSEQ   240 50321  0.000000E+00  0.000000E+00
SLABSEQ   240 50361  0.000000E+00  0.000000E+00
SLABSEQ   240 50401  0.000000E+00  0.000000E+00
SLABSEQ   240 50441  0.000000E+00  0.000000E+00
SLABSEQ   240 50481  0.000000E+00  0.000000E+00
SLABSEQ   240 50561  0.000000E+00  0.000000E+00
SLABSEQ   240 50521  0.000000E+00  0.000000E+00
SLABSEQ   240 50601  0.000000E+00  0.000000E+00
SLABSEQ   240 50641  0.000000E+00  0.000000E+00
SLABSEQ   240 50681  0.000000E+00  0.000000E+00
SLABSEQ   240 50721  0.000000E+00  0.000000E+00
SLABSEQ   240 50761  0.000000E+00  0.000000E+00
SLABSEQ   240 50801  0.000000E+00  0.000000E+00
SLABSEQ   240 50881  0.000000E+00  0.000000E+00
SLABSEQ   240 50841  0.000000E+00  0.000000E+00
SLABSEQ   240 50921  0.000000E+00  0.000000E+00
SLABSEQ   240 50961  0.000000E+00  0.000000E+00
SLABSEQ   240 51001  0.000000E+00  0.000000E+00
SLABSEQ   240 51041  0.000000E+00  0.000000E+00
SLABSEQ   240 51081  0.000000E+00  0.000000E+00
SLABSEQ   240 51121  0.000000E+00  0.000000E+00
SLABSEQ   240 51161  0.000000E+00  0.000000E+00
SLABSEQ   240 51241  0.000000E+00  0.000000E+00
SLABSEQ   240 51201  0.000000E+00  0.000000E+00
SLABSEQ   240 51281  0.000000E+00  0.000000E+00
SLABSEQ   240 51321  0.000000E+00  0.000000E+00
SLABSEQ   240 51361  0.000000E+00  0.000000E+00
SLABSEQ   240 51401  0.000000E+00  0.000000E+00
SLABSEQ   240 51481  0.000000E+00  0.000000E+00
SLABSEQ   240 51441  0.000000E+00  0.000000E+00
SLABSEQ   240 51521  0.000000E+00  0.000000E+00
SLABSEQ   240 51601  0.000000E+00  0.000000E+00
SLABSEQ   240 51561  0.000000E+00  0.000000E+00
SLABSEQ   240 51641  0.000000E+00  0.000000E+00
SLABSEQ   240 51681  0.000000E+00  0.000000E+00
SLABSEQ   240 51721  0.000000E+00  0.000000E+00
SLABSEQ   240 51761  0.000000E+00  0.000000E+00
SLABSEQ   240 51801  0.000000E+00  0.000000E+00
SLABSEQ   240 51841  0.000000E+00  0.000000E+00
SLABSEQ   240 51881  0.000000E+00  0.000000E+00
SLABSEQ   240 51921  0.000000E+00  0.000000E+00
SLABSEQ   240 51961  0.000000E+00  0.000000E+00
SLABSEQ   240 52001  0.000000E+00  0.000000E+00
SLABSEQ   240 52041  0.000000E+00  0.000000E+00
SLABSEQ   240 52081  0.000000E+00  0.000000E+00
SLABSEQ   240 52121  0.000000E+00  0.000000E+00
SLABSEQ   240 52161  0.000000E+00  0.000000E+00
SLABSEQ   240 52201  0.000000E+00  0.000000E+00
SLABSEQ   240 52241  0.000000E+00  0.000000E+00
SLABSEQ   240 52281  0.000000E+00  0.000000E+00
SLABSEQ   240 52321  0.000000E+00  0.000000E+00
SLABSEQ   240 52361  0.000000E+00  0.000000E+00
SLABSEQ   240 52401  0.000000E+00  0.000000E+00
SLABSEQ   240 52481  0.000000E+00  0.000000E+00
SLABSEQ   240 52441  0.000000E+00  0.000000E+00
SLABSEQ   240 52521  0.000000E+00  0.000000E+00
SLABSEQ   240 52561  0.000000E+00  0.000000E+00
SLABSEQ   240 52601  0.000000E+00  0.000000E+00
SLABSEQ   240 52641  0.000000E+00  0.000000E+00
SLABSEQ   240 52681  0.000000E+00  0.000000E+00
SLABSEQ   240 52761  0.000000E+00  0.000000E+00
SLABSEQ   240 52721  0.000000E+00  0.000000E+00
SLABSEQ   240 52801  0.000000E+00  0.000000E+00
SLABSEQ   240 52841  0.000000E+00  0.000000E+00
SLABSEQ   240 52881  0.000000E+00  0.000000E+00
SLABSEQ   240 52921  0.000000E+00  0.000000E+00
SLABSEQ   240 52961  0.000000E+00  0.000000E+00
SLABSEQ   240 53001  0.000000E+00  0.000000E+00
SLABSEQ   240 53041  0.000000E+00  0.000000E+00
SLABSEQ   240 53081  0.000000E+00  0.000000E+00
SLABSEQ   240 53121  0.000000E+00  0.000000E+00
SLABSEQ   240 53161  0.000000E+00  0.000000E+00
SLABSEQ   240 53201  0.000000E+00  0.000000E+00
SLABSEQ   240 53241  0.000000E+00  0.000000E+00
SLABSEQ   240 53281  0.000000E+00  0.000000E+00
SLABSEQ   240 53321  0.000000E+00  0.000000E+00
SLABSEQ   240 53361  0.000000E+00  0.000000E+00
SLABSEQ   240 53401  0.000000E+00  0.000000E+00
SLABSEQ   240 53441  0.000000E+00  0.000000E+00
SLABSEQ   240 53521  0.000000E+00  0.000000E+00
SLABSEQ   240 53481  0.000000E+00  0.000000E+00
SLABSEQ   240 53561  0.000000E+00  0.000000E+00
SLABSEQ   240 53601  0.000000E+00  0.000000E+00
SLABSEQ   240 53641  0.000000E+00  0.000000E+00
SLABSEQ   240 53721  0.000000E+00  0.000000E+00
SLABSEQ   240 53681  0.000000E+00  0.000000E+00
SLABSEQ   240 53761  0.000000E+00  0.000000E+00
SLABSEQ   240 53801  0.000000E+00  0.000000E+00
SLABSEQ   240 53841  0.000000E+00  0.000000E+00
SLABSEQ   240 53881  0.000000E+00  0.000000E+00
SLABSEQ   240 53961  0.000000E+00  0.000000E+00
SLABSEQ   240 53921  0.000000E+00  0.000000E+00
SLABSEQ   240 54001  0.000000E+00  0.000000E+00
SLABSEQ   240 54041  0.000000E+00  0.000000E+00
SLABSEQ   240 54081  0.000000E+00  0.000000E+00
SLABSEQ   240 54201  0.000000E+00  0.000000E+00
SLABSEQ   240 54121  0.000000E+00  0.000000E+00
SLABSEQ   240 54161  0.000000E+00  0.000000E+00
SLABSEQ   240 54241  0.000000E+00  0.000000E+00
SLABSEQ   240 54281  0.000000E+00  0.000000E+00
SLABSEQ   240 54321  0.000000E+00  0.000000E+00
SLABSEQ   240 54361  0.000000E+00  0.000000E+00
SLABSEQ   240 54401  0.000000E+00  0.000000E+00
SLABSEQ   240 54441  0.000000E+00  0.000000E+00
SLABSEQ   240 54521  0.000000E+00  0.000000E+00
SLABSEQ   240 54481  0.000000E+00  0.000000E+00
SLABSEQ   240 54561  0.000000E+00  0.000000E+00
SLABSEQ   240 54641  0.000000E+00  0.000000E+00
SLABSEQ   240 54721  0.000000E+00  0.000000E+00
SLABSEQ   240 54681  0.000000E+00  0.000000E+00
SLABSEQ   240 54601  0.000000E+00  0.000000E+00
SLABSEQ   240 54761  0.000000E+00  0.000000E+00
SLABSEQ   240 54801  0.000000E+00  0.000000E+00
SLABSEQ   240 54841  0.000000E+00  0.000000E+00
SLABSEQ   240 54881  0.000000E+00  0.000000E+00
SLABSEQ   240 54921  0.000000E+00  0.000000E+00
SLABSEQ   240 54961  0.000000E+00  0.000000E+00
SLABSEQ   240 55001  0.000000E+00  0.000000E+00
SLABSEQ   240 55041  0.000000E+00  0.000000E+00
SLABSEQ   240 55081  0.000000E+00  0.000000E+00
SLABSEQ   240 55161  0.000000E+00  0.000000E+00
SLABSEQ   240 55281  0.000000E+00  0.000000E+00
SLABSEQ   240 55201  0.000000E+00  0.000000E+00
SLABSEQ   240 55241  0.000000E+00  0.000000E+00
SLABSEQ   240 55121  0.000000E+00  0.000000E+00
SLABSEQ   240 55321  0.000000E+00  0.000000E+00
SLABSEQ   240 55361  0.000000E+00  0.000000E+00
SLABSEQ   240 55401  0.000000E+00  0.000000E+00
SLABSEQ   240 55441  0.000000E+00  0.000000E+00
SLABSEQ   240 55481  0.000000E+00  0.000000E+00
SLABSEQ   240 55521  0.000000E+00  0.000000E+00
SLABSEQ   240 55561  0.000000E+00  0.000000E+00
SLABSEQ   240 55601  0.000000E+00  0.000000E+00
SLABSEQ   240 55681  0.000000E+00  0.000000E+00
SLABSEQ   240 55641  0.000000E+00  0.000000E+00
SLABSEQ   240 55721  0.000000E+00  0.000000E+00
SLABSEQ   240 55761  0.000000E+00  0.000000E+00
SLABSEQ   240 55801  0.000000E+00  0.000000E+00
SLABSEQ   240 55841  0.000000E+00  0.000000E+00
SLABSEQ   240 55881  0.000000E+00  0.000000E+00
SLABSEQ   240 55921  0.000000E+00  0.000000E+00
SLABSEQ   240 55961  0.000000E+00  0.000000E+00
SLABSEQ   240 56001  0.000000E+00  0.000000E+00
SLABSEQ   240 56041  0.000000E+00  0.000000E+00
SLABSEQ   240 56081  0.000000E+00  0.000000E+00
SLABSEQ   240 56201  0.000000E+00  0.000000E+00
SLABSEQ   240 56121  0.000000E+00  0.000000E+00
SLABSEQ   240 56161  0.000000E+00  0.000000E+00
SLABSEQ   240 56241  0.000000E+00  0.000000E+00
SLABSEQ   240 56281  0.000000E+00  0.000000E+00
SLABSEQ   240 56321  0.000000E+00  0.000000E+00
SLABSEQ   240 56361  0.000000E+00  0.000000E+00
SLABSEQ   240 56401  0.000000E+00  0.000000E+00
SLABSEQ   240 56441  0.000000E+00  0.000000E+00
SLABSEQ   240 56481  0.000000E+00  0.000000E+00
SLABSEQ   240 56521  0.000000E+00  0.000000E+00
SLABSEQ   240 56561  0.000000E+00  0.000000E+00
SLABSEQ   240 56601  0.000000E+00  0.000000E+00
SLABSEQ   240 56641  0.000000E+00  0.000000E+00
SLABSEQ   240 56721  0.000000E+00  0.000000E+00
SLABSEQ   240 56681  0.000000E+00  0.000000E+00
SLABSEQ   240 56761  0.000000E+00  0.000000E+00
SLABSEQ   240 56801  0.000000E+00  0.000000E+00
SLABSEQ   240 56841  0.000000E+00  0.000000E+00
SLABSEQ   240 56881  0.000000E+00  0.000000E+00
SLABSEQ   240 56921  0.000000E+00  0.000000E+00
SLABSEQ   240 56961  0.000000E+00  0.000000E+00
SLABSEQ   240 57001  0.000000E+00  0.000000E+00
SLABSEQ   240 57041  0.000000E+00  0.000000E+00
SLABSEQ   240 57121  0.000000E+00  0.000000E+00
SLABSEQ   240 57081  0.000000E+00  0.000000E+00
SLABSEQ   240 57201  0.000000E+00  0.000000E+00
SLABSEQ   240 57161  0.000000E+00  0.000000E+00
SLABSEQ   240 57241  0.000000E+00  0.000000E+00
SLABSEQ   240 57281  0.000000E+00  0.000000E+00
SLABSEQ   240 57321  0.000000E+00  0.000000E+00
SLABSEQ   240 57361  0.000000E+00  0.000000E+00
SLABSEQ   240 57401  0.000000E+00  0.000000E+00
SLABSEQ   240 57441  0.000000E+00  0.000000E+00
SLABSEQ   240 57481  0.000000E+00  0.000000E+00
SLABSEQ   240 57521  0.000000E+00  0.000000E+00
SLABSEQ   240 57561  0.000000E+00  0.000000E+00
SLABSEQ   240 57641  0.000000E+00  0.000000E+00
SLABSEQ   240 57601  0.000000E+00  0.000000E+00
SLABSEQ   240 57681  0.000000E+00  0.000000E+00
SLABSEQ   240 57721  0.000000E+00  0.000000E+00
SLABSEQ   240 57801  0.000000E+00  0.000000E+00
SLABSEQ   240 57761  0.000000E+00  0.000000E+00
SLABSEQ   240 57841  0.000000E+00  0.000000E+00
SLABSEQ   240 57881  0.000000E+00  0.000000E+00
SLABSEQ   240 57921  0.000000E+00  0.000000E+00
SLABSEQ   240 57961  0.000000E+00  0.000000E+00
SLABSEQ   240 58001  0.000000E+00  0.000000E+00
SLABSEQ   240 58041  0.000000E+00  0.000000E+00
SLABSEQ   240 58081  0.000000E+00  0.000000E+00
SLABSEQ   240 58121  0.000000E+00  0.000000E+00
SLABSEQ   240 58161  0.000000E+00  0.000000E+00
SLABSEQ   240 58201  0.000000E+00  0.000000E+00
SLABSEQ   240 58241  0.000000E+00  0.000000E+00
SLABSEQ   240 58321  0.000000E+00  0.000000E+00
SLABSEQ   240 58281  0.000000E+00  0.000000E+00
SLABSEQ   240 58361  0.000000E+00  0.000000E+00
SLABSEQ   240 58401  0.000000E+00  0.000000E+00
SLABSEQ   240 58481  0.000000E+00  0.000000E+00
SLABSEQ   240 58441  0.000000E+00  0.000000E+00
SLABSEQ   240 58521  0.000000E+00  0.000000E+00
SLABSEQ   240 58561  0.000000E+00  0.000000E+00
SLABSEQ   240 58641  0.000000E+00  0.000000E+00
SLABSEQ   240 58601  0.000000E+00  0.000000E+00
SLABSEQ   240 58681  0.000000E+00  0.000000E+00
SLABSEQ   240 58721  0.000000E+00  0.000000E+00
SLABSEQ   240 58761  0.000000E+00  0.000000E+00
SLABSEQ   240 58801  0.000000E+00  0.000000E+00
SLABSEQ   240 58841  0.000000E+00  0.000000E+00
SLABSEQ   240 58921  0.000000E+00  0.000000E+00
SLABSEQ   240 58881  0.000000E+00  0.000000E+00
SLABSEQ   240 58961  0.000000E+00  0.000000E+00
SLABSEQ   240 59001  0.000000E+00  0.000000E+00
SLABSEQ   240 59081  0.000000E+00  0.000000E+00
SLABSEQ   240 59041  0.000000E+00  0.000000E+00
SLABSEQ   240 59121  0.000000E+00  0.000000E+00
SLABSEQ   240 59201  0.000000E+00  0.000000E+00
SLABSEQ   240 59161  0.000000E+00  0.000000E+00
SLABSEQ   240 59241  0.000000E+00  0.000000E+00
SLABSEQ   240 59281  0.000000E+00  0.000000E+00
SLABSEQ   240 59321  0.000000E+00  0.000000E+00
SLABSEQ   240 59361  0.000000E+00  0.000000E+00
SLABSEQ   240 59401  0.000000E+00  0.000000E+00
SLABSEQ   240 59441  0.000000E+00  0.000000E+00
SLABSEQ   240 59481  0.000000E+00  0.000000E+00
SLABSEQ   240 59521  0.000000E+00  0.000000E+00
SLABSEQ   240 59561  0.000000E+00  0.000000E+00
SLABSEQ   240 59601  0.000000E+00  0.000000E+00
SLABSEQ   240 59641  0.000000E+00  0.000000E+00
SLABSEQ   240 59681  0.000000E+00  0.000000E+00
SLABSEQ   240 59721  0.000000E+00  0.000000E+00
SLABSEQ   240 59761  0.000000E+00  0.000000E+00
SLABSEQ   240 59801  0.000000E+00  0.000000E+00
SLABSEQ   240 59841  0.000000E+00  0.000000E+00
SLABSEQ   240 59881  0.000000E+00  0.000000E+00
SLABSEQ   240 59961  0.000000E+00  0.000000E+00
SLABSEQ   240 59921  0.000000E+00  0.000000E+00
SLABSEQ   240 60001  0.000000E+00  0.000000E+00
SLABSEQ   240 60041  0.000000E+00  0.000000E+00
SLABSEQ   240 60081  0.000000E+00  0.000000E+00
SLABSEQ   240 60121  0.000000E+00  0.000000E+00
SLABSEQ   240 60161  0.000000E+00  0.000000E+00
SLABSEQ   240 60201  0.000000E+00  0.000000E+00
SLABSEQ   240 60241  0.000000E+00  0.000000E+00
SLABSEQ   240 60281  0.000000E+00  0.000000E+00
SLABSEQ   240 60361  0.000000E+00  0.000000E+00
SLABSEQ   240 60321  0.000000E+00  0.000000E+00
SLABSEQ   240 60441  0.000000E+00  0.000000E+00
SLABSEQ   240 60401  0.000000E+00  0.000000E+00
SLABSEQ   240 60481  0.000000E+00  0.000000E+00
SLABSEQ   240 60521  0.000000E+00  0.000000E+00
SLABSEQ   240 60561  0.000000E+00  0.000000E+00
SLABSEQ   240 60601  0.000000E+00  0.000000E+00
SLABSEQ   240 60641  0.000000E+00  0.000000E+00
SLABSEQ   240 60681  0.000000E+00  0.000000E+00
SLABSEQ   240 60761  0.000000E+00  0.000000E+00
SLABSEQ   240 60721  0.000000E+00  0.000000E+00
SLABSEQ   240 60801  0.000000E+00  0.000000E+00
SLABSEQ   240 60841  0.000000E+00  0.000000E+00
SLABSEQ   240 60881  0.000000E+00  0.000000E+00
SLABSEQ   240 60921  0.000000E+00  0.000000E+00
SLABSEQ   240 60961  0.000000E+00  0.000000E+00
SLABSEQ   240 61041  0.000000E+00  0.000000E+00
SLABSEQ   240 61001  0.000000E+00  0.000000E+00
SLABSEQ   240 61081  0.000000E+00  0.000000E+00
SLABSEQ   240 61121  0.000000E+00  0.000000E+00
SLABSEQ   240 61161  0.000000E+00  0.000000E+00
SLABSEQ   240 61201  0.000000E+00  0.000000E+00
SLABSEQ   240 61321  0.000000E+00  0.000000E+00
SLABSEQ   240 61241  0.000000E+00  0.000000E+00
SLABSEQ   240 61281  0.000000E+00  0.000000E+00
SLABSEQ   240 61401  0.000000E+00  0.000000E+00
SLABSEQ   240 61361  0.000000E+00  0.000000E+00
SLABSEQ   240 61441  0.000000E+00  0.000000E+00
SLABSEQ   240 61481  0.000000E+00  0.000000E+00
SLABSEQ   240 61521  0.000000E+00  0.000000E+00
SLABSEQ   240 61561  0.000000E+00  0.000000E+00
SLABSEQ   240 61641  0.000000E+00  0.000000E+00
SLABSEQ   240 61601  0.000000E+00  0.000000E+00
SLABSEQ   240 61681  0.000000E+00  0.000000E+00
SLABSEQ   240 61721  0.000000E+00  0.000000E+00
SLABSEQ   240 61761  0.000000E+00  0.000000E+00
SLABSEQ   240 61801  0.000000E+00  0.000000E+00
SLABSEQ   240 61841  0.000000E+00  0.000000E+00
SLABSEQ   240 61881  0.000000E+00  0.000000E+00
SLABSEQ   240 61921  0.000000E+00  0.000000E+00
SLABSEQ   240 62001  0.000000E+00  0.000000E+00
SLABSEQ   240 61961  0.000000E+00  0.000000E+00
SLABSEQ   240 62041  0.000000E+00  0.000000E+00
SLABSEQ   240 62081  0.000000E+00  0.000000E+00
SLABSEQ   240 62121  0.000000E+00  0.000000E+00
SLABSEQ   240 62161  0.000000E+00  0.000000E+00
SLABSEQ   240 62201  0.000000E+00  0.000000E+00
SLABSEQ   240 62241  0.000000E+00  0.000000E+00
SLABSEQ   240 62281  0.000000E+00  0.000000E+00
SLABSEQ   240 62321  0.000000E+00  0.000000E+00
SLABSEQ   240 62361  0.000000E+00  0.000000E+00
SLABSEQ   240 62401  0.000000E+00  0.000000E+00
SLABSEQ   240 62441  0.000000E+00  0.000000E+00
SLABSEQ   240 62481  0.000000E+00  0.000000E+00
SLABSEQ   240 62521  0.000000E+00  0.000000E+00
SLABSEQ   240 62561  0.000000E+00  0.000000E+00
SLABSEQ   240 62601  0.000000E+00  0.000000E+00
SLABSEQ   240 62641  0.000000E+00  0.000000E+00
SLABSEQ   240 62681  0.000000E+00  0.000000E+00
SLABSEQ   240 62721  0.000000E+00  0.000000E+00
SLABSEQ   240 62761  0.000000E+00  0.000000E+00
SLABSEQ   240 62801  0.000000E+00  0.000000E+00
SLABSEQ   240 62841  0.000000E+00  0.000000E+00
SLABSEQ   240 62921  0.000000E+00  0.000000E+00
SLABSEQ   240 62881  0.000000E+00  0.000000E+00
SLABSEQ   240 63001  0.000000E+00  0.000000E+00
SLABSEQ   240 62961  0.000000E+00  0.000000E+00
SLABSEQ   240 63041  0.000000E+00  0.000000E+00
SLABSEQ   240 63081  0.000000E+00  0.000000E+00
SLABSEQ   240 63121  0.000000E+00  0.000000E+00
SLABSEQ   240 63161  0.000000E+00  0.000000E+00
SLABSEQ   240 63201  0.000000E+00  0.000000E+00
SLABSEQ   240 63241  0.000000E+00  0.000000E+00
SLABSEQ   240 63281  0.000000E+00  0.000000E+00
SLABSEQ   240 63321  0.000000E+00  0.000000E+00
SLABSEQ   240 63361  0.000000E+00  0.000000E+00
SLABSEQ   240 63401  0.000000E+00  0.000000E+00
SLABSEQ   240 63441  0.000000E+00  0.000000E+00
SLABSEQ   240 63481  0.000000E+00  0.000000E+00
SLABSEQ   240 63521  0.000000E+00  0.000000E+00
SLABSEQ   240 63561  0.000000E+00  0.000000E+00
SLABSEQ   240 63601  0.000000E+00  0.000000E+00
SLABSEQ   240 63641  0.000000E+00  0.000000E+00
SLABSEQ   240 63681  0.000000E+00  0.000000E+00
SLABSEQ   240 63721  0.000000E+00  0.000000E+00
SLABSEQ   240 63761  0.000000E+00  0.000000E+00
SLABSEQ   240 63801  0.000000E+00  0.000000E+00
SLABSEQ   240 63841  0.000000E+00  0.000000E+00
SLABSEQ   240 63881  0.000000E+00  0.000000E+00
SLABSEQ   240 63921  0.000000E+00  0.000000E+00
SLABSEQ   240 63961  0.000000E+00  0.000000E+00
SLABSEQ   240 64001  0.000000E+00  0.000000E+00
SLABSEQ   240 64041  0.000000E+00  0.000000E+00
SLABSEQ   240 64081  0.000000E+00  0.000000E+00
SLABSEQ   240 64121  0.000000E+00  0.000000E+00
SLABSEQ   240 64161  0.000000E+00  0.000000E+00
SLABSEQ   240 64201  0.000000E+00  0.000000E+00
SLABSEQ   240 64241  0.000000E+00  0.000000E+00
SLABSEQ   240 64281  0.000000E+00  0.000000E+00
SLABSEQ   240 64321  0.000000E+00  0.000000E+00
SLABSEQ   240 64361  0.000000E+00  0.000000E+00
SLABSEQ   240 64401  0.000000E+00  0.000000E+00
SLABSEQ   240 64441  0.000000E+00  0.000000E+00
SLABSEQ   240 64481  0.000000E+00  0.000000E+00
SLABSEQ   240 64521  0.000000E+00  0.000000E+00
SLABSEQ   240 64561  0.000000E+00  0.000000E+00
SLABSEQ   240 64601  0.000000E+00  0.000000E+00
SLABSEQ   240 64641  0.000000E+00  0.000000E+00
SLABSEQ   240 64681  0.000000E+00  0.000000E+00
SLABSEQ   240 64721  0.000000E+00  0.000000E+00
SLABSEQ   240 64761  0.000000E+00  0.000000E+00
SLABSEQ   240 64801  0.000000E+00  0.000000E+00
SLABSEQ   240 64841  0.000000E+00  0.000000E+00
SLABSEQ   240 64921  0.000000E+00  0.000000E+00
SLABSEQ   240 64881  0.000000E+00  0.000000E+00
SLABSEQ   240 64961  0.000000E+00  0.000000E+00
SLABSEQ   240 65001  0.000000E+00  0.000000E+00
SLABSEQ   240 65041  0.000000E+00  0.000000E+00
SLABSEQ   240 65081  0.000000E+00  0.000000E+00
SLABSEQ   240 65121  0.000000E+00  0.000000E+00
SLABSEQ   240 65161  0.000000E+00  0.000000E+00
SLABSEQ   240 65201  0.000000E+00  0.000000E+00
SLABSEQ   240 65241  0.000000E+00  0.000000E+00
SLABSEQ   240 65281  0.000000E+00  0.000000E+00
SLABSEQ   240 65321  0.000000E+00  0.000000E+00
SLABSEQ   240 65361  0.000000E+00  0.000000E+00
SLABSEQ   240 65401  0.000000E+00  0.000000E+00
SLABSEQ   240 65441  0.000000E+00  0.000000E+00
SLABSEQ   240 65481  0.000000E+00  0.000000E+00
SLABSEQ   240 65521  0.000000E+00  0.000000E+00
SLABSEQ   240 65561  0.000000E+00  0.000000E+00
SLABSEQ   240 65601  0.000000E+00  0.000000E+00
SLABSEQ   240 65641  0.000000E+00  0.000000E+00
SLABSEQ   240 65681  0.000000E+00  0.000000E+00
SLABSEQ   240 65721  0.000000E+00  0.000000E+00
SLABSEQ   240 65761  0.000000E+00  0.000000E+00
SLABSEQ   240 65801  0.000000E+00  0.000000E+00
SLABSEQ   240 65841  0.000000E+00  0.000000E+00
SLABSEQ   240 65921  0.000000E+00  0.000000E+00
SLABSEQ   240 65881  0.000000E+00  0.000000E+00
SLABSEQ   240 65961  0.000000E+00  0.000000E+00
SLABSEQ   240 66001  0.000000E+00  0.000000E+00
SLABSEQ   240 66041  0.000000E+00  0.000000E+00
SLABSEQ   240 66081  0.000000E+00  0.000000E+00
SLABSEQ   240 66121  0.000000E+00  0.000000E+00
SLABSEQ   240 66161  0.000000E+00  0.000000E+00
SLABSEQ   240 66201  0.000000E+00  0.000000E+00
SLABSEQ   240 66241  0.000000E+00  0.000000E+00
SLABSEQ   240 66281  0.000000E+00  0.000000E+00
SLABSEQ   240 66321  0.000000E+00  0.000000E+00
SLABSEQ   240 66361  0.000000E+00  0.000000E+00
SLABSEQ   240 66401  0.000000E+00  0.000000E+00
SLABSEQ   240 66441  0.000000E+00  0.000000E+00
SLABSEQ   240 66481  0.000000E+00  0.000000E+00
SLABSEQ   240 66521  0.000000E+00  0.000000E+00
SLABSEQ   240 66561  0.000000E+00  0.000000E+00
SLABSEQ   240 66601  0.000000E+00  0.000000E+00
SLABSEQ   240 66641  0.000000E+00  0.000000E+00
SLABSEQ   240 66681  0.000000E+00  0.000000E+00
SLABSEQ   240 66721  0.000000E+00  0.000000E+00
SLABSEQ   240 66761  0.000000E+00  0.000000E+00
SLABSEQ   240 66841  0.000000E+00  0.000000E+00
SLABSEQ   240 66801  0.000000E+00  0.000000E+00
SLABSEQ   240 66921  0.000000E+00  0.000000E+00
SLABSEQ   240 66881  0.000000E+00  0.000000E+00
SLABSEQ   240 66961  0.000000E+00  0.000000E+00
SLABSEQ   240 67001  0.000000E+00  0.000000E+00
SLABSEQ   240 67041  0.000000E+00  0.000000E+00
SLABSEQ   240 67081  0.000000E+00  0.000000E+00
SLABSEQ   240 67121  0.000000E+00  0.000000E+00
SLABSEQ   240 67161  0.000000E+00  0.000000E+00
SLABSEQ   240 67201  0.000000E+00  0.000000E+00
SLABSEQ   240 67241  0.000000E+00  0.000000E+00
SLABSEQ   240 67281  0.000000E+00  0.000000E+00
SLABSEQ   240 67321  0.000000E+00  0.000000E+00
SLABSEQ   240 67361  0.000000E+00  0.000000E+00
SLABSEQ   240 67401  0.000000E+00  0.000000E+00
SLABSEQ   240 67481  0.000000E+00  0.000000E+00
SLABSEQ   240 67441  0.000000E+00  0.000000E+00
SLABSEQ   240 67521  0.000000E+00  0.000000E+00
SLABSEQ   240 67561  0.000000E+00  0.000000E+00
SLABSEQ   240 67601  0.000000E+00  0.000000E+00
SLABSEQ   240 67641  0.000000E+00  0.000000E+00
SLABSEQ   240 67681  0.000000E+00  0.000000E+00
SLABSEQ   240 67721  0.000000E+00  0.000000E+00
SLABSEQ   240 67761  0.000000E+00  0.000000E+00
SLABSEQ   240 67801  0.000000E+00  0.000000E+00
SLABSEQ   240 67881  0.000000E+00  0.000000E+00
SLABSEQ   240 67841  0.000000E+00  0.000000E+00
SLABSEQ   240 67921  0.000000E+00  0.000000E+00
SLABSEQ   240 68041  0.000000E+00  0.000000E+00
SLABSEQ   240 68001  0.000000E+00  0.000000E+00
SLABSEQ   240 67961  0.000000E+00  0.000000E+00
SLABSEQ   240 68081  0.000000E+00  0.000000E+00
SLABSEQ   240 68121  0.000000E+00  0.000000E+00
SLABSEQ   240 68201  0.000000E+00  0.000000E+00
SLABSEQ   240 68161  0.000000E+00  0.000000E+00
SLABSEQ   240 68241  0.000000E+00  0.000000E+00
SLABSEQ   240 68281  0.000000E+00  0.000000E+00
SLABSEQ   240 68321  0.000000E+00  0.000000E+00
SLABSEQ   240 68361  0.000000E+00  0.000000E+00
SLABSEQ   240 68401  0.000000E+00  0.000000E+00
SLABSEQ   240 68481  0.000000E+00  0.000000E+00
SLABSEQ   240 68441  0.000000E+00  0.000000E+00
SLABSEQ   240 68521  0.000000E+00  0.000000E+00
SLABSEQ   240 68561  0.000000E+00  0.000000E+00
SLABSEQ   240 68601  0.000000E+00  0.000000E+00
SLABSEQ   240 68641  0.000000E+00  0.000000E+00
SLABSEQ   240 68681  0.000000E+00  0.000000E+00
SLABSEQ   240 68721  0.000000E+00  0.000000E+00
SLABSEQ   240 68761  0.000000E+00  0.000000E+00
SLABSEQ   240 68801  0.000000E+00  0.000000E+00
SLABSEQ   240 68841  0.000000E+00  0.000000E+00
SLABSEQ   240 68881  0.000000E+00  0.000000E+00
SLABSEQ   240 68921  0.000000E+00  0.000000E+00
SLABSEQ   240 69001  0.000000E+00  0.000000E+00
SLABSEQ   240 68961  0.000000E+00  0.000000E+00
SLABSEQ   240 69041  0.000000E+00  0.000000E+00
SLABSEQ   240 69081  0.000000E+00  0.000000E+00
SLABSEQ   240 69121  0.000000E+00  0.000000E+00
SLABSEQ   240 69161  0.000000E+00  0.000000E+00
SLABSEQ   240 69241  0.000000E+00  0.000000E+00
SLABSEQ   240 69201  0.000000E+00  0.000000E+00
SLABSEQ   240 69321  0.000000E+00  0.000000E+00
SLABSEQ   240 69281  0.000000E+00  0.000000E+00
SLABSEQ   240 69401  0.000000E+00  0.000000E+00
SLABSEQ   240 69361  0.000000E+00  0.000000E+00
SLABSEQ   240 69441  0.000000E+00  0.000000E+00
SLABSEQ   240 69561  0.000000E+00  0.000000E+00
SLABSEQ   240 69481  0.000000E+00  0.000000E+00
SLABSEQ   240 69521  0.000000E+00  0.000000E+00
SLABSEQ   240 69601  0.000000E+00  0.000000E+00
SLABSEQ   240 69681  0.000000E+00  0.000000E+00
SLABSEQ   240 69641  0.000000E+00  0.000000E+00
SLABSEQ   240 69761  0.000000E+00  0.000000E+00
SLABSEQ   240 69721  0.000000E+00  0.000000E+00
SLABSEQ   240 69841  0.000000E+00  0.000000E+00
SLABSEQ   240 69801  0.000000E+00  0.000000E+00
SLABSEQ   240 69921  0.000000E+00  0.000000E+00
SLABSEQ   240 69881  0.000000E+00  0.000000E+00
SLABSEQ   240 69961  0.000000E+00  0.000000E+00
SLABSEQ   240 70001  0.000000E+00  0.000000E+00
SLABSEQ   240 70041  0.000000E+00  0.000000E+00
SLABSEQ   240 70081  0.000000E+00  0.000000E+00
SLABSEQ   240 70121  0.000000E+00  0.000000E+00
SLABSEQ   240 70161  0.000000E+00  0.000000E+00
SLABSEQ   240 70201  0.000000E+00  0.000000E+00
SLABSEQ   240 70241  0.000000E+00  0.000000E+00
SLABSEQ   240 70281  0.000000E+00  0.000000E+00
SLABSEQ   240 70321  0.000000E+00  0.000000E+00
SLABSEQ   240 70361  0.000000E+00  0.000000E+00
SLABSEQ   240 70401  0.000000E+00  0.000000E+00
SLABSEQ   240 70441  0.000000E+00  0.000000E+00
SLABSEQ   240 70481  0.000000E+00  0.000000E+00
SLABSEQ   240 70521  0.000000E+00  0.000000E+00
SLABSEQ   240 70561  0.000000E+00  0.000000E+00
SLABSEQ   240 70601  0.000000E+00  0.000000E+00
SLABSEQ   240 70681  0.000000E+00  0.000000E+00
SLABSEQ   240 70641  0.000000E+00  0.000000E+00
SLABSEQ   240 70721  0.000000E+00  0.000000E+00
SLABSEQ   240 70761  0.000000E+00  0.000000E+00
SLABSEQ   240 70801  0.000000E+00  0.000000E+00
SLABSEQ   240 70841  0.000000E+00  0.000000E+00
SLABSEQ   240 70881  0.000000E+00  0.000000E+00
SLABSEQ   240 70921  0.000000E+00  0.000000E+00
SLABSEQ   240 70961  0.000000E+00  0.000000E+00
SLABSEQ   240 71001  0.000000E+00  0.000000E+00
SLABSEQ   240 71041  0.000000E+00  0.000000E+00
SLABSEQ   240 71081  0.000000E+00  0.000000E+00
SLABSEQ   240 71121  0.000000E+00  0.000000E+00
SLABSEQ   240 71161  0.000000E+00  0.000000E+00
SLABSEQ   240 71201  0.000000E+00  0.000000E+00
SLABSEQ   240 71281  0.000000E+00  0.000000E+00
SLABSEQ   240 71241  0.000000E+00  0.000000E+00
SLABSEQ   240 71361  0.000000E+00  0.000000E+00
SLABSEQ   240 71321  0.000000E+00  0.000000E+00
SLABSEQ   240 71401  0.000000E+00  0.000000E+00
SLABSEQ   240 71441  0.000000E+00  0.000000E+00
SLABSEQ   240 71481  0.000000E+00  0.000000E+00
SLABSEQ   240 71521  0.000000E+00  0.000000E+00
SLABSEQ   240 71561  0.000000E+00  0.000000E+00
SLABSEQ   240 71601  0.000000E+00  0.000000E+00
SLABSEQ   240 71641  0.000000E+00  0.000000E+00
SLABSEQ   240 71681  0.000000E+00  0.000000E+00
SLABSEQ   240 71721  0.000000E+00  0.000000E+00
SLABSEQ   240 71761  0.000000E+00  0.000000E+00
SLABSEQ   240 71801  0.000000E+00  0.000000E+00
SLABSEQ   240 71841  0.000000E+00  0.000000E+00
SLABSEQ   240 71881  0.000000E+00  0.000000E+00
SLABSEQ   240 71921  0.000000E+00  0.000000E+00
SLABSEQ   240 71961  0.000000E+00  0.000000E+00
SLABSEQ   240 72001  0.000000E+00  0.000000E+00
SLABSEQ   240 72081  0.000000E+00  0.000000E+00
SLABSEQ   240 72041  0.000000E+00  0.000000E+00
SLABSEQ   240 72121  0.000000E+00  0.000000E+00
SLABSEQ   240 72161  0.000000E+00  0.000000E+00
SLABSEQ   240 72201  0.000000E+00  0.000000E+00
SLABSEQ   240 72241  0.000000E+00  0.000000E+00
SLABSEQ   240 72281  0.000000E+00  0.000000E+00
SLABSEQ   240 72321  0.000000E+00  0.000000E+00
SLABSEQ   240 72401  0.000000E+00  0.000000E+00
SLABSEQ   240 72361  0.000000E+00  0.000000E+00
SLABSEQ   240 72441  0.000000E+00  0.000000E+00
SLABSEQ   240 72481  0.000000E+00  0.000000E+00
SLABSEQ   240 72521  0.000000E+00  0.000000E+00
SLABSEQ   240 72561  0.000000E+00  0.000000E+00
SLABSEQ   240 72601  0.000000E+00  0.000000E+00
SLABSEQ   240 72641  0.000000E+00  0.000000E+00
SLABSEQ   240 72681  0.000000E+00  0.000000E+00
SLABSEQ   240 72721  0.000000E+00  0.000000E+00
SLABSEQ   240 72761  0.000000E+00  0.000000E+00
SLABSEQ   240 72801  0.000000E+00  0.000000E+00
SLABSEQ   240 72841  0.000000E+00  0.000000E+00
SLABSEQ   240 72881  0.000000E+00  0.000000E+00
SLABSEQ   240 73001  0.000000E+00  0.000000E+00
SLABSEQ   240 72961  0.000000E+00  0.000000E+00
SLABSEQ   240 72921  0.000000E+00  0.000000E+00
SLABSEQ   240 73041  0.000000E+00  0.000000E+00
SLABSEQ   240 73121  0.000000E+00  0.000000E+00
SLABSEQ   240 73081  0.000000E+00  0.000000E+00
SLABSEQ   240 73161  0.000000E+00  0.000000E+00
SLABSEQ   240 73201  0.000000E+00  0.000000E+00
SLABSEQ   240 73281  0.000000E+00  0.000000E+00
SLABSEQ   240 73321  0.000000E+00  0.000000E+00
SLABSEQ   240 73241  0.000000E+00  0.000000E+00
SLABSEQ   240 73361  0.000000E+00  0.000000E+00
SLABSEQ   240 73401  0.000000E+00  0.000000E+00
SLABSEQ   240 73441  0.000000E+00  0.000000E+00
SLABSEQ   240 73481  0.000000E+00  0.000000E+00
SLABSEQ   240 73521  0.000000E+00  0.000000E+00
SLABSEQ   240 73561  0.000000E+00  0.000000E+00
SLABSEQ   240 73601  0.000000E+00  0.000000E+00
SLABSEQ   240 73641  0.000000E+00  0.000000E+00
SLABSEQ   240 73681  0.000000E+00  0.000000E+00
SLABSEQ   240 73721  0.000000E+00  0.000000E+00
SLABSEQ   240 73761  0.000000E+00  0.000000E+00
SLABSEQ   240 73801  0.000000E+00  0.000000E+00
SLABSEQ   240 73841  0.000000E+00  0.000000E+00
SLABSEQ   240 73881  0.000000E+00  0.000000E+00
SLABSEQ   240 73921  0.000000E+00  0.000000E+00
SLABSEQ   240 73961  0.000000E+00  0.000000E+00
SLABSEQ   240 74001  0.000000E+00  0.000000E+00
SLABSEQ   240 74081  0.000000E+00  0.000000E+00
SLABSEQ   240 74041  0.000000E+00  0.000000E+00
SLABSEQ   240 74121  0.000000E+00  0.000000E+00
SLABSEQ   240 74201  0.000000E+00  0.000000E+00
SLABSEQ   240 74161  0.000000E+00  0.000000E+00
SLABSEQ   240 74281  0.000000E+00  0.000000E+00
SLABSEQ   240 74241  0.000000E+00  0.000000E+00
SLABSEQ   240 74321  0.000000E+00  0.000000E+00
SLABSEQ   240 74361  0.000000E+00  0.000000E+00
SLABSEQ   240 74401  0.000000E+00  0.000000E+00
SLABSEQ   240 74441  0.000000E+00  0.000000E+00
SLABSEQ   240 74521  0.000000E+00  0.000000E+00
SLABSEQ   240 74481  0.000000E+00  0.000000E+00
SLABSEQ   240 74561  0.000000E+00  0.000000E+00
SLABSEQ   240 74601  0.000000E+00  0.000000E+00
SLABSEQ   240 74641  0.000000E+00  0.000000E+00
SLABSEQ   240 74681  0.000000E+00  0.000000E+00
SLABSEQ   240 74721  0.000000E+00  0.000000E+00
SLABSEQ   240 74761  0.000000E+00  0.000000E+00
SLABSEQ   240 74801  0.000000E+00  0.000000E+00
SLABSEQ   240 74841  0.000000E+00  0.000000E+00
SLABSEQ   240 74881  0.000000E+00  0.000000E+00
SLABSEQ   240 74961  0.000000E+00  0.000000E+00
SLABSEQ   240 74921  0.000000E+00  0.000000E+00
SLABSEQ   240 75001  0.000000E+00  0.000000E+00
SLABSEQ   240 75041  0.000000E+00  0.000000E+00
SLABSEQ   240 75081  0.000000E+00  0.000000E+00
SLABSEQ   240 75121  0.000000E+00  0.000000E+00
SLABSEQ   240 75161  0.000000E+00  0.000000E+00
SLABSEQ   240 75201  0.000000E+00  0.000000E+00
SLABSEQ   240 75241  0.000000E+00  0.000000E+00
SLABSEQ   240 75281  0.000000E+00  0.000000E+00
SLABSEQ   240 75321  0.000000E+00  0.000000E+00
SLABSEQ   240 75361  0.000000E+00  0.000000E+00
SLABSEQ   240 75401  0.000000E+00  0.000000E+00
SLABSEQ   240 75441  0.000000E+00  0.000000E+00
SLABSEQ   240 75561  0.000000E+00  0.000000E+00
SLABSEQ   240 75521  0.000000E+00  0.000000E+00
SLABSEQ   240 75481  0.000000E+00  0.000000E+00
SLABSEQ   240 75641  0.000000E+00  0.000000E+00
SLABSEQ   240 75601  0.000000E+00  0.000000E+00
SLABSEQ   240 75721  0.000000E+00  0.000000E+00
SLABSEQ   240 75681  0.000000E+00  0.000000E+00
SLABSEQ   240 75801  0.000000E+00  0.000000E+00
SLABSEQ   240 75761  0.000000E+00  0.000000E+00
SLABSEQ   240 75841  0.000000E+00  0.000000E+00
SLABSEQ   240 75881  0.000000E+00  0.000000E+00
SLABSEQ   240 75921  0.000000E+00  0.000000E+00
SLABSEQ   240 75961  0.000000E+00  0.000000E+00
SLABSEQ   240 76001  0.000000E+00  0.000000E+00
SLABSEQ   240 76041  0.000000E+00  0.000000E+00
SLABSEQ   240 76081  0.000000E+00  0.000000E+00
SLABSEQ   240 76121  0.000000E+00  0.000000E+00
SLABSEQ   240 76161  0.000000E+00  0.000000E+00
SLABSEQ   240 76241  0.000000E+00  0.000000E+00
SLABSEQ   240 76201  0.000000E+00  0.000000E+00
SLABSEQ   240 76281  0.000000E+00  0.000000E+00
SLABSEQ   240 76401  0.000000E+00  0.000000E+00
SLABSEQ   240 76361  0.000000E+00  0.000000E+00
SLABSEQ   240 76321  0.000000E+00  0.000000E+00
SLABSEQ   240 76441  0.000000E+00  0.000000E+00
SLABSEQ   240 76481  0.000000E+00  0.000000E+00
SLABSEQ   240 76521  0.000000E+00  0.000000E+00
SLABSEQ   240 76561  0.000000E+00  0.000000E+00
SLABSEQ   240 76601  0.000000E+00  0.000000E+00
SLABSEQ   240 76641  0.000000E+00  0.000000E+00
SLABSEQ   240 76681  0.000000E+00  0.000000E+00
SLABSEQ   240 76721  0.000000E+00  0.000000E+00
SLABSEQ   240 76761  0.000000E+00  0.000000E+00
SLABSEQ   240 76841  0.000000E+00  0.000000E+00
SLABSEQ   240 76801  0.000000E+00  0.000000E+00
SLABSEQ   240 76881  0.000000E+00  0.000000E+00
SLABSEQ   240 76921  0.000000E+00  0.000000E+00
SLABSEQ   240 76961  0.000000E+00  0.000000E+00
SLABSEQ   240 77001  0.000000E+00  0.000000E+00
SLABSEQ   240 77081  0.000000E+00  0.000000E+00
SLABSEQ   240 77121  0.000000E+00  0.000000E+00
SLABSEQ   240 77161  0.000000E+00  0.000000E+00
SLABSEQ   240 77041  0.000000E+00  0.000000E+00
SLABSEQ   240 77201  0.000000E+00  0.000000E+00
SLABSEQ   240 77241  0.000000E+00  0.000000E+00
SLABSEQ   240 77281  0.000000E+00  0.000000E+00
SLABSEQ   240 77321  0.000000E+00  0.000000E+00
SLABSEQ   240 77361  0.000000E+00  0.000000E+00
SLABSEQ   240 77401  0.000000E+00  0.000000E+00
SLABSEQ   240 77441  0.000000E+00  0.000000E+00
SLABSEQ   240 77481  0.000000E+00  0.000000E+00
SLABSEQ   240 77521  0.000000E+00  0.000000E+00
SLABSEQ   240 77601  0.000000E+00  0.000000E+00
SLABSEQ   240 77561  0.000000E+00  0.000000E+00
SLABSEQ   240 77681  0.000000E+00  0.000000E+00
SLABSEQ   240 77721  0.000000E+00  0.000000E+00
SLABSEQ   240 77801  0.000000E+00  0.000000E+00
SLABSEQ   240 77761  0.000000E+00  0.000000E+00
SLABSEQ   240 77641  0.000000E+00  0.000000E+00
SLABSEQ   240 77841  0.000000E+00  0.000000E+00
SLABSEQ   240 77881  0.000000E+00  0.000000E+00
SLABSEQ   240 77921  0.000000E+00  0.000000E+00
SLABSEQ   240 77961  0.000000E+00  0.000000E+00
SLABSEQ   240 78001  0.000000E+00  0.000000E+00
SLABSEQ   240 78041  0.000000E+00  0.000000E+00
SLABSEQ   240 78081  0.000000E+00  0.000000E+00
SLABSEQ   240 78121  0.000000E+00  0.000000E+00
SLABSEQ   240 78241  0.000000E+00  0.000000E+00
SLABSEQ   240 78281  0.000000E+00  0.000000E+00
SLABSEQ   240 78201  0.000000E+00  0.000000E+00
SLABSEQ   240 78161  0.000000E+00  0.000000E+00
SLABSEQ   240 78321  0.000000E+00  0.000000E+00
SLABSEQ   240 78361  0.000000E+00  0.000000E+00
SLABSEQ   240 78401  0.000000E+00  0.000000E+00
SLABSEQ   240 78441  0.000000E+00  0.000000E+00
SLABSEQ   240 78481  0.000000E+00  0.000000E+00
SLABSEQ   240 78521  0.000000E+00  0.000000E+00
SLABSEQ   240 78561  0.000000E+00  0.000000E+00
SLABSEQ   240 78601  0.000000E+00  0.000000E+00
SLABSEQ   240 78641  0.000000E+00  0.000000E+00
SLABSEQ   240 78681  0.000000E+00  0.000000E+00
SLABSEQ   240 78721  0.000000E+00  0.000000E+00
SLABSEQ   240 78761  0.000000E+00  0.000000E+00
SLABSEQ   240 78801  0.000000E+00  0.000000E+00
SLABSEQ   240 78841  0.000000E+00  0.000000E+00
SLABSEQ   240 78881  0.000000E+00  0.000000E+00
SLABSEQ   240 78921  0.000000E+00  0.000000E+00
SLABSEQ   240 78961  0.000000E+00  0.000000E+00
SLABSEQ   240 79001  0.000000E+00  0.000000E+00
SLABSEQ   240 79041  0.000000E+00  0.000000E+00
SLABSEQ   240 79081  0.000000E+00  0.000000E+00
SLABSEQ   240 79121  0.000000E+00  0.000000E+00
SLABSEQ   240 79161  0.000000E+00  0.000000E+00
SLABSEQ   240 79201  0.000000E+00  0.000000E+00
SLABSEQ   240 79241  0.000000E+00  0.000000E+00
SLABSEQ   240 79281  0.000000E+00  0.000000E+00
SLABSEQ   240 79321  0.000000E+00  0.000000E+00
SLABSEQ   240 79361  0.000000E+00  0.000000E+00
SLABSEQ   240 79401  0.000000E+00  0.000000E+00
SLABSEQ   240 79441  0.000000E+00  0.000000E+00
SLABSEQ   240 79481  0.000000E+00  0.000000E+00
SLABSEQ   240 79521  0.000000E+00  0.000000E+00
SLABSEQ   240 79561  0.000000E+00  0.000000E+00
SLABSEQ   240 79641  0.000000E+00  0.000000E+00
SLABSEQ   240 79601  0.000000E+00  0.000000E+00
SLABSEQ   240 79761  0.000000E+00  0.000000E+00
SLABSEQ   240 79801  0.000000E+00  0.000000E+00
SLABSEQ   240 79841  0.000000E+00  0.000000E+00
SLABSEQ   240 79921  0.000000E+00  0.000000E+00
SLABSEQ   240 79681  0.000000E+00  0.000000E+00
SLABSEQ   240 79881  0.000000E+00  0.000000E+00
SLABSEQ   240 79721  0.000000E+00  0.000000E+00
SLABSEQ   240 79961  0.000000E+00  0.000000E+00
SLABSEQ   240 80001  0.000000E+00  0.000000E+00
SLABSEQ   240 80041  0.000000E+00  0.000000E+00
SLABSEQ   240 80081  0.000000E+00  0.000000E+00
SLABSEQ   240 80121  0.000000E+00  0.000000E+00
SLABSEQ   240 80161  0.000000E+00  0.000000E+00
SLABSEQ   240 80201  0.000000E+00  0.000000E+00
SLABSEQ   240 80241  0.000000E+00  0.000000E+00
SLABSEQ   240 80281  0.000000E+00  0.000000E+00
SLABSEQ   240 80321  0.000000E+00  0.000000E+00
SLABSEQ   240 80361  0.000000E+00  0.000000E+00
SLABSEQ   240 80401  0.000000E+00  0.000000E+00
SLABSEQ   240 80441  0.000000E+00  0.000000E+00
SLABSEQ   240 80481  0.000000E+00  0.000000E+00
SLABSEQ   240 80521  0.000000E+00  0.000000E+00
SLABSEQ   240 80561  0.000000E+00  0.000000E+00
SLABSEQ   240 80601  0.000000E+00  0.000000E+00
SLABSEQ   240 80681  0.000000E+00  0.000000E+00
SLABSEQ   240 80641  0.000000E+00  0.000000E+00
SLABSEQ   240 80721  0.000000E+00  0.000000E+00
SLABSEQ   240 80761  0.000000E+00  0.000000E+00
SLABSEQ   240 80801  0.000000E+00  0.000000E+00
SLABSEQ   240 80841  0.000000E+00  0.000000E+00
SLABSEQ   240 80881  0.000000E+00  0.000000E+00
SLABSEQ   240 80921  0.000000E+00  0.000000E+00
SLABSEQ   240 80961  0.000000E+00  0.000000E+00
SLABSEQ   240 81001  0.000000E+00  0.000000E+00
SLABSEQ   240 81041  0.000000E+00  0.000000E+00
SLABSEQ   240 81081  0.000000E+00  0.000000E+00
SLABSEQ   240 81121  0.000000E+00  0.000000E+00
SLABSEQ   240 81161  0.000000E+00  0.000000E+00
SLABSEQ   240 81201  0.000000E+00  0.000000E+00
SLABSEQ   240 81241  0.000000E+00  0.000000E+00
SLABSEQ   240 81281  0.000000E+00  0.000000E+00
SLABSEQ   240 81321  0.000000E+00  0.000000E+00
SLABSEQ   240 81361  0.000000E+00  0.000000E+00
SLABSEQ   240 81441  0.000000E+00  0.000000E+00
SLABSEQ   240 81401  0.000000E+00  0.000000E+00
SLABSEQ   240 81481  0.000000E+00  0.000000E+00
SLABSEQ   240 81521  0.000000E+00  0.000000E+00
SLABSEQ   240 81601  0.000000E+00  0.000000E+00
SLABSEQ   240 81561  0.000000E+00  0.000000E+00
SLABSEQ   240 81681  0.000000E+00  0.000000E+00
SLABSEQ   240 81641  0.000000E+00  0.000000E+00
SLABSEQ   240 81761  0.000000E+00  0.000000E+00
SLABSEQ   240 81801  0.000000E+00  0.000000E+00
SLABSEQ   240 81721  0.000000E+00  0.000000E+00
SLABSEQ   240 81841  0.000000E+00  0.000000E+00
SLABSEQ   240 81881  0.000000E+00  0.000000E+00
SLABSEQ   240 81961  0.000000E+00  0.000000E+00
SLABSEQ   240 81921  0.000000E+00  0.000000E+00
SLABSEQ   240 82041  0.000000E+00  0.000000E+00
SLABSEQ   240 82001  0.000000E+00  0.000000E+00
SLABSEQ   240 82121  0.000000E+00  0.000000E+00
SLABSEQ   240 82081  0.000000E+00  0.000000E+00
SLABSEQ   240 82161  0.000000E+00  0.000000E+00
SLABSEQ   240 82201  0.000000E+00  0.000000E+00
SLABSEQ   240 82241  0.000000E+00  0.000000E+00
SLABSEQ   240 82281  0.000000E+00  0.000000E+00
SLABSEQ   240 82361  0.000000E+00  0.000000E+00
SLABSEQ   240 82401  0.000000E+00  0.000000E+00
SLABSEQ   240 82481  0.000000E+00  0.000000E+00
SLABSEQ   240 82441  0.000000E+00  0.000000E+00
SLABSEQ   240 82321  0.000000E+00  0.000000E+00
SLABSEQ   240 82521  0.000000E+00  0.000000E+00
SLABSEQ   240 82561  0.000000E+00  0.000000E+00
SLABSEQ   240 82641  0.000000E+00  0.000000E+00
SLABSEQ   240 82601  0.000000E+00  0.000000E+00
SLABSEQ   240 82721  0.000000E+00  0.000000E+00
SLABSEQ   240 82681  0.000000E+00  0.000000E+00
SLABSEQ   240 82761  0.000000E+00  0.000000E+00
SLABSEQ   240 82801  0.000000E+00  0.000000E+00
SLABSEQ   240 82841  0.000000E+00  0.000000E+00
SLABSEQ   240 82881  0.000000E+00  0.000000E+00
SLABSEQ   240 82921  0.000000E+00  0.000000E+00
SLABSEQ   240 82961  0.000000E+00  0.000000E+00
SLABSEQ   240 83001  0.000000E+00  0.000000E+00
SLABSEQ   240 83041  0.000000E+00  0.000000E+00
SLABSEQ   240 83081  0.000000E+00  0.000000E+00
SLABSEQ   240 83121  0.000000E+00  0.000000E+00
SLABSEQ   240 83201  0.000000E+00  0.000000E+00
SLABSEQ   240 83241  0.000000E+00  0.000000E+00
SLABSEQ   240 83161  0.000000E+00  0.000000E+00
SLABSEQ   240 83281  0.000000E+00  0.000000E+00
SLABSEQ   240 83321  0.000000E+00  0.000000E+00
SLABSEQ   240 83361  0.000000E+00  0.000000E+00
SLABSEQ   240 83401  0.000000E+00  0.000000E+00
SLABSEQ   240 83481  0.000000E+00  0.000000E+00
SLABSEQ   240 83521  0.000000E+00  0.000000E+00
SLABSEQ   240 83561  0.000000E+00  0.000000E+00
SLABSEQ   240 83441  0.000000E+00  0.000000E+00
SLABSEQ   240 83601  0.000000E+00  0.000000E+00
SLABSEQ   240 83641  0.000000E+00  0.000000E+00
SLABSEQ   240 83681  0.000000E+00  0.000000E+00
SLABSEQ   240 83721  0.000000E+00  0.000000E+00
SLABSEQ   240 83761  0.000000E+00  0.000000E+00
SLABSEQ   240 83801  0.000000E+00  0.000000E+00
SLABSEQ   240 83841  0.000000E+00  0.000000E+00
SLABSEQ   240 83881  0.000000E+00  0.000000E+00
SLABSEQ   240 83921  0.000000E+00  0.000000E+00
SLABSEQ   240 83961  0.000000E+00  0.000000E+00
SLABSEQ   240 84001  0.000000E+00  0.000000E+00
SLABSEQ   240 84081  0.000000E+00  0.000000E+00
SLABSEQ   240 84041  0.000000E+00  0.000000E+00
SLABSEQ   240 84121  0.000000E+00  0.000000E+00
SLABSEQ   240 84161  0.000000E+00  0.000000E+00
SLABSEQ   240 84201  0.000000E+00  0.000000E+00
SLABSEQ   240 84241  0.000000E+00  0.000000E+00
SLABSEQ   240 84281  0.000000E+00  0.000000E+00
SLABSEQ   240 84321  0.000000E+00  0.000000E+00
SLABSEQ   240 84361  0.000000E+00  0.000000E+00
SLABSEQ   240 84441  0.000000E+00  0.000000E+00
SLABSEQ   240 84401  0.000000E+00  0.000000E+00
SLABSEQ   240 84481  0.000000E+00  0.000000E+00
SLABSEQ   240 84521  0.000000E+00  0.000000E+00
SLABSEQ   240 84561  0.000000E+00  0.000000E+00
SLABSEQ   240 84601  0.000000E+00  0.000000E+00
SLABSEQ   240 84681  0.000000E+00  0.000000E+00
SLABSEQ   240 84641  0.000000E+00  0.000000E+00
SLABSEQ   240 84761  0.000000E+00  0.000000E+00
SLABSEQ   240 84721  0.000000E+00  0.000000E+00
SLABSEQ   240 84801  0.000000E+00  0.000000E+00
SLABSEQ   240 84841  0.000000E+00  0.000000E+00
SLABSEQ   240 84881  0.000000E+00  0.000000E+00
SLABSEQ   240 84921  0.000000E+00  0.000000E+00
SLABSEQ   240 84961  0.000000E+00  0.000000E+00
SLABSEQ   240 85041  0.000000E+00  0.000000E+00
SLABSEQ   240 85001  0.000000E+00  0.000000E+00
SLABSEQ   240 85121  0.000000E+00  0.000000E+00
SLABSEQ   240 85081  0.000000E+00  0.000000E+00
SLABSEQ   240 85161  0.000000E+00  0.000000E+00
SLABSEQ   240 85201  0.000000E+00  0.000000E+00
SLABSEQ   240 85241  0.000000E+00  0.000000E+00
SLABSEQ   240 85281  0.000000E+00  0.000000E+00
SLABSEQ   240 85321  0.000000E+00  0.000000E+00
SLABSEQ   240 85401  0.000000E+00  0.000000E+00
SLABSEQ   240 85361  0.000000E+00  0.000000E+00
SLABSEQ   240 85441  0.000000E+00  0.000000E+00
SLABSEQ   240 85521  0.000000E+00  0.000000E+00
SLABSEQ   240 85561  0.000000E+00  0.000000E+00
SLABSEQ   240 85481  0.000000E+00  0.000000E+00
SLABSEQ   240 85601  0.000000E+00  0.000000E+00
SLABSEQ   240 85641  0.000000E+00  0.000000E+00
SLABSEQ   240 85681  0.000000E+00  0.000000E+00
SLABSEQ   240 85721  0.000000E+00  0.000000E+00
SLABSEQ   240 85761  0.000000E+00  0.000000E+00
SLABSEQ   240 85801  0.000000E+00  0.000000E+00
SLABSEQ   240 85921  0.000000E+00  0.000000E+00
SLABSEQ   240 85881  0.000000E+00  0.000000E+00
SLABSEQ   240 86041  0.000000E+00  0.000000E+00
SLABSEQ   240 85961  0.000000E+00  0.000000E+00
SLABSEQ   240 86001  0.000000E+00  0.000000E+00
SLABSEQ   240 86121  0.000000E+00  0.000000E+00
SLABSEQ   240 86081  0.000000E+00  0.000000E+00
SLABSEQ   240 86161  0.000000E+00  0.000000E+00
SLABSEQ   240 85841  0.000000E+00  0.000000E+00
SLABSEQ   240 86201  0.000000E+00  0.000000E+00
SLABSEQ   240 86241  0.000000E+00  0.000000E+00
SLABSEQ   240 86281  0.000000E+00  0.000000E+00
SLABSEQ   240 86321  0.000000E+00  0.000000E+00
SLABSEQ   240 86361  0.000000E+00  0.000000E+00
SLABSEQ   240 86401  0.000000E+00  0.000000E+00
SLABSEQ   240 86441  0.000000E+00  0.000000E+00
SLABSEQ   240 86481  0.000000E+00  0.000000E+00
SLABSEQ   240 86521  0.000000E+00  0.000000E+00
SLABSEQ   240 86561  0.000000E+00  0.000000E+00
SLABSEQ   240 86601  0.000000E+00  0.000000E+00
SLABSEQ   240 86641  0.000000E+00  0.000000E+00
SLABSEQ   240 86721  0.000000E+00  0.000000E+00
SLABSEQ   240 86681  0.000000E+00  0.000000E+00
SLABSEQ   240 86761  0.000000E+00  0.000000E+00
SLABSEQ   240 86801  0.000000E+00  0.000000E+00
SLABSEQ   240 86841  0.000000E+00  0.000000E+00
SLABSEQ   240 86881  0.000000E+00  0.000000E+00
SLABSEQ   240 86921  0.000000E+00  0.000000E+00
SLABSEQ   240 87001  0.000000E+00  0.000000E+00
SLABSEQ   240 86961  0.000000E+00  0.000000E+00
SLABSEQ   240 87041  0.000000E+00  0.000000E+00
SLABSEQ   240 87081  0.000000E+00  0.000000E+00
SLABSEQ   240 87161  0.000000E+00  0.000000E+00
SLABSEQ   240 87121  0.000000E+00  0.000000E+00
SLABSEQ   240 87241  0.000000E+00  0.000000E+00
SLABSEQ   240 87201  0.000000E+00  0.000000E+00
SLABSEQ   240 87281  0.000000E+00  0.000000E+00
SLABSEQ   240 87321  0.000000E+00  0.000000E+00
SLABSEQ   240 87361  0.000000E+00  0.000000E+00
SLABSEQ   240 87401  0.000000E+00  0.000000E+00
SLABSEQ   240 87481  0.000000E+00  0.000000E+00
SLABSEQ   240 87441  0.000000E+00  0.000000E+00
SLABSEQ   240 87521  0.000000E+00  0.000000E+00
SLABSEQ   240 87561  0.000000E+00  0.000000E+00
SLABSEQ   240 87601  0.000000E+00  0.000000E+00
SLABSEQ   240 87641  0.000000E+00  0.000000E+00
SLABSEQ   240 87681  0.000000E+00  0.000000E+00
SLABSEQ   240 87721  0.000000E+00  0.000000E+00
SLABSEQ   240 87761  0.000000E+00  0.000000E+00
SLABSEQ   240 87841  0.000000E+00  0.000000E+00
SLABSEQ   240 87801  0.000000E+00  0.000000E+00
SLABSEQ   240 87881  0.000000E+00  0.000000E+00
SLABSEQ   240 87961  0.000000E+00  0.000000E+00
SLABSEQ   240 87921  0.000000E+00  0.000000E+00
SLABSEQ   240 88001  0.000000E+00  0.000000E+00
SLABSEQ   240 88041  0.000000E+00  0.000000E+00
SLABSEQ   240 88081  0.000000E+00  0.000000E+00
SLABSEQ   240 88121  0.000000E+00  0.000000E+00
SLABSEQ   240 88161  0.000000E+00  0.000000E+00
SLABSEQ   240 88241  0.000000E+00  0.000000E+00
SLABSEQ   240 88201  0.000000E+00  0.000000E+00
SLABSEQ   240 88281  0.000000E+00  0.000000E+00
SLABSEQ   240 88321  0.000000E+00  0.000000E+00
SLABSEQ   240 88361  0.000000E+00  0.000000E+00
SLABSEQ   240 88401  0.000000E+00  0.000000E+00
SLABSEQ   240 88441  0.000000E+00  0.000000E+00
SLABSEQ   240 88521  0.000000E+00  0.000000E+00
SLABSEQ   240 88481  0.000000E+00  0.000000E+00
SLABSEQ   240 88641  0.000000E+00  0.000000E+00
SLABSEQ   240 88601  0.000000E+00  0.000000E+00
SLABSEQ   240 88721  0.000000E+00  0.000000E+00
SLABSEQ   240 88681  0.000000E+00  0.000000E+00
SLABSEQ   240 88561  0.000000E+00  0.000000E+00
SLABSEQ   240 88761  0.000000E+00  0.000000E+00
SLABSEQ   240 88801  0.000000E+00  0.000000E+00
SLABSEQ   240 88841  0.000000E+00  0.000000E+00
SLABSEQ   240 88881  0.000000E+00  0.000000E+00
SLABSEQ   240 88921  0.000000E+00  0.000000E+00
SLABSEQ   240 88961  0.000000E+00  0.000000E+00
SLABSEQ   240 89041  0.000000E+00  0.000000E+00
SLABSEQ   240 89001  0.000000E+00  0.000000E+00
SLABSEQ   240 89081  0.000000E+00  0.000000E+00
SLABSEQ   240 89121  0.000000E+00  0.000000E+00
SLABSEQ   240 89161  0.000000E+00  0.000000E+00
SLABSEQ   240 89201  0.000000E+00  0.000000E+00
SLABSEQ   240 89281  0.000000E+00  0.000000E+00
SLABSEQ   240 89241  0.000000E+00  0.000000E+00
SLABSEQ   240 89321  0.000000E+00  0.000000E+00
SLABSEQ   240 89361  0.000000E+00  0.000000E+00
SLABSEQ   240 89401  0.000000E+00  0.000000E+00
SLABSEQ   240 89441  0.000000E+00  0.000000E+00
SLABSEQ   240 89481  0.000000E+00  0.000000E+00
SLABSEQ   240 89561  0.000000E+00  0.000000E+00
SLABSEQ   240 89521  0.000000E+00  0.000000E+00
SLABSEQ   240 89601  0.000000E+00  0.000000E+00
SLABSEQ   240 89641  0.000000E+00  0.000000E+00
SLABSEQ   240 89721  0.000000E+00  0.000000E+00
SLABSEQ   240 89681  0.000000E+00  0.000000E+00
SLABSEQ   240 89801  0.000000E+00  0.000000E+00
SLABSEQ   240 89761  0.000000E+00  0.000000E+00
SLABSEQ   240 89841  0.000000E+00  0.000000E+00
SLABSEQ   240 89881  0.000000E+00  0.000000E+00
SLABSEQ   240 89921  0.000000E+00  0.000000E+00
SLABSEQ   240 89961  0.000000E+00  0.000000E+00
SLABSEQ   240 90001  0.000000E+00  0.000000E+00
SLABSEQ   240 90041  0.000000E+00  0.000000E+00
SLABSEQ   240 90121  0.000000E+00  0.000000E+00
SLABSEQ   240 90081  0.000000E+00  0.000000E+00
SLABSEQ   240 90161  0.000000E+00  0.000000E+00
SLABSEQ   240 90241  0.000000E+00  0.000000E+00
SLABSEQ   240 90201  0.000000E+00  0.000000E+00
SLABSEQ   240 90281  0.000000E+00  0.000000E+00
SLABSEQ   240 90321  0.000000E+00  0.000000E+00
SLABSEQ   240 90361  0.000000E+00  0.000000E+00
SLABSEQ   240 90401  0.000000E+00  0.000000E+00
SLABSEQ   240 90481  0.000000E+00  0.000000E+00
SLABSEQ   240 90441  0.000000E+00  0.000000E+00
SLABSEQ   240 90521  0.000000E+00  0.000000E+00
SLABSEQ   240 90561  0.000000E+00  0.000000E+00
SLABSEQ   240 90601  0.000000E+00  0.000000E+00
SLABSEQ   240 90641  0.000000E+00  0.000000E+00
SLABSEQ   240 90681  0.000000E+00  0.000000E+00
SLABSEQ   240 90721  0.000000E+00  0.000000E+00
SLABSEQ   240 90761  0.000000E+00  0.000000E+00
SLABSEQ   240 90801  0.000000E+00  0.000000E+00
SLABSEQ   240 90841  0.000000E+00  0.000000E+00
SLABSEQ   240 90881  0.000000E+00  0.000000E+00
SLABSEQ   240 90921  0.000000E+00  0.000000E+00
SLABSEQ   240 91001  0.000000E+00  0.000000E+00
SLABSEQ   240 91041  0.000000E+00  0.000000E+00
SLABSEQ   240 91081  0.000000E+00  0.000000E+00
SLABSEQ   240 90961  0.000000E+00  0.000000E+00
SLABSEQ   240 91161  0.000000E+00  0.000000E+00
SLABSEQ   240 91201  0.000000E+00  0.000000E+00
SLABSEQ   240 91121  0.000000E+00  0.000000E+00
SLABSEQ   240 91241  0.000000E+00  0.000000E+00
SLABSEQ   240 91281  0.000000E+00  0.000000E+00
SLABSEQ   240 91321  0.000000E+00  0.000000E+00
SLABSEQ   240 91361  0.000000E+00  0.000000E+00
SLABSEQ   240 91401  0.000000E+00  0.000000E+00
SLABSEQ   240 91441  0.000000E+00  0.000000E+00
SLABSEQ   240 91481  0.000000E+00  0.000000E+00
SLABSEQ   240 91521  0.000000E+00  0.000000E+00
SLABSEQ   240 91601  0.000000E+00  0.000000E+00
SLABSEQ   240 91561  0.000000E+00  0.000000E+00
SLABSEQ   240 91681  0.000000E+00  0.000000E+00
SLABSEQ   240 91641  0.000000E+00  0.000000E+00
SLABSEQ   240 91721  0.000000E+00  0.000000E+00
SLABSEQ   240 91761  0.000000E+00  0.000000E+00
SLABSEQ   240 91801  0.000000E+00  0.000000E+00
SLABSEQ   240 91841  0.000000E+00  0.000000E+00
SLABSEQ   240 91921  0.000000E+00  0.000000E+00
SLABSEQ   240 91881  0.000000E+00  0.000000E+00
SLABSEQ   240 92041  0.000000E+00  0.000000E+00
SLABSEQ   240 92001  0.000000E+00  0.000000E+00
SLABSEQ   240 91961  0.000000E+00  0.000000E+00
SLABSEQ   240 92121  0.000000E+00  0.000000E+00
SLABSEQ   240 92081  0.000000E+00  0.000000E+00
SLABSEQ   240 92161  0.000000E+00  0.000000E+00
SLABSEQ   240 92201  0.000000E+00  0.000000E+00
SLABSEQ   240 92241  0.000000E+00  0.000000E+00
SLABSEQ   240 92281  0.000000E+00  0.000000E+00
SLABSEQ   240 92321  0.000000E+00  0.000000E+00
SLABSEQ   240 92361  0.000000E+00  0.000000E+00
SLABSEQ   240 92401  0.000000E+00  0.000000E+00
SLABSEQ   240 92441  0.000000E+00  0.000000E+00
SLABSEQ   240 92521  0.000000E+00  0.000000E+00
SLABSEQ   240 92481  0.000000E+00  0.000000E+00
SLABSEQ   240 92601  0.000000E+00  0.000000E+00
SLABSEQ   240 92561  0.000000E+00  0.000000E+00
SLABSEQ   240 92641  0.000000E+00  0.000000E+00
SLABSEQ   240 92681  0.000000E+00  0.000000E+00
SLABSEQ   240 92721  0.000000E+00  0.000000E+00
SLABSEQ   240 92761  0.000000E+00  0.000000E+00
SLABSEQ   240 92801  0.000000E+00  0.000000E+00
SLABSEQ   240 92841  0.000000E+00  0.000000E+00
SLABSEQ   240 92921  0.000000E+00  0.000000E+00
SLABSEQ   240 93001  0.000000E+00  0.000000E+00
SLABSEQ   240 92961  0.000000E+00  0.000000E+00
SLABSEQ   240 92881  0.000000E+00  0.000000E+00
SLABSEQ   240 93041  0.000000E+00  0.000000E+00
SLABSEQ   240 93081  0.000000E+00  0.000000E+00
SLABSEQ   240 93121  0.000000E+00  0.000000E+00
SLABSEQ   240 93161  0.000000E+00  0.000000E+00
SLABSEQ   240 93201  0.000000E+00  0.000000E+00
SLABSEQ   240 93241  0.000000E+00  0.000000E+00
SLABSEQ   240 93281  0.000000E+00  0.000000E+00
SLABSEQ   240 93321  0.000000E+00  0.000000E+00
SLABSEQ   240 93361  0.000000E+00  0.000000E+00
SLABSEQ   240 93401  0.000000E+00  0.000000E+00
SLABSEQ   240 93441  0.000000E+00  0.000000E+00
SLABSEQ   240 93481  0.000000E+00  0.000000E+00
SLABSEQ   240 93561  0.000000E+00  0.000000E+00
SLABSEQ   240 93601  0.000000E+00  0.000000E+00
SLABSEQ   240 93521  0.000000E+00  0.000000E+00
SLABSEQ   240 93641  0.000000E+00  0.000000E+00
SLABSEQ   240 93721  0.000000E+00  0.000000E+00
SLABSEQ   240 93681  0.000000E+00  0.000000E+00
SLABSEQ   240 93761  0.000000E+00  0.000000E+00
SLABSEQ   240 93801  0.000000E+00  0.000000E+00
SLABSEQ   240 93841  0.000000E+00  0.000000E+00
SLABSEQ   240 93881  0.000000E+00  0.000000E+00
SLABSEQ   240 93921  0.000000E+00  0.000000E+00
SLABSEQ   240 93961  0.000000E+00  0.000000E+00
SLABSEQ   240 94001  0.000000E+00  0.000000E+00
SLABSEQ   240 94041  0.000000E+00  0.000000E+00
SLABSEQ   240 94081  0.000000E+00  0.000000E+00
SLABSEQ   240 94161  0.000000E+00  0.000000E+00
SLABSEQ   240 94121  0.000000E+00  0.000000E+00
SLABSEQ   240 94241  0.000000E+00  0.000000E+00
SLABSEQ   240 94321  0.000000E+00  0.000000E+00
SLABSEQ   240 94281  0.000000E+00  0.000000E+00
SLABSEQ   240 94401  0.000000E+00  0.000000E+00
SLABSEQ   240 94201  0.000000E+00  0.000000E+00
SLABSEQ   240 94361  0.000000E+00  0.000000E+00
SLABSEQ   240 94441  0.000000E+00  0.000000E+00
SLABSEQ   240 94481  0.000000E+00  0.000000E+00
SLABSEQ   240 94521  0.000000E+00  0.000000E+00
SLABSEQ   240 94561  0.000000E+00  0.000000E+00
SLABSEQ   240 94601  0.000000E+00  0.000000E+00
SLABSEQ   240 94681  0.000000E+00  0.000000E+00
SLABSEQ   240 94641  0.000000E+00  0.000000E+00
SLABSEQ   240 94721  0.000000E+00  0.000000E+00
SLABSEQ   240 94761  0.000000E+00  0.000000E+00
SLABSEQ   240 94801  0.000000E+00  0.000000E+00
SLABSEQ   240 94841  0.000000E+00  0.000000E+00
SLABSEQ   240 94921  0.000000E+00  0.000000E+00
SLABSEQ   240 94881  0.000000E+00  0.000000E+00
SLABSEQ   240 95001  0.000000E+00  0.000000E+00
SLABSEQ   240 94961  0.000000E+00  0.000000E+00
SLABSEQ   240 95081  0.000000E+00  0.000000E+00
SLABSEQ   240 95161  0.000000E+00  0.000000E+00
SLABSEQ   240 95121  0.000000E+00  0.000000E+00
SLABSEQ   240 95041  0.000000E+00  0.000000E+00
SLABSEQ   240 95201  0.000000E+00  0.000000E+00
SLABSEQ   240 95241  0.000000E+00  0.000000E+00
SLABSEQ   240 95281  0.000000E+00  0.000000E+00
SLABSEQ   240 95361  0.000000E+00  0.000000E+00
 EC_MEMINFO@RNSORT: MINCID, MAXCID, NUMNODES =  4 124 1
## EC_MEMINFO                           | TC    | MEMORY USED(MB) | MEMORY FREE(MB)  -------------   INCLUDING CACHED|  %USED %HUGE  | Energy  Power LoadAvg
## EC_MEMINFO                           | Malloc| Inc Heap        | Numa region  0 | Numa region  1 |                |               |    (J)    (W)
## EC_MEMINFO Node Name                 | Heap  | RSS(sum)        | Small  Huge or | Small  Huge or | Total          |
## EC_MEMINFO                           | (sum) | Small    Huge   |  Only   Small  |  Only   Small  | Memfree+Cached |
## EC_MEMINFO    0 ubuntu                     0    3260    5000     16556   33522     4595      42     56172  162765      1.4   0.0         0      0   60.10  Hg/p:ec_mpi_finalize:mpl_end
## EC_MEMINFO 
## EC_MEMINFO 
## EC_MEMINFO  Total energy consumed :        0.000 kWh (0 J)
## EC_MEMINFO  Avg. power / node     : 0 W across 1 nodes
## EC_MEMINFO 
## EC_MEMINFO 
## EC_MEMINFO Detailed memory information for program /home/qixiang/yangjinhui/openifs/build_offline/bin/osmMASTER -- wall-time :      0.022s
## EC_MEMINFO Running on 1 nodes (2-numa) with 1 compute + 0 I/O-tasks and 64+0 threads at 14:31:57.843 on 25-Aug-2026
## EC_MEMINFO The Job Name is  and the Job ID is 
## EC_MEMINFO 
SLABSEQ   240 95321  0.000000E+00  0.000000E+00
SLABSEQ   240 95441  0.000000E+00  0.000000E+00
SLABSEQ   240 95401  0.000000E+00  0.000000E+00
SLABSEQ   240 95481  0.000000E+00  0.000000E+00
SLABSEQ   240 95561  0.000000E+00  0.000000E+00
SLABSEQ   240 95681  0.000000E+00  0.000000E+00
SLABSEQ   240 95601  0.000000E+00  0.000000E+00
SLABSEQ   240 95761  0.000000E+00  0.000000E+00
SLABSEQ   240 95521  0.000000E+00  0.000000E+00
SLABSEQ   240 95801  0.000000E+00  0.000000E+00
SLABSEQ   240 95641  0.000000E+00  0.000000E+00
SLABSEQ   240 95841  0.000000E+00  0.000000E+00
SLABSEQ   240 95921  0.000000E+00  0.000000E+00
SLABSEQ   240 95881  0.000000E+00  0.000000E+00
SLABSEQ   240 95961  0.000000E+00  0.000000E+00
SLABSEQ   240 96001  0.000000E+00  0.000000E+00
SLABSEQ   240 95721  0.000000E+00  0.000000E+00
SLABSEQ   240 96041  0.000000E+00  0.000000E+00
SLABSEQ   240 96081  0.000000E+00  0.000000E+00
SLABSEQ   240 96121  0.000000E+00  0.000000E+00
SLABSEQ   240 96201  0.000000E+00  0.000000E+00
SLABSEQ   240 96161  0.000000E+00  0.000000E+00
SLABSEQ   240 96241  0.000000E+00  0.000000E+00
SLABSEQ   240 96281  0.000000E+00  0.000000E+00
SLABSEQ   240 96321  0.000000E+00  0.000000E+00
SLABSEQ   240 96361  0.000000E+00  0.000000E+00
SLABSEQ   240 96401  0.000000E+00  0.000000E+00
SLABSEQ   240 96441  0.000000E+00  0.000000E+00
SLABSEQ   240 96481  0.000000E+00  0.000000E+00
SLABSEQ   240 96521  0.000000E+00  0.000000E+00
SLABSEQ   240 96641  0.000000E+00  0.000000E+00
SLABSEQ   240 96561  0.000000E+00  0.000000E+00
SLABSEQ   240 96721  0.000000E+00  0.000000E+00
SLABSEQ   240 97681  0.000000E+00  0.000000E+00
SLABSEQ   240 96681  0.000000E+00  0.000000E+00
SLABSEQ   240 96601  0.000000E+00  0.000000E+00
SLABSEQ   240 96921  0.000000E+00  0.000000E+00
SLABSEQ   240 96801  0.000000E+00  0.000000E+00
SLABSEQ   240 96841  0.000000E+00  0.000000E+00
SLABSEQ   240 96881  0.000000E+00  0.000000E+00
SLABSEQ   240 97641  0.000000E+00  0.000000E+00
SLABSEQ   240 97441  0.000000E+00  0.000000E+00
SLABSEQ   240 97361  0.000000E+00  0.000000E+00
SLABSEQ   240 96961  0.000000E+00  0.000000E+00
SLABSEQ   240 97601  0.000000E+00  0.000000E+00
SLABSEQ   240 97521  0.000000E+00  0.000000E+00
SLABSEQ   240 97561  0.000000E+00  0.000000E+00
SLABSEQ   240 97481  0.000000E+00  0.000000E+00
SLABSEQ   240 96761  0.000000E+00  0.000000E+00
SLABSEQ   240 97041  0.000000E+00  0.000000E+00
SLABSEQ   240 97281  0.000000E+00  0.000000E+00
SLABSEQ   240 97161  0.000000E+00  0.000000E+00
SLABSEQ   240 97201  0.000000E+00  0.000000E+00
SLABSEQ   240 97241  0.000000E+00  0.000000E+00
SLABSEQ   240 97401  0.000000E+00  0.000000E+00
SLABSEQ   240 97321  0.000000E+00  0.000000E+00
SLABSEQ   240 97081  0.000000E+00  0.000000E+00
SLABSEQ   240 97121  0.000000E+00  0.000000E+00
SLABSEQ   240 97001  0.000000E+00  0.000000E+00
 WRTD2CDF
STEP=       240 WALs   0.471
CNT41S: Time step loop in:   69.359
FORECAST DAYS PER DAY    37370.8
 END CNT31S
MASTER1s: Time total:       74.045
